date,close,log_close,log_return
2011-09-29,100.97000122070312,4.614823455105991,
2011-09-30,98.70999908447266,4.592186249154877,-0.022637205951113515
2011-10-03,97.75,4.582413198865475,-0.009773050289402008
2011-10-04,100.91999816894533,4.614328105629231,0.03191490676375608
2011-10-05,102.75,4.632298853376344,0.017970747747113158
2011-10-06,102.25,4.627420794922911,-0.004878058453432921
2011-10-07,101.4800033569336,4.6198617678108365,-0.007559027112074901
2011-10-10,103.33999633789062,4.638024487421556,0.01816271961071969
2011-10-11,103.47000122070312,4.639281727414512,0.0012572399929560163
2011-10-12,100.51000213623048,4.610257246290558,-0.029024481123953727
2011-10-13,101.55999755859376,4.620649732797424,0.010392486506865417
2011-10-14,101.94000244140624,4.6243844288613385,0.003734696063914633
2011-10-17,100.36000061035156,4.608763727579843,-0.015620701281495286
2011-10-18,100.18000030517578,4.606968570975745,-0.0017951566040981248
2011-10-19,99.72000122070312,4.602366270896664,-0.004602300079080912
2011-10-20,96.86000061035156,4.573266643276462,-0.029099627620202462
2011-10-21,97.0999984741211,4.57574135958277,0.0024747163063079114
2011-10-24,97.94000244140624,4.584355071201741,0.008613711618971287
2011-10-25,99.68000030517578,4.6019650581006974,0.017609986898956542
2011-10-26,100.31999969482422,4.608365073842587,0.006400015741889753
2011-10-27,104.31999969482422,4.647463095252961,0.039098021410373995
2011-10-28,104.37000274658205,4.647942304147779,0.00047920889481822826
2011-10-31,102.29000091552734,4.627811925419227,-0.0201303787285525
2011-11-01,99.54000091552734,4.600559582627991,-0.027252342791236117
2011-11-02,98.33999633789062,4.588430824744527,-0.012128757883464125
2011-11-03,98.12000274658205,4.586191247382359,-0.0022395773621672888
2011-11-04,98.73999786376952,4.592490111195812,0.006298863813452904
2011-11-07,96.76000213623048,4.572233707819446,-0.020256403376365917
2011-11-08,97.62000274658205,4.581082418594445,0.00884871077499838
2011-11-09,97.18000030517578,4.576564932118072,-0.004517486476372845
2011-11-10,99.5,4.600157644164547,0.02359271204647495
2011-11-11,99.23999786376952,4.597541137297698,-0.002616506866848667
2011-11-14,100.79000091552734,4.6130391534503,0.015498016152601934
2011-11-15,102.66000366210938,4.63142259280437,0.01838343935406961
2011-11-16,103.5,4.639571612705423,0.008149019901053656
2011-11-17,99.5,4.600157644164547,-0.03941396854087653
2011-11-18,94.80999755859376,4.5518748631793535,-0.04828278098519334
2011-11-21,90.80999755859376,4.508769384816963,-0.043105478362390315
2011-11-22,89.94999694824219,4.499253926469273,-0.009515458347689965
2011-11-23,90.70999908447266,4.507667594533949,0.008413668064675583
2011-11-25,90.81999969482422,4.508879522309578,0.0012119277756292846
2011-11-28,91.3000030517578,4.5141508210265275,0.005271298716949424
2011-11-29,92.69000244140624,4.5292606182272195,0.015109797200691943
2011-11-30,90.30999755859376,4.503248169229087,-0.026012448998132598
2011-12-01,90.6999969482422,4.5075573234743675,0.004309154245280666
2011-12-02,91.3499984741211,4.5146982661203605,0.007140942645992965
2011-12-05,91.51000213623048,4.516448279271517,0.0017500131511560824
2011-12-06,93.30999755859376,4.5359272570814655,0.019478977809948894
2011-12-07,91.5999984741211,4.517431255022018,-0.01849600205944757
2011-12-08,92.0500030517578,4.522331940832348,0.00490068581033043
2011-12-09,90.43000030517578,4.504576074127107,-0.017755866705241097
2011-12-12,87.16000366210938,4.467745552092358,-0.0368305220347489
2011-12-13,87.30999755859375,4.469464975860212,0.0017194237678532787
2011-12-14,85.12000274658203,4.44406205786051,-0.025402917999701735
2011-12-15,86.29000091552734,4.4577137271301055,0.013651669269595601
2011-12-16,86.29000091552734,4.4577137271301055,0.0
2011-12-19,87.08999633789062,4.466942024654935,0.009228297524829898
2011-12-20,86.80000305175781,4.463606656824804,-0.0033353678301315526
2011-12-21,86.83999633789062,4.464067302839323,0.0004606460145195612
2011-12-22,87.23999786376953,4.468662916846605,0.00459561400728159
2011-12-23,87.23999786376953,4.468662916846605,0.0
2011-12-27,87.91000366210938,4.47631360552057,0.0076506886739649005
2011-12-28,90.68000030517578,4.507336829004743,0.031023223484172746
2011-12-29,91.62999725341795,4.517758699002418,0.010421869997675692
2011-12-30,91.8000030517578,4.519612330869993,0.001853631867574812
2012-01-03,95.8000030517578,4.562262716832324,0.04265038596233062
2012-01-04,95.91999816894533,4.5635144916298644,0.0012517747975406834
2012-01-05,94.73999786376952,4.5511362749472575,-0.012378216682606968
2012-01-06,95.86000061035156,4.562888800098599,0.011752525151341509
2012-01-09,96.44000244140624,4.568921078628256,0.0060322785296573755
2012-01-10,96.95999908447266,4.574298512878684,0.005377434250427804
2012-01-11,96.87000274658205,4.573369901791571,-0.0009286110871133957
2012-01-12,95.69000244140624,4.561113825304874,-0.012256076486696799
2012-01-13,95.47000122070312,4.55881207479619,-0.002301750508683753
2012-01-17,98.19000244140624,4.586904402045301,0.028092327249110483
2012-01-18,97.52999877929688,4.5801600104677425,-0.00674439157755824
2012-01-19,98.16999816894533,4.586700651052554,0.006540640584811186
2012-01-20,98.5999984741211,4.591071246133144,0.004370595080590789
2012-01-23,99.37000274658205,4.598850284883223,0.007779038750078904
2012-01-24,98.18000030517578,4.586802531738236,-0.012047753144987183
2012-01-25,96.91999816894533,4.573885877055891,-0.012916654682345374
2012-01-26,95.58999633789062,4.56006817376508,-0.01381770329081089
2012-01-27,95.61000061035156,4.560277423481118,0.0002092497160379736
2012-01-30,94.1500015258789,4.544889271310054,-0.015388152171063929
2012-01-31,93.25,4.535284058523925,-0.009605212786128803
2012-02-01,93.38999938964844,4.536784266586113,0.0015002080621879799
2012-02-02,94.20999908447266,4.545526323342634,0.008742056756521066
2012-02-03,96.33999633789062,4.567883563189729,0.02235723984709459
2012-02-06,96.30999755859376,4.567572130223315,-0.0003114329664137827
2012-02-07,94.56999969482422,4.549340297800438,-0.018231832422877403
2012-02-08,93.62000274658205,4.5392440652094805,-0.010096232590957044
2012-02-09,90.37999725341795,4.504022973593865,-0.035221091615615485
2012-02-10,90.61000061035156,4.506564588969998,0.002541615376133066
2012-02-13,91.5199966430664,4.516557490951706,0.009992901981707547
2012-02-14,92.25,4.524502282920636,0.007944791968930609
2012-02-15,92.5,4.52720864451838,0.002706361597743623
2012-02-16,92.4499969482422,4.526667924823314,-0.0005407196950661941
2012-02-17,91.4499969482422,4.515792341466095,-0.010875583357218943
2012-02-21,91.25,4.513602992462601,-0.002189349003494101
2012-02-22,88.56999969482422,4.4837931963759035,-0.029809796086697204
2012-02-23,87.4800033569336,4.471410234182293,-0.01238296219361068
2012-02-24,89.8499984741211,4.498141596247054,0.02673136206476112
2012-02-27,90.4000015258789,4.5042442842773225,0.006102688030268588
2012-02-28,91.66000366210938,4.518086119034167,0.013841834756844307
2012-02-29,89.86000061035156,4.498252910434264,-0.019833208599902896
2012-03-01,88.45999908447266,4.482550462090561,-0.015702448343702713
2012-03-02,87.45999908447266,4.47118153551682,-0.011368926573741334
2012-03-05,92.70999908447266,4.529476331743718,0.058294796226897816
2012-03-06,92.37000274658205,4.525802280339086,-0.0036740514046318395
2012-03-07,91.37999725341795,4.5150266060784165,-0.010775674260669277
2012-03-08,89.4800033569336,4.4940151741379495,-0.021011431940467062
2012-03-09,88.80000305175781,4.486386684364766,-0.007628489773183311
2012-03-12,88.0,4.477336814478207,-0.009049869886559314
2012-03-13,88.04000091552734,4.4777912670572535,0.00045445257904663805
2012-03-14,87.13999938964844,4.4675160136850325,-0.010275253372221016
2012-03-15,87.33999633789062,4.469808506128064,0.0022924924430318683
2012-03-16,87.4800033569336,4.471410234182293,0.001601728054228424
2012-03-19,89.08000183105469,4.489534862944338,0.018124628762045347
2012-03-20,87.9000015258789,4.476199822050391,-0.013335040893947436
2012-03-21,88.30999755859375,4.480853323834847,0.0046535017844560045
2012-03-22,89.58000183105469,4.495132101219594,0.014278777384747698
2012-03-23,89.62999725341797,4.495690054725713,0.0005579535061182028
2012-03-26,90.91000366210938,4.509870046416566,0.014179991690853377
2012-03-27,92.58999633789062,4.528181104908066,0.018311058491500276
2012-03-28,94.02999877929688,4.5436138673069255,0.015432762398859268
2012-03-29,93.54000091552734,4.53838916208529,-0.0052247052216358725
2012-03-30,93.5199966430664,4.538175281268457,-0.00021388081683237914
2012-04-02,93.12000274658205,4.533889013478209,-0.0042862677902482105
2012-04-03,92.63999938964844,4.528721007236261,-0.005168006241947687
2012-04-04,89.31999969482422,4.4922254235553005,-0.03649558368096084
2012-04-05,88.54000091552734,4.483454437644263,-0.008770985911037421
2012-04-09,89.4800033569336,4.4940151741379495,0.010560736493686385
2012-04-10,89.7300033569336,4.496805198721463,0.0027900245835130733
2012-04-11,91.37999725341795,4.5150266060784165,0.01822140735695399
2012-04-12,93.0,4.532599493153256,0.017572887074839727
2012-04-13,92.08000183105467,4.522657784299104,-0.009941708854152687
2012-04-16,88.08000183105469,4.478245513202965,-0.04441227109613877
2012-04-17,89.43000030517578,4.493456199770544,0.015210686567579401
2012-04-18,91.93000030517578,4.521027421195317,0.02757122142477275
2012-04-19,91.52999877929688,4.516666774060043,-0.004360647135274398
2012-04-20,90.04000091552734,4.500254026206538,-0.016412747853504328
2012-04-23,90.4000015258789,4.5042442842773225,0.003990258070784236
2012-04-24,89.36000061035156,4.4926731615912,-0.011571122686122592
2012-04-25,88.88999938964844,4.4873996433872145,-0.005273518203985361
2012-04-26,90.30999755859376,4.503248169229087,0.015848525841872352
2012-04-27,89.2300033569336,4.491217343533191,-0.012030825695895864
2012-04-30,87.25,4.468777561082536,-0.02243978245065481
2012-05-01,87.51000213623047,4.471753096959012,0.00297553587647581
2012-05-02,87.45999908447266,4.47118153551682,-0.00057156144219217
2012-05-03,87.23999786376953,4.468662916846605,-0.002518618670214856
2012-05-04,86.06999969482422,4.455160915115713,-0.013502001730891777
2012-05-07,84.83999633789062,4.440767086531589,-0.01439382858412408
2012-05-08,84.51000213623047,4.436869895834233,-0.0038971906973559456
2012-05-09,85.81999969482422,4.4522520760073805,0.015382180173147297
2012-05-10,81.81999969482422,4.4045217087714095,-0.047730367235971016
2012-05-11,78.97000122070312,4.369068048967298,-0.035453659804111304
2012-05-14,78.81999969482422,4.367166767895052,-0.001901281072246519
2012-05-15,79.16000366210938,4.371471166996483,0.004304399101431322
2012-05-16,76.97000122070312,4.343415751405693,-0.02805541559079039
2012-05-17,76.6500015258789,4.339249625224919,-0.004166126180773944
2012-05-18,77.98999786376953,4.356580585951325,0.017330960726406275
2012-05-21,77.5199966430664,4.350535924278413,-0.006044661672912177
2012-05-22,74.5199966430664,4.311067500685969,-0.03946842359244407
2012-05-23,71.51000213623047,4.269837329933475,-0.04123017075249358
2012-05-24,73.94000244140625,4.303253986527234,0.03341665659375881
2012-05-25,73.62000274658203,4.2989167652584275,-0.004337221268806424
2012-05-29,72.80000305175781,4.2877159971223895,-0.011200768136037986
2012-05-30,70.91000366210938,4.261411518960374,-0.02630447816201542
2012-05-31,71.55000305175781,4.27039654865456,0.008985029694185798
2012-06-01,68.58999633789062,4.228146698119927,-0.04224985053463293
2012-06-04,68.52999877929688,4.22727158778505,-0.0008751103348769718
2012-06-05,66.88999938964844,4.203049470005611,-0.024222117779438612
2012-06-06,69.88999938964844,4.246922568756006,0.04387309875039502
2012-06-07,73.88999938964844,4.3025774925402835,0.055654923784277166
2012-06-08,72.9000015258789,4.289088659945736,-0.013488832594547695
2012-06-11,75.08999633789062,4.31868734534219,0.029598685396454272
2012-06-12,75.56999969482422,4.325059374994309,0.006372029652118805
2012-06-13,75.08999633789062,4.31868734534219,-0.006372029652118805
2012-06-14,78.08999633789062,4.357861960778573,0.03917461543638279
2012-06-15,79.9800033569336,4.3817766453908344,0.02391468461226154
2012-06-18,82.9800033569336,4.418599655359452,0.03682300996861798
2012-06-19,87.9800033569336,4.477109554076217,0.05850989871676493
2012-06-20,83.16999816894531,4.420886683864788,-0.05622287021142913
2012-06-21,78.16999816894531,4.358885918808231,-0.06200076505655705
2012-06-22,74.16999816894531,4.306359731061198,-0.052526187747033326
2012-06-25,70.45999908447266,4.255045159919516,-0.05131457114168203
2012-06-26,68.30999755859375,4.224056133003657,-0.03098902691585881
2012-06-27,68.01000213623047,4.219654784598082,-0.004401348405575156
2012-06-28,70.30000305175781,4.252771842227114,0.033117057629032054
2012-06-29,72.16000366210938,4.27888592650422,0.02611408427710593
2012-07-02,72.1500015258789,4.278747306368582,-0.00013862013563770148
2012-07-03,72.75,4.287028906051602,0.008281599683019891
2012-07-05,70.91999816894531,4.261552455387413,-0.02547645066418891
2012-07-06,70.77999877929688,4.2595764576708754,-0.0019759977165376696
2012-07-09,70.83999633789062,4.260423761219129,0.0008473035482534641
2012-07-10,70.06999969482422,4.249494738027144,-0.010929023191985188
2012-07-11,70.63999938964844,4.257596547655393,0.00810180962824969
2012-07-12,69.36000061035156,4.239310341272049,-0.018286206383343995
2012-07-13,71.76000213623047,4.273327247519638,0.03401690624758835
2012-07-16,72.30000305175781,4.28082417137437,0.007496923854731996
2012-07-17,70.11000061035156,4.250065445924504,-0.03075872544986602
2012-07-18,71.0999984741211,4.26408731534817,0.014021869423666011
2012-07-19,71.79000091552734,4.273745203341245,0.00965788799307532
2012-07-20,72.05999755859375,4.27749907143976,0.0037538680985145234
2012-07-23,71.3499984741211,4.267597322537016,-0.009901748902743535
2012-07-24,70.29000091552734,4.252629554212815,-0.014967768324201103
2012-07-25,69.0999984741211,4.23555470869144,-0.017074845521374726
2012-07-26,70.68000030517578,4.258162651769206,0.022607943077765924
2012-07-27,70.7300033569336,4.258869858509139,0.000707206739932964
2012-07-30,70.62000274658203,4.25731342939265,-0.0015564291164889
2012-07-31,70.58000183105469,4.256746844190092,-0.0005665852025584783
2012-08-01,70.05999755859375,4.2493519829219775,-0.007394861268114283
2012-08-02,70.44000244140625,4.254761318287378,0.005409335365400558
2012-08-03,73.22000122070312,4.293468624363807,0.038707306076428694
2012-08-06,75.12000274658203,4.3190868714626,0.025618247098793567
2012-08-07,74.95999908447266,4.316954625716622,-0.0021322457459787003
2012-08-08,75.5,4.324132656254979,0.007178030538357305
2012-08-09,75.58999633789062,4.325323950857076,0.0011912946020968818
2012-08-10,72.9000015258789,4.289088659945736,-0.036235290911339924
2012-08-13,71.30000305175781,4.266896370221902,-0.022192289723833802
2012-08-14,71.58999633789062,4.270955348254169,0.004058978032267291
2012-08-15,72.70999908447266,4.286478914070474,0.015523565816304874
2012-08-16,72.37000274658203,4.281791886829978,-0.004687027240496633
2012-08-17,72.66000366210938,4.285791077193679,0.003999190363701111
2012-08-20,74.16999816894531,4.306359731061198,0.02056865386751916
2012-08-21,76.44999694824219,4.336636892456721,0.0302771613955235
2012-08-22,76.06999969482422,4.331653964997434,-0.00498292745928719
2012-08-23,75.9000015258789,4.32941670450539,-0.00223726049204398
2012-08-24,74.44999694824219,4.310127718139315,-0.019288986366075456
2012-08-27,75.33000183105469,4.321878486144715,0.01175076800539987
2012-08-28,74.79000091552734,4.314684198444883,-0.007194287699831214
2012-08-29,75.83000183105469,4.328494016859682,0.013809818414798336
2012-08-30,76.1500015258789,4.332705099378976,0.004211082519294251
2012-08-31,76.4800033569336,4.337029312636105,0.004324213257128839
2012-09-04,75.02999877929688,4.317888017288103,-0.019141295348001464
2012-09-05,74.88999938964844,4.316020362111302,-0.0018676551768015415
2012-09-06,75.58999633789062,4.325323950857076,0.009303588745773972
2012-09-07,75.72000122070312,4.327042342462399,0.0017183916053236103
2012-09-10,74.9800033569336,4.317221456078818,-0.00982088638358114
2012-09-11,74.27999877929688,4.307841720050699,-0.009379736028119368
2012-09-12,72.83000183105469,4.288127983371313,-0.01971373667938625
2012-09-13,72.94999694824219,4.2897742331352395,0.0016462497639269102
2012-09-14,75.38999938964844,4.322674632127688,0.032900398992448565
2012-09-17,74.52999877929688,4.311201712514921,-0.011472919612766752
2012-09-18,74.9800033569336,4.317221456078818,0.0060197435638968955
2012-09-19,74.87999725341797,4.315886795489554,-0.001334660589264125
2012-09-20,73.73999786376953,4.300545363836233,-0.015341431653321358
2012-09-21,72.0,4.276666119016055,-0.023879244820177448
2012-09-24,71.01000213623047,4.262820742277518,-0.01384537673853714
2012-09-25,70.80999755859375,4.260000199185413,-0.002820543092105332
2012-09-26,69.5199966430664,4.241614432669828,-0.018385766515584656
2012-09-27,70.02999877929688,4.24892370423628,0.0073092715664522245
2012-09-28,69.1500015258789,4.236278080176984,-0.0126456240592967
2012-10-01,69.70999908447266,4.244343766364936,0.008065686187952004
2012-10-02,70.30000305175781,4.252771842227114,0.008428075862178197
2012-10-03,70.54000091552734,4.2561799377867455,0.0034080955596316187
2012-10-04,70.4000015258789,4.254193284838413,-0.0019866529483323347
2012-10-05,69.80000305175781,4.245634053489784,-0.008559231348629126
2012-10-08,70.43000030517578,4.254619313090355,0.008985259600571283
2012-10-09,70.48999786376953,4.2554708254803435,0.0008515123899881516
2012-10-10,72.0999984741211,4.278054023127535,0.022583197647191078
2012-10-11,70.70999908447266,4.258586992668513,-0.01946703045902165
2012-10-12,71.36000061035156,4.2677374968248865,0.009150504156373529
2012-10-15,72.33999633789062,4.281377175900376,0.013639679075489575
2012-10-16,74.86000061035156,4.315619710629523,0.03424253472914707
2012-10-17,77.86000061035156,4.3549123500214,0.03929263939187688
2012-10-18,77.72000122070312,4.353112640215661,-0.0017997098057387362
2012-10-19,76.87999725341797,4.342245728936463,-0.010866911279197922
2012-10-22,76.93000030517578,4.342895921437772,0.0006501925013084886
2012-10-23,74.2699966430664,4.307707056482152,-0.03518886495561979
2012-10-24,72.66999816894531,4.2859286194317,-0.021778437050452126
2012-10-25,72.7300033569336,4.286754000322555,0.00082538089085471
2012-10-26,72.41999816894531,4.282482479053669,-0.004271521268885969
2012-10-31,70.06999969482422,4.249494738027144,-0.03298774102652491
2012-11-01,70.20999908447266,4.2514907379893145,0.0019959999621708135
2012-11-02,70.3499984741211,4.253482761870577,0.001992023881262739
2012-11-05,70.4000015258789,4.254193284838413,0.0007105229678359137
2012-11-06,70.0999984741211,4.24992277227337,-0.00427051256504285
2012-11-07,69.83000183105469,4.2460637430795485,-0.0038590291938218613
2012-11-08,69.26000213623047,4.237867569817915,-0.008196173261633355
2012-11-09,69.58000183105469,4.242477196039615,0.004609626221699692
2012-11-12,70.87999725341797,4.260988267547078,0.018511071507463228
2012-11-13,70.80999755859375,4.260000199185413,-0.0009880683616652064
2012-11-14,71.62999725341797,4.271513942282341,0.011513743096927875
2012-11-15,73.95999908447266,4.303524394140242,0.03201045185790097
2012-11-16,72.7300033569336,4.286754000322555,-0.01677039381768708
2012-11-19,72.05000305175781,4.277360364801641,-0.009393635520913435
2012-11-20,72.5,4.283586561860629,0.006226197058987637
2012-11-21,72.37999725341797,4.281929980188897,-0.0016565816717317716
2012-11-23,69.83000183105469,4.2460637430795485,-0.03586623710934855
2012-11-26,71.26000213623047,4.266335190155664,0.020271447076115834
2012-11-27,71.04000091552734,4.263243111571406,-0.0030920785842587506
2012-11-28,71.2300033569336,4.265914125118348,0.0026710135469425467
2012-11-29,71.75,4.273187854639731,0.007273729521382499
2012-11-30,72.6500015258789,4.285653411019442,0.012465556379711806
2012-12-03,72.93000030517578,4.289500081180645,0.0038466701612023257
2012-12-04,71.91000366210938,4.275415388040689,-0.01408469313995564
2012-12-05,72.04000091552734,4.277221533016353,0.0018061449756636705
2012-12-06,72.23999786376953,4.279993879537433,0.002772346521080493
2012-12-07,73.79000091552734,4.301223233477476,0.02122935394004255
2012-12-10,73.4000015258789,4.295923956409011,-0.005299277068465003
2012-12-11,74.9000015258789,4.316153910895388,0.020229954486377544
2012-12-12,75.12000274658203,4.3190868714626,0.0029329605672119285
2012-12-13,74.55999755859375,4.311604137633153,-0.007482733829447419
2012-12-14,75.08999633789062,4.31868734534219,0.007083207709037254
2012-12-17,75.8499984741211,4.328757685677482,0.010070340335292194
2012-12-18,75.94999694824219,4.330075188860638,0.0013175031831558215
2012-12-19,75.88999938964844,4.329284915373239,-0.0007902734873992401
2012-12-20,75.83000183105469,4.328494016859682,-0.0007908985135571811
2012-12-21,76.18000030517578,4.333098965056441,0.00460494819675894
2012-12-24,76.4000015258789,4.335982716144712,0.0028837510882713246
2012-12-26,77.05999755859375,4.344584307516124,0.00860159137141192
2012-12-27,76.01000213623047,4.330864938682546,-0.013719368833577938
2012-12-28,74.66000366210938,4.312944522536924,-0.01792041614562212
2012-12-31,75.13999938964844,4.319353032022964,0.006408509486040437
2013-01-02,75.36000061035156,4.322276638367253,0.002923606344288565
2013-01-03,75.38999938964844,4.322674632127688,0.0003979937604352557
2013-01-04,75.05000305175781,4.318154598742465,-0.004520033385222888
2013-01-07,75.70999908447266,4.32691024002266,0.008755641280195015
2013-01-08,75.12000274658203,4.3190868714626,-0.00782336856005994
2013-01-09,74.79000091552734,4.314684198444883,-0.004402673017716907
2013-01-10,75.19999694824219,4.320151190373908,0.005466991929024445
2013-01-11,75.62000274658203,4.325720834783628,0.005569644409719743
2013-01-14,75.5199966430664,4.324397477386323,-0.0013233573973048252
2013-01-15,76.20999908447266,4.333492675664808,0.009095198278485483
2013-01-16,77.33000183105469,4.348082002299396,0.014589326634587785
2013-01-17,77.77999877929688,4.353884313033295,0.005802310733899141
2013-01-18,78.55000305175781,4.363735403552779,0.00985109051948374
2013-01-22,79.93000030517578,4.381151255455966,0.01741585190318684
2013-01-23,80.4800033569336,4.38800874806283,0.0068574926068638575
2013-01-24,82.88999938964844,4.4175144202400425,0.029505672177212894
2013-01-25,80.5199966430664,4.388505559080909,-0.02900886115913348
2013-01-28,81.05000305175781,4.3950662858344645,0.006560726753555457
2013-01-29,82.38999938964844,4.41146406291942,0.016397777084955933
2013-01-30,82.95999908447266,4.418358552885503,0.006894489966082773
2013-01-31,82.94999694824219,4.418237979846124,-0.00012057303937940134
2013-02-01,82.9800033569336,4.418599655359452,0.0003616755133286631
2013-02-04,81.73999786376953,4.403543452001674,-0.01505620335777813
2013-02-05,81.51000213623047,4.400725738314566,-0.0028177136871079256
2013-02-06,81.72000122070312,4.403298784887051,0.002573046572484472
2013-02-07,81.4000015258789,4.399375291753936,-0.00392349313311513
2013-02-08,82.66999816894531,4.414856757115622,0.015481465361686375
2013-02-11,82.91999816894531,4.417876265485395,0.0030195083697730496
2013-02-12,81.80999755859375,4.404399455683213,-0.013476809802182466
2013-02-13,80.81999969482422,4.392224455874334,-0.012174999808878262
2013-02-14,81.0199966430664,4.39469599634115,0.002471540466815192
2013-02-15,81.31999969482422,4.398391985007369,0.003695988666219563
2013-02-19,82.18000030517578,4.408911967168768,0.010519982161398822
2013-02-20,82.27999877929688,4.410128049948792,0.0012160827800240526
2013-02-21,81.30999755859375,4.3982689801938415,-0.011859069754950546
2013-02-22,81.38999938964844,4.399252407839852,0.0009834276460107816
2013-02-25,80.22000122070312,4.384772875558849,-0.01447953228100296
2013-02-26,80.33000183105469,4.386143172979879,0.0013702974210296759
2013-02-27,82.7300033569336,4.415582333779071,0.029439160799191733
2013-02-28,83.55999755859375,4.425564907470961,0.009982573691890373
2013-03-01,83.68000030517578,4.427000003963551,0.0014350964925897713
2013-03-04,84.91000366210938,4.441591915140577,0.014591911177026518
2013-03-05,85.97000122070312,4.453998412385528,0.012406497244950465
2013-03-06,86.2300033569336,4.457018183894228,0.003019771508700586
2013-03-07,86.5,4.460144413937834,0.00312623004360546
2013-03-08,86.87999725341797,4.464527824572111,0.004383410634277496
2013-03-11,86.72000122070312,4.46268455176771,-0.0018432728044013302
2013-03-12,87.33000183105469,4.469694067392717,0.007009515625006735
2013-03-13,88.61000061035156,4.484244724947278,0.014550657554560864
2013-03-14,90.86000061035156,4.5093198670487515,0.02507514210147388
2013-03-15,92.5,4.52720864451838,0.01788877746962836
2013-03-18,90.83000183105467,4.508989647673262,-0.01821899684511763
2013-03-19,91.12999725341795,4.5122870283688705,0.003297380695608254
2013-03-20,89.0999984741211,4.489759317351298,-0.022527711017572116
2013-03-21,88.19999694824219,4.479606928412316,-0.010152388938982071
2013-03-22,87.29000091552734,4.4692359192356,-0.010371009176716406
2013-03-25,86.58999633789062,4.461184293167189,-0.008051626068411366
2013-03-26,88.04000091552734,4.4777912670572535,0.016606973890064936
2013-03-27,88.52999877929688,4.4833414638343765,0.005550196777122984
2013-03-28,88.45999908447266,4.482550462090561,-0.0007910017438153005
2013-04-01,87.38999938964844,4.470380852655226,-0.012169609435335182
2013-04-02,88.87000274658203,4.487174658655999,0.016793806000772626
2013-04-03,89.22000122070312,4.491105243382064,0.003930584726065334
2013-04-04,88.33000183105469,4.481079821486744,-0.010025421895320186
2013-04-05,86.79000091552734,4.463491418204919,-0.01758840328182476
2013-04-08,85.37999725341797,4.447111849160899,-0.016379569044019604
2013-04-09,84.63999938964844,4.438406960898841,-0.008704888262058397
2013-04-10,85.37000274658203,4.446994783194898,0.008587822296057368
2013-04-11,84.66000366210938,4.438643278349443,-0.008351504845455437
2013-04-12,85.58000183105469,4.449451632384496,0.010808354035052758
2013-04-15,84.33000183105469,4.4347376952995194,-0.014713937084976259
2013-04-16,83.3499984741211,4.423048590889917,-0.011689104409602358
2013-04-17,84.6500015258789,4.438525126604884,0.015476535714967099
2013-04-18,83.4800033569336,4.4246071224214285,-0.013918004183455679
2013-04-19,83.4800033569336,4.4246071224214285,0.0
2013-04-22,84.33000183105469,4.4347376952995194,0.010130572878090938
2013-04-23,82.68000030517578,4.414977738504614,-0.019759956794905165
2013-04-24,81.0999984741211,4.395682942306584,-0.01929479619803054
2013-04-25,81.33000183105469,4.398514974692573,0.0028320323859896135
2013-04-26,82.25,4.409763389645481,0.011248414952907737
2013-04-29,83.5999984741211,4.426043501838516,0.01628011219303449
2013-04-30,85.52999877929688,4.448867177320468,0.022823675481952854
2013-05-01,82.08999633789062,4.407816161749267,-0.04105101557120161
2013-05-02,83.83000183105469,4.428790960492241,0.02097479874297381
2013-05-03,84.72000122070312,4.439351715701828,0.010560755209587214
2013-05-06,85.30999755859375,4.446291652302548,0.006939936600720564
2013-05-07,86.01000213623047,4.454463593400389,0.008171941097840474
2013-05-08,86.19999694824219,4.456670142266424,0.0022065488660354404
2013-05-09,87.91999816894531,4.476427289268993,0.019757147002568587
2013-05-10,86.4800033569336,4.459913212148408,-0.016514077120584503
2013-05-13,86.04000091552734,4.454812315040247,-0.0051008971081616394
2013-05-14,86.91999816894531,4.464988134322252,0.010175819282005172
2013-05-15,86.44999694824219,4.4595661768284565,-0.005421957493795482
2013-05-16,86.02999877929688,4.454696058443984,-0.004870118384472377
2013-05-17,86.41000366210938,4.4591034522339275,0.00440739378994337
2013-05-20,85.77999877929688,4.451785864858108,-0.007317587375819556
2013-05-21,83.86000061035156,4.429148749020837,-0.022637115837270905
2013-05-22,83.41999816894531,4.423888066818971,-0.0052606822018663735
2013-05-23,81.77999877929688,4.404032700009825,-0.019855366809145458
2013-05-24,81.48999786376953,4.400480287117495,-0.0035524128923301035
2013-05-28,81.41999816894531,4.3996209205858285,-0.0008593665316665167
2013-05-29,80.69999694824219,4.3907385374598205,-0.008882383126008087
2013-05-30,80.12999725341797,4.383650281513403,-0.007088255946417377
2013-05-31,79.36000061035156,4.373994470667539,-0.009655810845863755
2013-06-03,82.36000061035156,4.411099889570365,0.037105418902825704
2013-06-04,84.55999755859375,4.437461312690101,0.026361423119736216
2013-06-05,83.5199966430664,4.425086083941157,-0.012375228748943812
2013-06-06,84.87000274658203,4.44112070634381,0.01603462240265241
2013-06-07,84.86000061035156,4.441002846966632,-0.00011785937717778694
2013-06-10,86.6500015258789,4.461877033771296,0.02087418680466424
2013-06-11,88.05999755859375,4.478018372603257,0.016141338831960894
2013-06-12,90.05999755859375,4.500476087764762,0.02245771516150441
2013-06-13,91.72000122070312,4.518740471298721,0.01826438353395954
2013-06-14,91.29000091552734,4.51404126260577,-0.004699208692951373
2013-06-17,87.43000030517578,4.470838476683316,-0.04320278592245419
2013-06-18,84.9800033569336,4.442415974189296,-0.028422502494019675
2013-06-19,85.4000015258789,4.447346118661959,0.004930144472663045
2013-06-20,84.91999816894531,4.441709615272941,-0.005636503389017555
2013-06-21,85.1500015258789,4.44441442502859,0.002704809755648796
2013-06-24,82.9800033569336,4.418599655359452,-0.02581476966913776
2013-06-25,85.08999633789062,4.443709476823395,0.025109821463942694
2013-06-26,83.68000030517578,4.427000003963551,-0.016709472859844254
2013-06-27,83.12999725341797,4.420405614503395,-0.006594389460155448
2013-06-28,82.70999908447266,4.41534050263469,-0.0050651118687055074
2013-07-01,84.29000091552734,4.434263244871027,0.018922742236337164
2013-07-02,83.22000122070312,4.421487718223181,-0.012775526647845759
2013-07-03,84.38999938964844,4.435448903937365,0.0139611857141837
2013-07-05,83.68000030517578,4.427000003963551,-0.00844889997381415
2013-07-08,83.83000183105469,4.428790960492241,0.0017909565286897688
2013-07-09,83.9000015258789,4.429625631660037,0.0008346711677962304
2013-07-10,87.30000305175781,4.46935049780269,0.03972486614265325
2013-07-11,85.18000030517578,4.444766668077784,-0.02458382972490636
2013-07-12,85.12999725341797,4.444179467632579,-0.0005872004452047719
2013-07-15,85.3499984741211,4.446760431362548,0.002580963729968744
2013-07-16,84.66999816894531,4.4387613260284065,-0.007999105334141277
2013-07-17,84.06999969482422,4.431649781517185,-0.007111544511221091
2013-07-18,84.98999786376953,4.442533577375454,0.010883795858268819
2013-07-19,86.5199966430664,4.460375562285347,0.01784198490989297
2013-07-22,86.38999938964844,4.458871921305721,-0.0015036409796262973
2013-07-23,86.01000213623047,4.454463593400389,-0.004408327905331966
2013-07-24,86.16000366210938,4.456206075351723,0.001742481951334085
2013-07-25,86.19000244140625,4.456554189985172,0.00034811463344919247
2013-07-26,85.37000274658203,4.446994783194898,-0.009559406790273783
2013-07-29,84.8499984741211,4.440884973696983,-0.006109809497915286
2013-07-30,85.4800033569336,4.448282469722514,0.00739749602553097
2013-07-31,85.62999725341797,4.450035656963102,0.001753187240588261
2013-08-01,85.87999725341797,4.452950941028954,0.002915284065851509
2013-08-02,85.31999969482422,4.446408890026312,-0.006542051002641713
2013-08-05,85.4000015258789,4.447346118661959,0.0009372286356468251
2013-08-06,85.81999969482422,4.4522520760073805,0.004905957345421541
2013-08-07,88.52999877929688,4.4833414638343765,0.031089387826995996
2013-08-08,89.37999725341797,4.492896912776036,0.009555448941659606
2013-08-09,89.05000305175781,4.489198044005831,-0.003698868770205088
2013-08-12,90.05999755859375,4.500476087764762,0.0112780437589306
2013-08-13,91.58999633789062,4.51732205543117,0.016845967666408335
2013-08-14,91.4499969482422,4.515792341466095,-0.0015297139650751745
2013-08-15,91.63999938964844,4.517867850924977,0.002075509458881797
2013-08-16,93.4000015258789,4.53689136157183,0.01902351064685348
2013-08-19,92.76000213623048,4.530015535416982,-0.0068758261548476085
2013-08-20,88.76000213623047,4.485936122131884,-0.04407941328509857
2013-08-21,83.91000366210938,4.429744839525278,-0.056191282606605775
2013-08-22,83.94999694824219,4.430221347171461,0.00047650764618278885
2013-08-23,84.23999786376953,4.433669842466858,0.003448495295397258
2013-08-26,85.25,4.445588116163626,0.011918273696768011
2013-08-27,84.5,4.436751534363128,-0.008836581800498067
2013-08-28,84.01000213623047,4.430935864805043,-0.005815669558084657
2013-08-29,83.5999984741211,4.426043501838516,-0.004892362966527841
2013-08-30,83.69999694824219,4.427238941034762,0.0011954391962465394
2013-09-03,82.81999969482422,4.416669574432613,-0.01056936660214891
2013-09-04,82.83000183105469,4.41679033671635,0.00012076228373647524
2013-09-05,82.4000015258789,4.411585455433373,-0.005204881282976359
2013-09-06,83.23999786376953,4.421727975861924,0.010142520428551016
2013-09-09,83.70999908447266,4.427358433735072,0.005630457873147421
2013-09-10,84.8499984741211,4.440884973696983,0.013526539961911332
2013-09-11,84.80000305175781,4.440295578785567,-0.0005893949114161856
2013-09-12,85.87999725341797,4.452950941028954,0.012655362243386925
2013-09-13,85.20999908447266,4.4451187870955,-0.007832153933454045
2013-09-16,85.0,4.442651256490317,-0.0024675306051831214
2013-09-17,84.7699966430664,4.439941667019823,-0.002709589470494045
2013-09-18,85.7300033569336,4.45120286184771,0.011261194827887344
2013-09-19,85.33999633789062,4.446643234847861,-0.004559626999848909
2013-09-20,83.33000183105469,4.42280865036765,-0.023834584480210808
2013-09-23,83.01000213623047,4.41896110820156,-0.0038475421660901787
2013-09-24,83.43000030517578,4.424007960571849,0.005046852370289123
2013-09-25,83.7300033569336,4.427597376308703,0.003589415736853674
2013-09-26,84.5,4.436751534363128,0.00915415805442521
2013-09-27,85.66000366210938,4.45038601493891,0.013634480575781538
2013-09-30,86.11000061035156,4.455625555796119,0.005239540857209235
2013-10-01,84.94999694824219,4.442062812193775,-0.013562743602343552
2013-10-02,85.22000122070312,4.445236162395905,0.003173350202129832
2013-10-03,85.79000091552734,4.4519024602565995,0.006666297860694392
2013-10-04,85.83000183105469,4.452368617063633,0.00046615680703343543
2013-10-07,82.56999969482422,4.413646414733373,-0.038722202330260025
2013-10-08,82.19000244140625,4.409033669864828,-0.004612744868545349
2013-10-09,81.94999694824219,4.406109267950573,-0.002924401914254915
2013-10-10,83.16999816894531,4.420886683864788,0.014777415914215553
2013-10-11,83.37000274658203,4.42328856536701,0.002401881502222203
2013-10-14,83.61000061035156,4.426163137461949,0.0028745720949387987
2013-10-15,83.70999908447266,4.427358433735072,0.001195296273122537
2013-10-16,83.16000366210938,4.420766507026721,-0.006591926708351181
2013-10-17,83.81999969482422,4.428671638856079,0.007905131829358147
2013-10-18,83.11000061035156,4.420165038908835,-0.008506599947243565
2013-10-21,83.05999755859375,4.419563208809322,-0.0006018300995132009
2013-10-22,82.44999694824219,4.412192011992171,-0.007371196817151038
2013-10-23,80.69000244140625,4.39061468211703,-0.02157732987514116
2013-10-24,79.20999908447266,4.372102541917959,-0.018512140199070437
2013-10-25,79.08000183105469,4.370460021456876,-0.0016425204610834854
2013-10-28,78.6500015258789,4.365007648905163,-0.005452372551713047
2013-10-29,78.33999633789062,4.36105828149133,-0.003949367413833116
2013-10-30,77.83999633789062,4.354655390831122,-0.006402890660207383
2013-10-31,77.18000030517578,4.3461403600635515,-0.008515030767570764
2013-11-01,76.58000183105469,4.338335969959499,-0.007804390104052317
2013-11-04,75.94999694824219,4.330075188860638,-0.00826078109886108
2013-11-05,75.94000244140625,4.329943586952803,-0.00013160190783523262
2013-11-06,77.06999969482422,4.34471409583018,0.014770508877377075
2013-11-07,76.76000213623047,4.340683698969494,-0.004030396860685848
2013-11-08,76.87999725341797,4.342245728936463,0.0015620299669691917
2013-11-11,76.97000122070312,4.343415751405693,0.0011700224692292593
2013-11-12,77.87999725341797,4.355169145237151,0.01175339383145868
2013-11-13,77.97000122070312,4.35632415297757,0.0011550077404187675
2013-11-14,76.5199966430664,4.337552100702036,-0.018772052275534357
2013-11-15,77.12000274658203,4.345362685916683,0.007810585214647503
2013-11-18,76.37000274658203,4.33558998486444,-0.009772701052242816
2013-11-19,75.87999725341797,4.329153108870424,-0.006436875994016766
2013-11-20,75.62999725341797,4.325852993551899,-0.00330011531852481
2013-11-21,74.79000091552734,4.314684198444883,-0.011168795107015406
2013-11-22,75.20999908447266,4.320284188665364,0.005599990220480855
2013-11-25,76.95999908447266,4.3432857944613055,0.023001605795941238
2013-11-26,77.8499984741211,4.354783878679764,0.011498084218458438
2013-11-27,76.75,4.340553386467307,-0.01423049221245698
2013-11-29,78.13999938964844,4.358502081815924,0.017948695348617427
2013-12-02,77.2699966430664,4.347305738501288,-0.011196343314636259
2013-12-03,77.41000366210938,4.349116018524583,0.0018102800232950855
2013-12-04,78.0199966430664,4.3569651610519315,0.007849142527348363
2013-12-05,77.81999969482422,4.354398463634848,-0.0025666974170839296
2013-12-06,79.37999725341797,4.37424641275449,0.019847949119642827
2013-12-09,80.36000061035156,4.38651654754195,0.012270134787459419
2013-12-10,80.69000244140625,4.39061468211703,0.004098134575079904
2013-12-11,82.48999786376953,4.412677047975798,0.022062365858768196
2013-12-12,83.05999755859375,4.419563208809322,0.006886160833524002
2013-12-13,83.22000122070312,4.421487718223181,0.0019245094138593544
2013-12-16,83.37999725341797,4.423408439512112,0.0019207212889309488
2013-12-17,82.94999694824219,4.418237979846124,-0.005170459665988503
2013-12-18,83.0,4.418840607796598,0.0006026279504744991
2013-12-19,83.33000183105469,4.42280865036765,0.003968042571051988
2013-12-20,83.1500015258789,4.420646223989856,-0.002162426377794624
2013-12-23,82.23999786376953,4.40964177573129,-0.011004448258566057
2013-12-24,83.18000030517578,4.421006937983626,0.011365162252336525
2013-12-26,82.88999938964844,4.4175144202400425,-0.003492517743583612
2013-12-27,84.12000274658203,4.432244383485259,0.014729963245216915
2013-12-30,84.66000366210938,4.438643278349443,0.006398894864183546
2013-12-31,84.63999938964844,4.438406960898841,-0.00023631745060193055
2014-01-02,84.04000091552734,4.431292886870747,-0.007114074028094386
2014-01-03,82.94000244140625,4.418117484254047,-0.013175402616699472
2014-01-06,83.62999725341797,4.426402274551367,0.008284790297319766
2014-01-07,84.66999816894531,4.4387613260284065,0.012359051477039529
2014-01-08,83.13999938964844,4.420525926483241,-0.01823539954516562
2014-01-09,82.80999755859375,4.416548797563586,-0.003977128919654405
2014-01-10,82.58999633789062,4.413888563481792,-0.002660234081794499
2014-01-13,83.68000030517578,4.427000003963551,0.01311144048175894
2014-01-14,83.7300033569336,4.427597376308703,0.000597372345152003
2014-01-15,84.79000091552734,4.440177622113498,0.012580245804794998
2014-01-16,86.19000244140625,4.456554189985172,0.016376567871674297
2014-01-17,86.80000305175781,4.463606656824804,0.007052466839631677
2014-01-21,88.12999725341797,4.478812965946449,0.015206309121644779
2014-01-22,87.83999633789062,4.475516936070539,-0.0032960298759094897
2014-01-23,87.33000183105469,4.469694067392717,-0.005822868677822335
2014-01-24,87.20999908447266,4.468318992740931,-0.0013750746517855461
2014-01-27,84.25,4.433788569232471,-0.03453042350846047
2014-01-28,84.3499984741211,4.434974790902126,0.0011862216696556516
2014-01-29,85.55000305175781,4.449101036010415,0.014126245108288416
2014-01-30,86.02999877929688,4.454696058443984,0.005595022433569241
2014-01-31,85.83000183105469,4.452368617063633,-0.002327441380351125
2014-02-03,85.01000213623047,4.442768921758434,-0.009599695305198885
2014-02-04,85.4000015258789,4.447346118661959,0.004577196903524872
2014-02-05,85.5199966430664,4.44875022746359,0.0014041088016307768
2014-02-06,86.30999755859375,4.457945437945084,0.00919521048149452
2014-02-07,87.47000122070312,4.471295891387441,0.013350453442356525
2014-02-10,87.37000274658203,4.4701520057462165,-0.0011438856412242515
2014-02-11,88.66999816894531,4.484921592741699,0.014769586995482697
2014-02-12,88.37000274658203,4.481532576610393,-0.003389016131306377
2014-02-13,87.5999984741211,4.472780980523637,-0.00875159608675613
2014-02-14,87.55000305175781,4.472210093589174,-0.0005708869344625
2014-02-18,87.91000366210938,4.47631360552057,0.004103511931395687
2014-02-19,86.97000122070312,4.4655632456375844,-0.01075035988298545
2014-02-20,86.37000274658203,4.458640425092379,-0.0069228205452054326
2014-02-21,87.08999633789062,4.466942024654935,0.008301599562556383
2014-02-24,87.91999816894531,4.476427289268993,0.00948526461405752
2014-02-25,86.22000122070312,4.456902183476993,-0.01952510579199984
2014-02-26,85.37000274658203,4.446994783194898,-0.009907400282094692
2014-02-27,86.91000366210938,4.4648731425861685,0.017878359391270138
2014-02-28,86.58999633789062,4.461184293167189,-0.003688849418979956
2014-03-03,87.86000061035156,4.4757446454944985,0.0145603523273099
2014-03-04,88.31999969482422,4.480966579073444,0.0052219335789454036
2014-03-05,87.9000015258789,4.476199822050391,-0.004766757023053181
2014-03-06,90.0,4.499809670330265,0.023609848279874335
2014-03-07,91.0199966430664,4.5110792257072205,0.011269555376955509
2014-03-10,91.55999755859376,4.516994468419815,0.005915242712594804
2014-03-11,91.6500015258789,4.5179769909346925,0.0009825225148771821
2014-03-12,92.1999969482422,4.523960097463222,0.005983106528529625
2014-03-13,91.68000030517578,4.518304256295136,-0.005655841168086262
2014-03-14,92.19000244140624,4.523851691292835,0.005547434997699163
2014-03-17,92.02999877929688,4.522114597586579,-0.0017370937062564096
2014-03-18,92.93000030517578,4.531846524853179,0.00973192726660077
2014-03-19,92.62000274658205,4.528505130706914,-0.0033413941462656638
2014-03-20,92.18000030517578,4.523743190603013,-0.004761940103900741
2014-03-21,93.30999755859376,4.5359272570814655,0.012184066478452493
2014-03-24,90.62999725341795,4.50678525376125,-0.029142003320215437
2014-03-25,94.11000061035156,4.5444643173562085,0.03767906359495843
2014-03-26,91.66000366210938,4.518086119034167,-0.02637819832204169
2014-03-27,92.55999755859376,4.527857056508949,0.00977093747478186
2014-03-28,93.73999786376952,4.540524969705671,0.012667913196722225
2014-03-31,93.5199966430664,4.538175281268457,-0.002349688437213615
2014-04-01,92.06999969482422,4.522549153985149,-0.015626127283308477
2014-04-02,91.51000213623048,4.516448279271517,-0.006100874713632187
2014-04-03,90.9800033569336,4.5106397390393465,-0.005808540232170145
2014-04-04,92.4000015258789,4.526126995161479,0.015487256122132642
2014-04-07,90.62000274658205,4.506674969547776,-0.019452025613703405
2014-04-08,91.79000091552734,4.519503369205151,0.012828399657375478
2014-04-09,90.44000244140624,4.50468667440453,-0.0148166948006212
2014-04-10,89.0199966430664,4.488861025877827,-0.015825648526702984
2014-04-11,89.0199966430664,4.488861025877827,0.0
2014-04-14,90.91000366210938,4.509870046416566,0.021009020538738987
2014-04-15,89.91999816894531,4.498920365782228,-0.010949680634338321
2014-04-16,91.04000091552734,4.511298980434341,0.012378614652113207
2014-04-17,90.16999816894533,4.50169675720512,-0.009602223229220996
2014-04-21,89.69000244140625,4.496359307350407,-0.005337449854712517
2014-04-22,91.01000213623048,4.510969414061745,0.014610106711337778
2014-04-23,92.9000015258789,4.531523662244754,0.020554248183008994
2014-04-24,92.66000366210938,4.528936919510511,-0.002586742734242975
2014-04-25,92.9499969482422,4.5320616813352,0.0031247618246892372
2014-04-28,92.37999725341795,4.525910475271109,-0.0061512060640911415
2014-04-29,94.26000213623048,4.546056944158756,0.020146468887646485
2014-04-30,94.13999938964844,4.544783029489551,-0.0012739146692046788
2014-05-01,94.06999969482422,4.544039182739725,-0.0007438467498257495
2014-05-02,94.19000244140624,4.545314044754741,0.0012748620150153656
2014-05-05,94.62000274658205,4.549868899230502,0.004554854475760983
2014-05-06,93.6999969482422,4.540098156674922,-0.009770742555579304
2014-05-07,91.83999633789062,4.520047892696371,-0.020050263978551364
2014-05-08,93.0500030517578,4.533137015885226,0.013089123188855467
2014-05-09,92.36000061035156,4.525693991094692,-0.0074430247905343805
2014-05-12,91.3000030517578,4.5141508210265275,-0.011543170068164521
2014-05-13,90.93000030517578,4.510089983093983,-0.004060837932544636
2014-05-14,90.6999969482422,4.5075573234743675,-0.0025326596196153517
2014-05-15,90.36000061035156,4.503801698354468,-0.003755625119899797
2014-05-16,89.81999969482422,4.497807664261955,-0.00599403409251309
2014-05-19,89.1500015258789,4.49032036142501,-0.007487302836945098
2014-05-20,89.0,4.48863636973214,-0.001683991692869924
2014-05-21,89.29000091552734,4.491889509782539,0.003253140050399672
2014-05-22,87.77999877929688,4.4748336703536955,-0.01705583942884381
2014-05-23,86.30999755859375,4.457945437945084,-0.01688823240861126
2014-05-27,84.97000122070312,4.442298267381734,-0.01564717056335052
2014-05-28,84.87000274658203,4.44112070634381,-0.00117756103792388
2014-05-29,86.1500015258789,4.456089980685824,0.014969274342013783
2014-05-30,86.2699966430664,4.4574818741765405,0.001391893490716889
2014-06-02,86.4800033569336,4.459913212148408,0.0024313379718678974
2014-06-03,87.36000061035156,4.4700375189832195,0.010124306834811136
2014-06-04,86.08000183105469,4.4552771176850205,-0.014760401298199
2014-06-05,85.5,4.448516375942715,-0.006760741742305676
2014-06-06,84.77999877929688,4.440059651526011,-0.008456724416704198
2014-06-09,84.55000305175781,4.437343111438708,-0.002716540087302377
2014-06-10,86.30000305175781,4.457829633451581,0.020486522012872932
2014-06-11,85.51000213623047,4.448633353150093,-0.009196280301488002
2014-06-12,85.62000274658203,4.449918932795543,0.0012855796454500634
2014-06-13,86.9800033569336,4.465678245763807,0.015759312968263828
2014-06-16,87.6500015258789,4.473351628776016,0.007673383012209101
2014-06-17,90.05999755859375,4.500476087764762,0.02712445898874538
2014-06-18,91.1500015258789,4.512506517864978,0.012030430100216094
2014-06-19,88.36000061035156,4.481419385459471,-0.031087132405506424
2014-06-20,88.16000366210938,4.479153386943957,-0.0022659985155142337
2014-06-23,87.5199966430664,4.4718673003174825,-0.007286086626474564
2014-06-24,81.80999755859375,4.404399455683213,-0.0674678446342698
2014-06-25,81.80000305175781,4.404277280916253,-0.0001221747669593043
2014-06-26,80.37000274658203,4.386641006398846,-0.017636274517407458
2014-06-27,80.88999938964844,4.39309019948441,0.006449193085564353
2014-06-30,79.20999908447266,4.372102541917959,-0.020987657566450935
2014-07-01,77.08000183105469,4.344843867301416,-0.027258674616543743
2014-07-02,76.69000244140625,4.339771353611508,-0.005072513689907687
2014-07-03,76.22000122070312,4.3336239114612365,-0.006147442150271409
2014-07-07,74.83000183105469,4.315218898561794,-0.018405012899442852
2014-07-08,75.0,4.31748811353631,0.002269214974516487
2014-07-09,74.97000122070312,4.317088049797525,-0.00040006373878487267
2014-07-10,68.9000015258789,4.232656200165896,-0.08443184963162942
2014-07-11,68.73999786376953,4.230331240344724,-0.002324959821171646
2014-07-14,68.5999984741211,4.228292512488706,-0.0020387278560178856
2014-07-15,68.25,4.223177434065069,-0.0051150784236373426
2014-07-16,68.38999938964844,4.225226606185432,0.002049172120362819
2014-07-17,68.44999694824219,4.226103507150705,0.0008769009652729309
2014-07-18,68.62999725341797,4.228729716900405,0.0026262097497005144
2014-07-21,68.5199966430664,4.227125624463892,-0.0016040924365130493
2014-07-22,68.80000305175781,4.2312037892962415,0.004078164832349351
2014-07-23,68.7699966430664,4.230767554517819,-0.00043623477842213987
2014-07-24,66.4000015258789,4.195697079462492,-0.03507047505532768
2014-07-25,65.16000366210938,4.176845839935644,-0.018851239526847863
2014-07-28,65.36000061035156,4.179910459890052,0.0030646199544079877
2014-07-29,64.44000244140625,4.165734596195276,-0.01417586369477597
2014-07-30,63.34000015258789,4.148517043519522,-0.017217552675753645
2014-07-31,62.09000015258789,4.128584947834329,-0.01993209568519294
2014-08-01,62.4900016784668,4.135006570800757,0.006421622966427343
2014-08-04,63.91999816894531,4.1576322728119814,0.022625702011224824
2014-08-05,63.459999084472656,4.150409771728208,-0.007222501083773203
2014-08-06,63.970001220703125,4.1584142425444774,0.008004470816269205
2014-08-07,63.56999969482422,4.152141656147692,-0.006272586396785407
2014-08-08,63.810001373291016,4.15590993940182,0.0037682832541277023
2014-08-11,64.12999725341797,4.160912230332421,0.005002290930601561
2014-08-12,63.02999877929688,4.1436107841580005,-0.017301446174420754
2014-08-13,64.0199966430664,4.159195482106014,0.015584697948013648
2014-08-14,63.88999938964844,4.157162845061089,-0.0020326370449250675
2014-08-15,63.59999847412109,4.15261344635427,-0.004549398706819474
2014-08-18,63.34000015258789,4.148517043519522,-0.004096402834747437
2014-08-19,63.470001220703125,4.150567372551136,0.002050329031614062
2014-08-20,65.31999969482422,4.179298263430253,0.028730890879116622
2014-08-21,66.5,4.197201947661808,0.017903684231555417
2014-08-22,67.45999908447266,4.211534816062094,0.01433286840028547
2014-08-25,67.66000366210938,4.214495217477737,0.0029604014156427993
2014-08-26,68.26000213623047,4.223323974774055,0.00882875729631838
2014-08-27,68.30000305175781,4.22390981125841,0.0005858364843547292
2014-08-28,67.13999938964844,4.20677998246116,-0.017129828797250113
2014-08-29,67.5999984741211,4.213607960476745,0.006827978015585323
2014-09-02,66.33999633789062,4.194792978316774,-0.018814982159971017
2014-09-03,66.69999694824219,4.200204907168087,0.005411928851312808
2014-09-04,66.7699966430664,4.201253827593701,0.0010489204256138862
2014-09-05,66.08000183105469,4.190866156922388,-0.010387670671312854
2014-09-08,66.55999755859375,4.198103759833171,0.007237602910783458
2014-09-09,67.77999877929688,4.216267148169122,0.018163388335950437
2014-09-10,70.13999938964844,4.2504932360101275,0.03422608784100589
2014-09-11,70.79000091552734,4.259717760719101,0.009224524708973725
2014-09-12,70.61000061035156,4.257171786172237,-0.002545974546864116
2014-09-15,68.18000030517578,4.222151271185788,-0.035020514986449314
2014-09-16,68.27999877929688,4.223616880048338,0.001465608862550205
2014-09-17,69.9000015258789,4.247065671069219,0.023448791020880932
2014-09-18,66.9000015258789,4.203198989942537,-0.043866681126681684
2014-09-19,65.98999786376953,4.189503183023296,-0.013695806919240994
2014-09-22,64.86000061035156,4.172231110289464,-0.017272072733832466
2014-09-23,62.93000030517578,4.1420230023882905,-0.030208107901173342
2014-09-24,61.65999984741211,4.121635419983338,-0.020387582404952198
2014-09-25,61.4900016784668,4.11887458726196,-0.0027608327213783923
2014-09-26,62.47999954223633,4.134846498204867,0.015971910942907286
2014-09-29,62.060001373291016,4.128101681148674,-0.006744817056192787
2014-09-30,61.959999084472656,4.1264890007725645,-0.001612680376109843
2014-10-01,62.7599983215332,4.139317901120618,0.012828900348053729
2014-10-02,62.45000076293945,4.134366248788392,-0.004951652332226608
2014-10-03,63.06999969482422,4.144245215836876,0.009878967048484455
2014-10-06,64.9800033569336,4.174079581901981,0.02983436606510459
2014-10-07,65.83000183105469,4.187075689294682,0.012996107392701184
2014-10-08,65.51000213623047,4.182202835353012,-0.00487285394167003
2014-10-09,64.55000305175781,4.167440164570076,-0.014762670782936027
2014-10-10,64.0999984741211,4.160444340121961,-0.006995824448114973
2014-10-13,65.0199966430664,4.174694863246511,0.01425052312455044
2014-10-14,64.16000366210938,4.161380020636022,-0.013314842610489208
2014-10-15,63.709999084472656,4.154341521758167,-0.007038498877855126
2014-10-16,63.560001373291016,4.15198436327473,-0.002357158483436983
2014-10-17,63.0,4.143134726391533,-0.008849636883197398
2014-10-20,62.290000915527344,4.131800913963876,-0.011333812427656298
2014-10-21,62.790000915527344,4.1397958397068,0.007994925742924153
2014-10-22,62.68000030517578,4.138042422356611,-0.0017534173501898564
2014-10-23,63.040000915527344,4.1437694600725825,0.005727037715971939
2014-10-24,63.810001373291016,4.15590993940182,0.01214047932923723
2014-10-27,63.66999816894531,4.153713465270418,-0.002196474131401338
2014-10-28,64.47000122070312,4.166200018256965,0.012486552986546329
2014-10-29,65.3499984741211,4.179757416720898,0.013557398463933445
2014-10-30,64.5,4.1666652238017265,-0.01309219291917163
2014-10-31,64.44999694824219,4.165889682034415,-0.0007755417673118714
2014-11-03,64.25,4.162781723775329,-0.003107958259085386
2014-11-04,62.79999923706055,4.139955061325436,-0.022826662449893398
2014-11-05,62.709999084472656,4.138520909955546,-0.001434151369889669
2014-11-06,63.18999862670898,4.146146039052637,0.007625129097090344
2014-11-07,63.959999084472656,4.158257873651692,0.012111834599055626
2014-11-10,62.43000030517578,4.13404593396194,-0.024211939689751993
2014-11-11,63.29999923706055,4.147885317097375,0.013839383135434424
2014-11-12,61.93999862670898,4.126166152373745,-0.021719164723629447
2014-11-13,59.72999954223633,4.089834399080333,-0.036331753293412206
2014-11-14,59.79999923706055,4.091005648198401,0.001171249118067763
2014-11-17,58.810001373291016,4.074311931823182,-0.01669371637521877
2014-11-18,59.970001220703125,4.093844457535648,0.01953252571246633
2014-11-19,59.11000061035156,4.0794001251619685,-0.014444332373679813
2014-11-20,58.540000915527344,4.069710296903086,-0.009689828258882649
2014-11-21,59.7599983215332,4.0903365127377675,0.020626215834681716
2014-11-24,59.15999984741211,4.080245635263358,-0.01009087747440951
2014-11-25,59.65999984741211,4.088661776528978,0.00841614126562007
2014-11-26,61.40999984741211,4.117572685856568,0.028910909327589884
2014-11-28,60.959999084472656,4.110217896359898,-0.007354789496670122
2014-12-01,60.18000030517578,4.097340076272949,-0.012877820086949043
2014-12-02,60.75,4.1067670822206574,0.009427005947708622
2014-12-03,61.0099983215332,4.111037757652421,0.0042706754317638485
2014-12-04,61.52000045776367,4.11936233263828,0.008324574985858924
2014-12-05,60.540000915527344,4.1033043187162574,-0.016058013922022774
2014-12-08,60.209999084472656,4.097838436270787,-0.005465882445470527
2014-12-09,59.880001068115234,4.092342577389023,-0.005495858881763738
2014-12-10,59.56999969482422,4.0871520865176185,-0.005190490871404663
2014-12-11,60.47999954223633,4.1023127243024335,0.015160637784815023
2014-12-12,60.540000915527344,4.1033043187162574,0.0009915944138239041
2014-12-15,60.650001525878906,4.10511966054882,0.0018153418325628223
2014-12-16,59.77999877929688,4.0906711364358666,-0.01444852411295372
2014-12-17,60.650001525878906,4.10511966054882,0.01444852411295372
2014-12-18,60.81999969482422,4.107918677231531,0.0027990166827107643
2014-12-19,60.88999938964844,4.1090689475966435,0.0011502703651125046
2014-12-22,62.040000915527344,4.127779353065387,0.018710405468743474
2014-12-23,61.81999969482422,4.124226931767448,-0.003552421297938757
2014-12-24,61.77999877929688,4.123579667731564,-0.0006472640358845538
2014-12-26,61.630001068115234,4.121148782305244,-0.002430885426319307
2014-12-29,62.0099983215332,4.127295635294107,0.006146852988862861
2014-12-30,61.97999954223633,4.126811744973935,-0.0004838903201722644
2014-12-31,60.27000045776367,4.098834475090169,-0.02797726988376592
2015-01-02,59.58000183105469,4.087319978017843,-0.011514497072326435
2015-01-05,60.709999084472656,4.106108414062004,0.01878843604416147
2015-01-06,60.20000076293945,4.097672364988188,-0.008436049073815788
2015-01-07,60.43000030517578,4.101485675423538,0.003813310435349493
2015-01-08,60.560001373291016,4.103634631805729,0.0021489563821912583
2015-01-09,60.7599983215332,4.106931650103036,0.003297018297306664
2015-01-12,59.72999954223633,4.089834399080333,-0.017097251022702764
2015-01-13,60.150001525878906,4.0968414677885825,0.00700706870824952
2015-01-14,58.97999954223633,4.077198395625793,-0.01964307216278982
2015-01-15,59.4900016784668,4.085808259414081,0.008609863788288763
2015-01-16,59.22999954223633,4.081428162560296,-0.004380096853785709
2015-01-20,57.790000915527344,4.056815766172001,-0.024612396388294933
2015-01-21,58.0099983215332,4.0606153805438785,0.003799614371877702
2015-01-22,57.7599983215332,4.056296465525242,-0.00431891501863646
2015-01-23,57.29999923706055,4.048300610405869,-0.007995855119372841
2015-01-26,58.619998931884766,4.0710759170617425,0.02277530665587335
2015-01-27,58.77999877929688,4.07380164022345,0.002725723161707272
2015-01-28,59.43999862670898,4.084967377305684,0.01116573708223445
2015-01-29,59.56999969482422,4.0871520865176185,0.002184709211934255
2015-01-30,59.36000061035156,4.083620609141327,-0.0035314773762911145
2015-02-02,59.88999938964844,4.092509536085161,0.008888926943833475
2015-02-03,61.45000076293945,4.118223848427657,0.025714312342496548
2015-02-04,61.22999954223633,4.11463725801373,-0.003586590413927837
2015-02-05,61.790000915527344,4.123741553889644,0.009104295875914659
2015-02-06,61.59000015258789,4.12049952217643,-0.003242031713214466
2015-02-09,62.29999923706055,4.131961413547188,0.01146189137075826
2015-02-10,62.5099983215332,4.135326517092548,0.0033651035453603484
2015-02-11,62.02000045776367,4.127456921053207,-0.007869596039341786
2015-02-12,62.47999954223633,4.134846498204867,0.0073895771516605535
2015-02-13,62.70000076293945,4.138361459806968,0.0035149616021010743
2015-02-17,63.79999923706055,4.1557531783924455,0.017391718585477278
2015-02-18,64.62000274658203,4.168524002899942,0.01277082450749667
2015-02-19,64.44000244140625,4.165734596195276,-0.0027894067046663196
2015-02-20,64.66999816894531,4.169297387144682,0.003562790949406036
2015-02-23,64.75,4.1705337005796475,0.0012363134349655525
2015-02-24,64.76000213623047,4.170688161796316,0.00015446121666862211
2015-02-25,65.5199966430664,4.1823553883095625,0.011667226513246476
2015-02-26,65.16999816894531,4.1769992122477,-0.005356176061862783
2015-02-27,64.7300033569336,4.1702248244179705,-0.006774387829729278
2015-03-02,64.62999725341797,4.168678656777789,-0.0015461676401811175
2015-03-03,63.72999954223633,4.154655402143343,-0.014023254634446758
2015-03-04,63.61000061035156,4.152770700285926,-0.0018847018574161822
2015-03-05,63.209999084472656,4.146462502000307,-0.006308198285619682
2015-03-06,62.95000076293945,4.142340772610125,-0.004121729390181628
2015-03-09,61.91999816894531,4.125843199710174,-0.016497572899950796
2015-03-10,60.869998931884766,4.108740424958351,-0.01710277475182309
2015-03-11,60.33000183105469,4.0998295228033195,-0.008910902155031764
2015-03-12,61.220001220703125,4.11447395345688,0.01464443065356047
2015-03-13,60.5,4.102643365036796,-0.011830588420083998
2015-03-16,60.4900016784668,4.102478089866662,-0.0001652751701337607
2015-03-17,60.209999084472656,4.097838436270787,-0.004639653595875259
2015-03-18,62.47999954223633,4.134846498204867,0.03700806193408024
2015-03-19,62.95000076293945,4.142340772610125,0.007494274405257961
2015-03-20,62.81999969482422,4.140273489252561,-0.0020672833575643423
2015-03-23,64.05000305175781,4.159664075989234,0.019390586736673043
2015-03-24,63.90999984741211,4.157475841274647,-0.0021882347145867342
2015-03-25,63.15999984741211,4.145671186971547,-0.011804654303100293
2015-03-26,63.08000183105469,4.144403791122337,-0.0012673958492097626
2015-03-27,63.54999923706055,4.151826985630121,0.007423194507784281
2015-03-30,62.52000045776367,4.1354865128751515,-0.01634047275496986
2015-03-31,63.09999847412109,4.144720745365251,0.009234232490099359
2015-04-01,62.58000183105469,4.136445767500159,-0.008274977865092126
2015-04-02,63.68999862670898,4.154027542821161,0.017581775321001913
2015-04-06,65.33999633789062,4.179604350125947,0.02557680730478662
2015-04-07,66.41999816894531,4.195998188380779,0.01639383825483165
2015-04-08,66.7300033569336,4.200654677221727,0.004656488840947937
2015-04-09,66.22000122070312,4.192982550553155,-0.007672126668571977
2015-04-10,65.05999755859375,4.1753098835197475,-0.017672667033407308
2015-04-13,65.12999725341797,4.176385230387543,0.0010753468677950906
2015-04-14,64.69000244140625,4.169606667795981,-0.00677856259156151
2015-04-15,64.58999633789062,4.168059543346604,-0.001547124449377435
2015-04-16,64.01000213623047,4.159039354527298,-0.009020188819305552
2015-04-17,63.290000915527344,4.147727353252806,-0.011312001274491834
2015-04-20,63.040000915527344,4.1437694600725825,-0.0039578931802237705
2015-04-21,62.630001068115234,4.137244413591692,-0.00652504648089014
2015-04-22,62.4900016784668,4.135006570800757,-0.0022378427909357512
2015-04-23,64.58999633789062,4.168059543346604,0.03305297254584705
2015-04-24,66.5,4.197201947661808,0.02914240431520465
2015-04-27,66.38999938964844,4.195546433537642,-0.001655514124166757
2015-04-28,66.62000274658203,4.199004873993123,0.00345844045548116
2015-04-29,67.31999969482422,4.209457364789394,0.010452490796271086
2015-04-30,68.12000274658203,4.221270896114246,0.011813531324852633
2015-05-01,66.8499984741211,4.2024512807225385,-0.018819615391707956
2015-05-04,66.91000366210938,4.203348487526593,0.0008972068040549175
2015-05-05,66.98999786376953,4.2045433226313795,0.0011948351047861294
2015-05-07,65.52999877929688,4.182508034423249,-0.022035288208130943
2015-05-08,66.16000366210938,4.192076106067753,0.00956807164450435
2015-05-11,65.38999938964844,4.180369332239165,-0.01170677382858809
2015-05-12,65.0199966430664,4.174694863246511,-0.0056744689926535585
2015-05-13,65.7699966430664,4.18616375627276,0.011468893026248317
2015-05-14,66.52999877929688,4.197652955405635,0.011489199132875605
2015-05-15,66.83999633789062,4.202301648938002,0.004648693532367076
2015-05-18,64.91999816894531,4.173155714441604,-0.02914593449639824
2015-05-19,64.3499984741211,4.164336910329953,-0.008818804111650813
2015-05-20,64.1500015258789,4.161224114847754,-0.0031127954821990045
2015-05-21,63.72999954223633,4.154655402143343,-0.006568712704411617
2015-05-22,63.29999923706055,4.147885317097375,-0.0067700850459679884
2015-05-26,63.310001373291016,4.148043316247569,0.0001579991501943212
2015-05-27,63.04999923706055,4.143928050310382,-0.004115265937186585
2015-05-28,64.33000183105469,4.164026113886373,0.020098063575990643
2015-05-29,64.3499984741211,4.164336910329953,0.0003107964435802302
2015-06-01,63.75,4.154969184038536,-0.009367726291417355
2015-06-02,63.59999847412109,4.15261344635427,-0.0023557376842662237
2015-06-03,65.23999786376953,4.17807274500863,0.025459298654360474
2015-06-04,65.12000274658203,4.1762317638715265,-0.0018409811371036255
2015-06-05,64.01000213623047,4.159039354527298,-0.017192409344228388
2015-06-08,64.80000305175781,4.171305650453256,0.012266295925957849
2015-06-09,64.55000305175781,4.167440164570076,-0.003865485883180142
2015-06-10,64.88999938964844,4.172693519227135,0.005253354657059006
2015-06-11,63.52999877929688,4.151512216063848,-0.021181303163286813
2015-06-12,64.06999969482422,4.159976230887768,0.008464014823919896
2015-06-15,63.209999084472656,4.146462502000307,-0.013513728887461163
2015-06-16,64.43000030517578,4.165579367887099,0.019116865886791956
2015-06-17,63.880001068115234,4.157006340067463,-0.008573027819635648
2015-06-18,64.08000183105469,4.160132331334615,0.00312599126715174
2015-06-19,63.31999969482422,4.148201230193232,-0.01193110114138296
2015-06-22,64.02999877929688,4.159351704466161,0.011150474272929145
2015-06-23,63.58000183105469,4.152298984281881,-0.007052720184280048
2015-06-24,63.7599983215332,4.155126008157198,0.0028270238753167476
2015-06-25,64.87999725341797,4.172539367473894,0.01741335931669674
2015-06-26,67.16000366210938,4.207077886737471,0.03453851926357654
2015-06-29,66.80000305175781,4.201703126227597,-0.005374760509874399
2015-06-30,67.51000213623047,4.2122757666969495,0.010572640469352912
2015-07-01,66.08999633789062,4.191017394071415,-0.021258372625534427
2015-07-02,66.36000061035156,4.195094474519826,0.004077080448411152
2015-07-06,66.43000030517578,4.1961487662710955,0.001054291751269254
2015-07-07,65.52999877929688,4.182508034423249,-0.013640731847846865
2015-07-08,64.58999633789062,4.168059543346604,-0.01444849107664492
2015-07-09,64.83000183105469,4.171768487430845,0.0037089440842414945
2015-07-10,65.51000213623047,4.182202835353012,0.010434347922166687
2015-07-13,65.7300033569336,4.185555493347043,0.003352657994031283
2015-07-14,66.16999816894531,4.192227160351991,0.006671667004948034
2015-07-15,65.31999969482422,4.179298263430253,-0.012928896921738264
2015-07-16,65.30000305175781,4.178992083016807,-0.0003061804134460999
2015-07-17,65.87000274658203,4.18768314434961,0.008691061332803507
2015-07-20,65.8499984741211,4.187379405017249,-0.0003037393323612747
2015-07-21,65.4000015258789,4.180522281794635,-0.006857123222614447
2015-07-22,65.63999938964844,4.184185256923421,0.0036629751287859946
2015-07-23,65.91999816894531,4.188441857824294,0.004256600900873764
2015-07-24,65.83999633789062,4.1872275007474675,-0.001214357076826822
2015-07-27,64.30999755859375,4.163715102183682,-0.02351239856378573
2015-07-28,64.37999725341797,4.164802983208623,0.001087881024941062
2015-07-29,63.88999938964844,4.157162845061089,-0.007640138147533726
2015-07-30,63.65999984741211,4.153556419457027,-0.0036064256040617693
2015-07-31,64.01000213623047,4.159039354527298,0.005482935070270756
2015-08-03,65.36000061035156,4.179910459890052,0.020871105362753717
2015-08-04,64.91000366210938,4.173001751463637,-0.006908708426414556
2015-08-05,64.75,4.1705337005796475,-0.002468050883989825
2015-08-06,63.5,4.151039905898646,-0.019493794681001653
2015-08-07,62.77000045776367,4.139477259622154,-0.011562646276491506
2015-08-10,63.119998931884766,4.145037659615641,0.005560399993486342
2015-08-11,62.709999084472656,4.138520909955546,-0.006516749660094412
2015-08-12,65.70999908447266,4.18525110697693,0.04673019702138337
2015-08-13,67.1500015258789,4.206928945692685,0.021677838715755016
2015-08-14,67.16000366210938,4.207077886737471,0.00014894104478635484
2015-08-17,67.9800033569336,4.2192135936491635,0.012135706911692523
2015-08-18,67.93000030517578,4.218477767695714,-0.0007358259534493428
2015-08-19,67.36000061035156,4.21005137899511,-0.008426388700604193
2015-08-20,67.66000366210938,4.214495217477737,0.004443838482626639
2015-08-21,67.63999938964844,4.214199515006849,-0.0002957024708871714
2015-08-24,64.63999938964844,4.16883340477052,-0.04536611023632986
2015-08-25,63.7599983215332,4.155126008157198,-0.013707396613321876
2015-08-26,62.560001373291016,4.136126118188638,-0.01899988996855928
2015-08-27,63.83000183105469,4.156223327954393,0.020097209765754798
2015-08-28,63.75,4.154969184038536,-0.0012541439158573198
2015-08-31,63.7400016784668,4.1548123353222115,-0.00015684871632437591
2015-09-01,63.58000183105469,4.152298984281881,-0.0025133510403305692
2015-09-02,63.18000030517578,4.145987800204199,-0.006311184077682164
2015-09-03,63.119998931884766,4.145037659615641,-0.0009501405885581349
2015-09-04,63.06999969482422,4.144245215836876,-0.0007924437787645289
2015-09-08,63.290000915527344,4.147727353252806,0.0034821374159301755
2015-09-09,63.31999969482422,4.148201230193232,0.00047387694042555495
2015-09-10,63.47999954223633,4.15072488844706,0.002523658253828387
2015-09-11,64.08999633789062,4.160288288376028,0.009563399928968153
2015-09-14,63.5099983215332,4.151197347386497,-0.009090940989531227
2015-09-15,62.81999969482422,4.140273489252561,-0.01092385813393637
2015-09-16,62.380001068115234,4.133244728302376,-0.007028760950184676
2015-09-17,61.83000183105469,4.124388713184818,-0.008856015117558513
2015-09-18,59.84999847412109,4.091841406508929,-0.03254730667588834
2015-09-21,59.75,4.09016919081162,-0.0016722156973090208
2015-09-22,58.72999954223633,4.072950661740053,-0.017218529071567623
2015-09-23,58.70000076293945,4.0724397398313155,-0.0005109219087371386
2015-09-24,59.040000915527344,4.078215195799117,0.0057754559678011574
2015-09-25,59.63999938964844,4.088326479662608,0.010111283863491138
2015-09-28,59.79999923706055,4.091005648198401,0.002679168535792975
2015-09-29,60.04999923706055,4.095177535820922,0.004171887622521631
2015-09-30,59.4900016784668,4.085808259414081,-0.009369276406840932
2015-10-01,59.650001525878906,4.08849417412446,0.0026859147103781567
2015-10-02,59.20000076293945,4.080921554777451,-0.007572619347008924
2015-10-05,60.93000030517578,4.109725669269032,0.0288041144915816
2015-10-06,61.13999938964844,4.113166306479837,0.0034406372108044536
2015-10-07,61.93999862670898,4.126166152373745,0.012999845893908457
2015-10-08,61.61000061035156,4.120824204933176,-0.00534194744056915
2015-10-09,61.61000061035156,4.120824204933176,0.0
2015-10-12,61.68999862670898,4.122121820960386,0.0012976160272097914
2015-10-13,63.86000061035156,4.156693196844286,0.03457137588390058
2015-10-14,63.7599983215332,4.155126008157198,-0.0015671886870887164
2015-10-15,63.43999862670898,4.150094555679508,-0.0050314524776897684
2015-10-16,63.84999847412109,4.1565365585806795,0.006442002901171584
2015-10-19,63.2400016784668,4.146937038882491,-0.009599519698188175
2015-10-20,63.77999877929688,4.155439642442634,0.008502603560142319
2015-10-21,64.2300033569336,4.162470443533962,0.007030801091328698
2015-10-22,62.52000045776367,4.1354865128751515,-0.026983930658810884
2015-10-23,62.7599983215332,4.139317901120618,0.0038313882454668047
2015-10-26,62.130001068115234,4.129228981267221,-0.010088919853397549
2015-10-27,62.34000015258789,4.132603276786863,0.003374295519642523
2015-10-28,62.66999816894531,4.13788283501918,0.005279558232317072
2015-10-29,62.31999969482422,4.132282396665577,-0.005600438353603465
2015-10-30,63.31999969482422,4.148201230193232,0.015918833527654996
2015-11-02,63.290000915527344,4.147727353252806,-0.00047387694042555495
2015-11-03,62.56999969482422,4.136285925132922,-0.011441428119884023
2015-11-04,61.93999862670898,4.126166152373745,-0.010119772759177081
2015-11-05,61.95000076293945,4.126327620390558,0.00016146801681315992
2015-11-06,61.65999984741211,4.121635419983338,-0.004692200407220071
2015-11-09,61.900001525878906,4.125520204341259,0.003884784357921056
2015-11-10,61.93000030517578,4.126004719877723,0.0004845155364634479
2015-11-11,62.18000030517578,4.130033409538549,0.004028689660826146
2015-11-12,61.84000015258789,4.124550406746629,-0.005483002791919489
2015-11-13,61.68000030517578,4.121959734202801,-0.0025906725438282763
2015-11-16,61.7400016784668,4.122932046260064,0.0009723120572626698
2015-11-17,61.52999877929688,4.119524840913245,-0.00340720534681882
2015-11-18,61.52000045776367,4.11936233263828,-0.00016250827496477882
2015-11-19,61.58000183105469,4.120337172230922,0.0009748395926418851
2015-11-20,60.040000915527344,4.0950110220138844,-0.025326150217037657
2015-11-23,60.15999984741211,4.097007677105217,0.0019966550913324
2015-11-24,60.59999847412109,4.1042948678957485,0.007287190790531639
2015-11-25,61.97999954223633,4.126811744973935,0.022516877078186504
2015-11-27,62.630001068115234,4.137244413591692,0.010432668617757379
2015-11-30,61.29999923706055,4.115779830496171,-0.021464583095521128
2015-12-01,62.20000076293945,4.130355012011042,0.014575181514870472
2015-12-02,62.11000061035156,4.1289070163981565,-0.0014479956128852223
2015-12-03,61.86000061035156,4.124873777123583,-0.004033239274573219
2015-12-04,63.22999954223633,4.146778864830862,0.02190508770727906
2015-12-07,62.400001525878906,4.133565299828569,-0.013213565002293315
2015-12-08,62.27000045776367,4.131479776235632,-0.002085523592937122
2015-12-09,64.80999755859375,4.171459874769415,0.039980098533782815
2015-12-10,63.77000045776367,4.155282867505535,-0.01617700726388005
2015-12-11,63.709999084472656,4.154341521758167,-0.0009413457473677056
2015-12-14,63.380001068115234,4.149148371115334,-0.005193150642832656
2015-12-15,63.310001373291016,4.148043316247569,-0.0011050548677653538
2015-12-16,63.25,4.1470951276076295,-0.0009481886399393957
2015-12-17,62.9900016784668,4.142976010280397,-0.00411911732723258
2015-12-18,63.68999862670898,4.154027542821161,0.011051532540763631
2015-12-21,63.31999969482422,4.148201230193232,-0.005826312627928765
2015-12-22,63.15999984741211,4.145671186971547,-0.002530043221685041
2015-12-23,62.77000045776367,4.139477259622154,-0.006193927349392503
2015-12-24,63.65999984741211,4.153556419457027,0.014079159834873067
2015-12-28,63.970001220703125,4.1584142425444774,0.004857823087450086
2015-12-29,63.869998931884766,4.156849750850228,-0.001564491694249881
2015-12-30,63.970001220703125,4.1584142425444774,0.001564491694249881
2015-12-31,63.27999877929688,4.1475693041688935,-0.010844938375583979
2016-01-04,62.61000061035156,4.136925019505687,-0.010644284663206882
2016-01-05,62.68000030517578,4.138042422356611,0.0011174028509239875
2016-01-06,62.0,4.127134385045092,-0.010908037311518903
2016-01-07,61.43000030517578,4.1178983201436985,-0.00923606490139317
2016-01-08,61.400001525878906,4.117409860004544,-0.0004884601391541565
2016-01-11,61.5,4.119037174812473,0.0016273148079282151
2016-01-12,61.59000015258789,4.12049952217643,0.0014623473639572282
2016-01-13,62.13999938964844,4.1293898941427,0.008890371966270294
2016-01-14,61.900001525878906,4.125520204341259,-0.0038696898014407566
2016-01-15,61.40999984741211,4.117572685856568,-0.00794751848469133
2016-01-19,62.470001220703125,4.134686461046108,0.01711377518954027
2016-01-20,61.970001220703125,4.126650416672307,-0.008036044373801232
2016-01-21,62.09000015258789,4.128584947834329,0.001934531162022246
2016-01-22,62.45000076293945,4.134366248788392,0.005781300954062374
2016-01-25,61.59999847412109,4.120661845768712,-0.013704403019679567
2016-01-26,61.40999984741211,4.117572685856568,-0.0030891599121440905
2016-01-27,60.86000061035156,4.108576154497605,-0.008996531358962834
2016-01-28,61.36000061035156,4.1167581670060605,0.008182012508455294
2016-01-29,61.130001068115234,4.113002761513482,-0.0037554054925781344
2016-02-01,61.790000915527344,4.123741553889644,0.010738792376161932
2016-02-02,62.29999923706055,4.131961413547188,0.008219859657543793
2016-02-03,61.93999862670898,4.126166152373745,-0.005795261173442867
2016-02-04,60.22999954223633,4.09817055945537,-0.0279955929183755
2016-02-05,59.970001220703125,4.093844457535648,-0.004326101919721381
2016-02-08,59.59999847412109,4.087655548469309,-0.006188909066339399
2016-02-09,58.63999938964844,4.071417047169945,-0.016238501299364216
2016-02-10,58.880001068115234,4.075501492561164,0.00408444539121966
2016-02-11,58.41999816894531,4.067658265616652,-0.007843226944512338
2016-02-12,58.900001525878906,4.0758411165638035,0.008182850947151543
2016-02-16,59.84999847412109,4.091841406508929,0.0160002899451257
2016-02-17,59.869998931884766,4.0921755270966855,0.0003341205877562814
2016-02-18,59.90999984741211,4.0928434335488815,0.0006679064521959432
2016-02-19,60.0099983215332,4.094511187031636,0.0016677534827547191
2016-02-22,57.7400016784668,4.0559502033041825,-0.038560983727453646
2016-02-23,58.16999816894531,4.063369726445023,0.007419523140840489
2016-02-24,57.70000076293945,4.055257186736575,-0.008112539708448274
2016-02-25,58.15999984741211,4.063197830601676,0.007940643865101293
2016-02-26,57.91999816894531,4.059062716463947,-0.004135114137729268
2016-02-29,58.0099983215332,4.0606153805438785,0.0015526640799317093
2016-03-01,58.25,4.06474409244581,0.004128711901931759
2016-03-02,58.040000915527344,4.061132443790062,-0.0036116486557480343
2016-03-03,58.41999816894531,4.067658265616652,0.006525821826589784
2016-03-04,58.93000030517578,4.076350304028437,0.008692038411784786
2016-03-07,58.91999816894531,4.076180560517465,-0.00016974351097154283
2016-03-08,58.209999084472656,4.064057145555636,-0.012123414961829226
2016-03-09,56.59000015258789,4.035832293850808,-0.028224851704828247
2016-03-10,56.83000183105469,4.04006438752889,0.004232093678082194
2016-03-11,57.150001525878906,4.045679416940363,0.00561502941147296
2016-03-14,58.290000915527344,4.0654305677638805,0.019751150823517527
2016-03-15,58.2400016784668,4.064572432708259,-0.0008581350556218226
2016-03-16,58.31999969482422,4.065945082467622,0.0013726497593635756
2016-03-17,58.36000061035156,4.066630734112974,0.0006856516453517258
2016-03-18,57.15999984741211,4.0458543503921796,-0.020776383720794378
2016-03-21,58.16999816894531,4.063369726445023,0.01751537605284348
2016-03-22,58.369998931884766,4.066802040916655,0.0034323144716319476
2016-03-23,58.38999938964844,4.067144631842431,0.0003425909257757098
2016-03-24,57.720001220703125,4.055603755054372,-0.011540876788058263
2016-03-28,57.79999923706055,4.056988762478687,0.001385007424314466
2016-03-29,57.380001068115234,4.049695829167984,-0.00729293331070302
2016-03-30,57.66999816894531,4.054737075876763,0.005041246708779035
2016-03-31,58.43999862670898,4.068000563383337,0.013263487506574023
2016-04-01,59.20000076293945,4.080921554777451,0.012920991394113734
2016-04-04,58.959999084472656,4.076859232353141,-0.004062322424309706
2016-04-05,58.900001525878906,4.0758411165638035,-0.0010181157893374149
2016-04-06,58.75,4.073291153024268,-0.0025499635395354048
2016-04-07,59.02999877929688,4.078045768573229,0.004754615548961283
2016-04-08,60.06999969482422,4.095510543781734,0.017464775208504868
2016-04-11,60.709999084472656,4.106108414062004,0.010597870280269817
2016-04-12,61.5099983215332,4.119199735932571,0.01309132187056683
2016-04-13,61.630001068115234,4.121148782305244,0.0019490463726734575
2016-04-14,60.63999938964844,4.104954731268952,-0.016194051036292123
2016-04-15,60.02999877929688,4.094844416928867,-0.01011031434008558
2016-04-18,62.150001525878906,4.129550842508271,0.03470642557940451
2016-04-19,62.68999862670898,4.138201923379815,0.008651080871543648
2016-04-20,63.79999923706055,4.1557531783924455,0.017551255012630662
2016-04-21,63.4900016784668,4.150882439619069,-0.004870738773376182
2016-04-22,63.08000183105469,4.144403791122337,-0.006478648496732298
2016-04-25,64.7699966430664,4.170842481366299,0.02643869024396217
2016-04-26,63.459999084472656,4.150409771728208,-0.020432709638090962
2016-04-27,64.06999969482422,4.159976230887768,0.00956645915955967
2016-04-28,63.68999862670898,4.154027542821161,-0.0059486880666073105
2016-04-29,63.7599983215332,4.155126008157198,0.00109846533603708
2016-05-02,64.36000061035156,4.1644923316075815,0.009366323450383796
2016-05-03,63.04999923706055,4.143928050310382,-0.020564281297199116
2016-05-04,62.16999816894531,4.129872538828862,-0.014055511481520178
2016-05-05,61.630001068115234,4.121148782305244,-0.008723756523617787
2016-05-06,61.630001068115234,4.121148782305244,0.0
2016-05-09,61.33000183105469,4.116269149493667,-0.004879632811577217
2016-05-10,60.900001525878906,4.109233199771334,-0.0070359497223329015
2016-05-11,60.59999847412109,4.1042948678957485,-0.0049383318755857886
2016-05-12,60.72999954223633,4.106437802371798,0.0021429344760495184
2016-05-13,60.619998931884766,4.104624854009808,-0.0018129483619899744
2016-05-16,60.9900016784668,4.110709943828725,0.006085089818917311
2016-05-17,62.20000076293945,4.130355012011042,0.019645068182316372
2016-05-18,62.04999923706055,4.127940499355057,-0.002414512655985135
2016-05-19,61.06999969482422,4.112020742237896,-0.015919757117160316
2016-05-20,61.66999816894531,4.121797559312228,0.009776817074331312
2016-05-23,61.45000076293945,4.118223848427657,-0.003573710884570147
2016-05-24,63.0099983215332,4.143293417315862,0.02506956888820433
2016-05-25,62.900001525878906,4.141546187965201,-0.0017472293506610725
2016-05-26,64.33000183105469,4.164026113886373,0.022479925921172317
2016-05-27,64.27999877929688,4.163248521878908,-0.0007775920074646336
2016-05-31,63.93999862670898,4.157945122153888,-0.0053033997250206966
2016-06-01,63.16999816894531,4.145829475924465,-0.012115646229422516
2016-06-02,62.869998931884766,4.141069085405702,-0.004760390518763202
2016-06-03,63.91999816894531,4.1576322728119814,0.01656318740627949
2016-06-06,65.55000305175781,4.182813256765891,0.02518098395390922
2016-06-07,65.8499984741211,4.187379405017249,0.004566148251358371
2016-06-08,65.77999877929688,4.186315822203551,-0.0010635828136980052
2016-06-09,64.95999908447266,4.173771681759713,-0.012544140443838003
2016-06-10,64.75,4.1705337005796475,-0.0032379811800655744
2016-06-13,63.790000915527344,4.155596452606072,-0.014937247973575651
2016-06-14,63.040000915527344,4.1437694600725825,-0.011826992533489289
2016-06-15,62.59999847412109,4.1367652537309905,-0.007004206341592045
2016-06-16,63.29999923706055,4.147885317097375,0.011120063366384159
2016-06-17,64.56999969482422,4.167749901912098,0.019864584814722974
2016-06-20,64.38999938964844,4.164958332071111,-0.0027915698409861633
2016-06-21,62.84999847412109,4.140750910758151,-0.024207421312960165
2016-06-22,62.93999862670898,4.14218186981721,0.0014309590590588783
2016-06-23,64.87999725341797,4.172539367473894,0.030357497656684274
2016-06-24,64.5,4.1666652238017265,-0.005874143672167875
2016-06-27,63.47999954223633,4.15072488844706,-0.015940335354666324
2016-06-28,64.66000366210938,4.169142828933682,0.018417940486621376
2016-06-29,64.5,4.1666652238017265,-0.002477605131955052
2016-06-30,62.81999969482422,4.140273489252561,-0.02639173454916577
2016-07-01,63.619998931884766,4.152927869532013,0.012654380279451871
2016-07-05,63.75,4.154969184038536,0.0020413145065232285
2016-07-06,63.77999877929688,4.155439642442634,0.0004704584040977622
2016-07-07,63.66999816894531,4.153713465270418,-0.0017261771722152375
2016-07-08,65.91999816894531,4.188441857824294,0.03472839255387594
2016-07-11,68.13999938964844,4.2215644032755035,0.033122545451209184
2016-07-12,71.13999938964844,4.264649757940726,0.04308535466522212
2016-07-13,73.37999725341797,4.295651381497563,0.03100162355683711
2016-07-14,73.81999969482422,4.3016296934678,0.005978311970237016
2016-07-15,73.86000061035156,4.3021714176880455,0.0005417242202456762
2016-07-18,73.62999725341797,4.299052514078139,-0.0031189036099066314
2016-07-19,72.95999908447266,4.28991133321773,-0.009141180860408937
2016-07-20,71.94999694824219,4.275971390918396,-0.013939942299334263
2016-07-21,72.66000366210938,4.285791077193679,0.009819686275283068
2016-07-22,72.5199966430664,4.283862339596887,-0.0019287375967920184
2016-07-25,72.12000274658203,4.278331436418616,-0.005530903178271096
2016-07-26,73.62999725341797,4.299052514078139,0.020721077659523246
2016-07-27,73.83000183105469,4.301765177872031,0.002712663793892567
2016-07-28,73.0199966430664,4.290733330254693,-0.011031847617338109
2016-07-29,74.16000366210938,4.306224970638793,0.015491640384099448
2016-08-01,74.16999816894531,4.306359731061198,0.00013476042240512243
2016-08-02,73.66999816894531,4.299595635839901,-0.006764095221297062
2016-08-03,73.83999633789062,4.301900540599398,0.002304904759497184
2016-08-04,75.86000061035156,4.328889544306516,0.026989003707117654
2016-08-05,76.63999938964844,4.339119125698728,0.010229581392212417
2016-08-08,76.05999755859375,4.331522470401688,-0.0075966552970401224
2016-08-09,73.05999755859375,4.29128098795068,-0.040241482451008004
2016-08-10,71.16000366210938,4.264930914260665,-0.026350073690014852
2016-08-11,71.2699966430664,4.2664754344121425,0.0015445201514774354
2016-08-12,69.87999725341797,4.24677944596159,-0.019695988450552093
2016-08-15,68.08999633789062,4.220830305711508,-0.025949140250082436
2016-08-16,68.01000213623047,4.219654784598082,-0.0011755211134261145
2016-08-17,68.36000061035156,4.22478786717588,0.005133082577797765
2016-08-18,68.5,4.22683374526818,0.0020458780923000575
2016-08-19,67.56999969482422,4.213164093047644,-0.013669652220535511
2016-08-22,67.91999816894531,4.218330515044101,0.0051664219964564495
2016-08-23,68.12000274658203,4.221270896114246,0.0029403810701458255
2016-08-24,67.41000366210938,4.210793429191253,-0.01047746692299345
2016-08-25,67.75,4.21582445975981,0.005031030568557249
2016-08-26,67.70999908447266,4.215233865976252,-0.0005905937835581909
2016-08-29,66.69000244140625,4.200055053252495,-0.015178812723757318
2016-08-30,65.97000122070312,4.189200111738692,-0.010854941513803062
2016-08-31,65.31999969482422,4.179298263430253,-0.009901848308438765
2016-09-01,68.01000213623047,4.219654784598082,0.04035652116782895
2016-09-02,67.51000213623047,4.2122757666969495,-0.007379017901132379
2016-09-06,69.05999755859375,4.234975656609887,0.022699889912937365
2016-09-07,69.52999877929688,4.241758296554431,0.006782639944543867
2016-09-08,69.25,4.237723145067448,-0.0040351514869829685
2016-09-09,68.87999725341797,4.23236582024459,-0.0053573248228575565
2016-09-12,66.97000122070312,4.20424477614957,-0.028121044095020586
2016-09-13,67.19999694824219,4.20767320211604,0.0034284259664705274
2016-09-14,68.08000183105469,4.220683511160751,0.013010309044711121
2016-09-15,68.37999725341797,4.225080344044702,0.004396832883950985
2016-09-16,67.73999786376953,4.215676815853893,-0.00940352819080914
2016-09-19,68.9800033569336,4.233816656174011,0.01813984032011806
2016-09-20,70.81999969482422,4.260141442374582,0.026324786200571104
2016-09-21,71.80999755859375,4.274023708124088,0.013882265749505684
2016-09-22,71.16999816894531,4.265071355583279,-0.008952352540808839
2016-09-23,69.08000183105469,4.23526527978477,-0.029806075798509468
2016-09-26,69.16000366210938,4.236422713766352,0.001157433981582301
2016-09-27,69.38999938964844,4.239742756115499,0.0033200423491468456
2016-09-28,68.12999725341797,4.221417604471735,-0.018325151643764137
2016-09-29,67.94999694824219,4.218772095685337,-0.0026455087863972437
2016-09-30,68.29000091552734,4.223763356379461,0.004991260694123589
2016-10-03,68.7300033569336,4.230185833975846,0.0064224775963852565
2016-10-04,69.87999725341797,4.24677944596159,0.01659361198574416
2016-10-05,68.02999877929688,4.219948766413369,-0.026830679548221603
2016-10-06,67.70999908447266,4.215233865976252,-0.0047149004371167536
2016-10-07,67.19000244140625,4.207524463267915,-0.0077094027083370875
2016-10-11,67.13999938964844,4.20677998246116,-0.0007444808067553765
2016-10-12,68.97000122070312,4.233671645142245,0.026891662681085116
2016-10-13,69.30999755859375,4.238589160705448,0.004917515563203523
2016-10-14,70.56999969482422,4.256605120688298,0.018015959982849772
2016-10-17,71.19000244140625,4.265352393410011,0.008747272721713273
2016-10-18,71.1500015258789,4.264790345981805,-0.0005620474282066468
2016-10-19,71.0999984741211,4.26408731534817,-0.0007030306336348602
2016-10-20,69.80000305175781,4.245634053489784,-0.018453261858385694
2016-10-21,69.06999969482422,4.235120478682527,-0.010513574807257342
2016-10-24,68.7699966430664,4.230767554517819,-0.004352924164707339
2016-10-25,68.48999786376953,4.226687718019414,-0.004079836498405598
2016-10-26,69.26000213623047,4.237867569817915,0.011179851798501339
2016-10-27,69.76000213623047,4.245060810223293,0.007193240405378276
2016-10-28,70.81999969482422,4.260141442374582,0.015080632151288853
2016-10-31,68.86000061035156,4.232075466774036,-0.02806597560054591
2016-11-01,68.19999694824219,4.222444520102234,-0.009630946671802754
2016-11-02,68.5999984741211,4.228292512488706,0.005847992386472711
2016-11-03,68.06999969482422,4.220536582976596,-0.007755929512110349
2016-11-04,68.52999877929688,4.22727158778505,0.006735004808454015
2016-11-07,68.44999694824219,4.226103507150705,-0.0011680806343452588
2016-11-08,68.75,4.230476736546681,0.004373229395976175
2016-11-09,68.29000091552734,4.223763356379461,-0.006713380167219896
2016-11-10,69.19999694824219,4.237000818523076,0.013237462143615097
2016-11-14,68.9000015258789,4.232656200165896,-0.004344618357180252
2016-11-15,70.69000244140625,4.25830415471966,0.02564795455376423
2016-11-16,72.12999725341797,4.278470008437361,0.02016585371770052
2016-11-17,73.37999725341797,4.295651381497563,0.017181373060202176
2016-11-18,73.4000015258789,4.295923956409011,0.00027257491144805357
2016-11-21,73.5999984741211,4.29864500500278,0.002721048593769204
2016-11-22,73.72000122070312,4.3002741493602645,0.0016291443574845133
2016-11-23,73.08000183105469,4.291554756565288,-0.008719392794976244
2016-11-25,72.6500015258789,4.285653411019442,-0.005901345545845871
2016-11-28,73.2699966430664,4.294151202355936,0.008497791336493421
2016-11-29,72.37999725341797,4.281929980188897,-0.012221222167038803
2016-11-30,72.45999908447266,4.283034672831997,0.0011046926430999804
2016-12-01,71.80000305175781,4.273884518557768,-0.009150154274228939
2016-12-02,71.9800033569336,4.276388349287916,0.0025038307301477047
2016-12-05,72.30999755859375,4.280962398423808,0.004574049135892544
2016-12-06,72.38999938964844,4.282068159873615,0.0011057614498071189
2016-12-07,72.11000061035156,4.278192739392842,-0.003875420480773606
2016-12-08,71.41999816894531,4.26857791652846,-0.009614822864381978
2016-12-09,70.80000305175781,4.259859043803597,-0.008718872724863047
2016-12-12,71.69000244140625,4.2723513019198265,0.01249225811622967
2016-12-13,72.04000091552734,4.277221533016353,0.00487023109652629
2016-12-14,71.47000122070312,4.269277798311824,-0.00794373470452836
2016-12-15,71.66999816894531,4.272072224457416,0.0027944261455914443
2016-12-16,71.04000091552734,4.263243111571406,-0.008829112886010293
2016-12-19,69.56999969482422,4.242333435548949,-0.020909676022456303
2016-12-20,69.33999633789062,4.239021887443069,-0.003311548105879858
2016-12-21,70.12999725341797,4.250350623384666,0.011328735941596335
2016-12-22,70.19999694824219,4.251348267559431,0.000997644174765
2016-12-23,69.87000274658203,4.246636411874249,-0.004711855685181732
2016-12-27,69.73999786376953,4.244774010616153,-0.0018624012580961136
2016-12-28,69.75,4.244917420701475,0.00014341008532170463
2016-12-29,70.5,4.255612709818223,0.010695289116748441
2016-12-30,70.6500015258789,4.2577381307282565,0.0021254209100334265
2017-01-03,71.77999877929688,4.273605868713288,0.015867737985031383
2017-01-04,74.08000183105469,4.305145615055184,0.03153974634189627
2017-01-05,73.77999877929688,4.301087675623353,-0.004057939431831414
2017-01-06,73.98999786376953,4.3039299200655785,0.0028422444422258053
2017-01-09,72.98999786376953,4.2903224161961,-0.013607503869478066
2017-01-10,73.19000244140625,4.293058832970236,0.0027364167741357193
2017-01-11,73.13999938964844,4.2923754043762585,-0.0006834285939776308
2017-01-12,72.33999633789062,4.281377175900376,-0.010998228475882499
2017-01-13,72.2699966430664,4.280409058844998,-0.0009681170553781371
2017-01-17,72.11000061035156,4.278192739392842,-0.002216319452156057
2017-01-18,72.26000213623047,4.280270755282606,0.0020780158897641954
2017-01-19,72.69000244140625,4.286203857083093,0.005933101800486895
2017-01-20,73.04000091552734,4.291007248821315,0.004803391738222196
2017-01-23,74.62999725341797,4.312542534340642,0.021535285519326486
2017-01-24,73.56999969482422,4.2982373297960725,-0.014305204544569072
2017-01-25,73.87999725341797,4.302442118154779,0.004204788358706857
2017-01-26,74.19000244140625,4.306629403108918,0.004187284954138448
2017-01-27,74.8499984741211,4.315486090479814,0.008856687370895955
2017-01-30,74.13999938964844,4.305955189490167,-0.00953090098964715
2017-01-31,74.94000244140625,4.316687825943687,0.010732636453520072
2017-02-01,76.44000244140625,4.336506151310929,0.019818325367242373
2017-02-02,76.91000366210938,4.342635954684478,0.006129803373548626
2017-02-03,76.41000366210938,4.33611362558657,-0.006522329097907509
2017-02-06,75.62999725341797,4.325852993551899,-0.010260632034671424
2017-02-07,75.08999633789062,4.31868734534219,-0.007165648209708664
2017-02-08,75.25,4.3208159036289855,0.002128558286795368
2017-02-09,75.58000183105469,4.325191722148052,0.004375818519066321
2017-02-10,75.81999969482422,4.328362106063185,0.003170383915133357
2017-02-13,76.61000061035156,4.338727624495726,0.010365518432540632
2017-02-14,76.31999969482422,4.334935023141397,-0.003792601354328795
2017-02-15,75.70999908447266,4.32691024002266,-0.008024783118736778
2017-02-16,75.01000213623047,4.31762146646082,-0.009288773561840102
2017-02-17,73.4800033569336,4.297013306031921,-0.020608160428898792
2017-02-21,73.5199966430664,4.297557432387289,0.0005441263553676023
2017-02-22,74.13999938964844,4.305955189490167,0.008397757102877712
2017-02-23,75.0199966430664,4.317754699906558,0.011799510416391712
2017-02-24,75.41999816894531,4.323072467552105,0.0053177676455469225
2017-02-27,74.97000122070312,4.317088049797525,-0.005984417754580029
2017-02-28,75.33000183105469,4.321878486144715,0.004790436347189342
2017-03-01,76.8499984741211,4.341855450129317,0.019976963984602136
2017-03-02,75.69000244140625,4.32664608357641,-0.015209366552906722
2017-03-03,77.27999877929688,4.347435174108415,0.020789090532004728
2017-03-06,78.38999938964844,4.361696360414541,0.014261186306126383
2017-03-07,77.27999877929688,4.347435174108415,-0.014261186306126383
2017-03-08,76.9000015258789,4.342505896353977,-0.004929277754437855
2017-03-09,76.62999725341797,4.338988609140188,-0.0035172872137891886
2017-03-10,77.29000091552734,4.347564592964133,0.008575983823945421
2017-03-13,76.87000274658203,4.34211571909126,-0.005448873872873072
2017-03-14,77.1500015258789,4.34575159858725,0.003635879495989869
2017-03-15,78.08000183105469,4.357733965555845,0.011982366968594782
2017-03-16,78.16999816894531,4.358885918808231,0.001151953252386484
2017-03-17,78.36000061035156,4.361313600865411,0.002427682057179581
2017-03-20,77.33000183105469,4.348082002299396,-0.013231598566014746
2017-03-21,76.83999633789062,4.341725290241461,-0.006356712057934644
2017-03-22,77.33999633789062,4.34821123882837,0.006485948586908208
2017-03-23,77.2699966430664,4.347305738501288,-0.0009055003270814765
2017-03-24,77.47000122070312,4.349890780400918,0.0025850418996302693
2017-03-27,76.94000244140625,4.3430259290554485,-0.00686485134546988
2017-03-28,76.87999725341797,4.342245728936463,-0.0007802001189851637
2017-03-29,76.13999938964844,4.332573742938176,-0.009671985998287447
2017-03-30,76.2300033569336,4.3337551300370905,0.001181387098914577
2017-03-31,77.33000183105469,4.348082002299396,0.014326872262305557
2017-04-03,75.47000122070312,4.323735242471457,-0.02434675982793877
2017-04-04,74.8499984741211,4.315486090479814,-0.008249151991643444
2017-04-05,74.87000274658203,4.315753312927273,0.0002672224474595808
2017-04-06,74.51000213623047,4.310933373236022,-0.004819939691251385
2017-04-07,73.45999908447266,4.296741027928585,-0.014192345307437293
2017-04-10,75.1500015258789,4.319486136503427,0.02274510857484202
2017-04-11,75.01000213623047,4.31762146646082,-0.0018646700426065976
2017-04-12,74.7300033569336,4.313881662863027,-0.0037398035977931343
2017-04-13,75.62000274658203,4.325720834783628,0.011839171920600577
2017-04-17,77.02999877929688,4.344194940517761,0.018474105734133772
2017-04-18,76.81999969482422,4.341465018945151,-0.0027299215726106496
2017-04-19,77.66999816894531,4.352469058856756,0.011004039911605368
2017-04-20,80.06999969482422,4.38290124827318,0.030432189416424116
2017-04-21,78.98999786376953,4.369321235132012,-0.013580013141168301
2017-04-24,80.08999633789062,4.383150956610663,0.013829721478651358
2017-04-25,80.70999908447266,4.390862471992862,0.007711515382198719
2017-04-26,80.69000244140625,4.39061468211703,-0.0002477898758321828
2017-04-27,79.31999969482422,4.373490299804195,-0.01712438231283464
2017-04-28,80.2300033569336,4.384897551606939,0.011407251802744156
2017-05-01,80.44999694824219,4.3876358355047955,0.002738283897856242
2017-05-02,80.83000183105469,4.39234820639891,0.004712370894114137
2017-05-03,80.69000244140625,4.39061468211703,-0.0017335242818798946
2017-05-04,80.83000183105469,4.39234820639891,0.0017335242818798946
2017-05-05,79.76000213623047,4.379022152436813,-0.013326053962096296
2017-05-08,76.77999877929688,4.34094417367394,-0.038077978762873776
2017-05-09,77.43000030517578,4.349374306339944,0.00843013266600412
2017-05-10,76.48999786376953,4.337159985405542,-0.01221432093440189
2017-05-11,79.18000030517578,4.371723745532187,0.034563760126645526
2017-05-12,82.18000030517578,4.408911967168768,0.03718822163658064
2017-05-15,85.31999969482422,4.446408890026312,0.037496922857544135
2017-05-16,81.31999969482422,4.398391985007369,-0.04801690501894296
2017-05-17,80.16999816894531,4.384149357215211,-0.014242627792158125
2017-05-18,79.23999786376953,4.372481194871359,-0.011668162343852373
2017-05-19,79.44999694824219,4.375127854571676,0.0026466597003169667
2017-05-22,78.38999938964844,4.361696360414541,-0.013431494157134516
2017-05-23,77.22000122070312,4.346658506644212,-0.015037853770329512
2017-05-24,77.54000091552734,4.350793944049945,0.004135437405733633
2017-05-25,77.16000366210938,4.345881235498768,-0.00491270855117687
2017-05-26,77.08999633789062,4.344973522966832,-0.0009077125319363333
2017-05-30,77.26000213623047,4.347176384888025,0.002202861921192678
2017-05-31,76.9800033569336,4.343545691463466,-0.003630693424558906
2017-06-01,77.62999725341797,4.351953915037168,0.008408223573701967
2017-06-02,76.69000244140625,4.339771353611508,-0.012182561425659877
2017-06-05,76.30999755859375,4.334803959308274,-0.004967394303234229
2017-06-06,76.0199966430664,4.330996419402544,-0.0038075399057300174
2017-06-07,75.79000091552734,4.327966369903728,-0.003030049498815579
2017-06-08,76.55000305175781,4.337944161969895,0.009977792066166558
2017-06-09,75.69000244140625,4.32664608357641,-0.011298078393484623
2017-06-12,75.12999725341797,4.3192199098233415,-0.007426173753068532
2017-06-13,74.4800033569336,4.310530678040422,-0.008689231782919471
2017-06-14,73.5,4.297285406218791,-0.013245271821631377
2017-06-15,71.91000366210938,4.275415388040689,-0.021870018178101525
2017-06-16,71.87999725341797,4.2749980237047005,-0.00041736433598860145
2017-06-19,71.38999938964844,4.26815779496483,-0.006840228739870113
2017-06-20,71.3499984741211,4.267597322537016,-0.000560472427814318
2017-06-21,70.88999938964844,4.261129371257086,-0.006467951279930162
2017-06-22,71.13999938964844,4.264649757940726,0.0035203866836397424
2017-06-23,72.6500015258789,4.285653411019442,0.021003653078716766
2017-06-26,73.68000030517578,4.299731396088959,0.014077985069516963
2017-06-27,74.44000244140625,4.309993464571017,0.010262068482057352
2017-06-28,74.41000366210938,4.309590390624454,-0.0004030739465630262
2017-06-29,74.0,4.30406509320417,-0.005525297420283515
2017-06-30,75.30999755859375,4.321612895695171,0.017547802491001185
2017-07-03,73.69000244140625,4.299867137909675,-0.0217457577854967
2017-07-05,73.86000061035156,4.3021714176880455,0.002304279778370777
2017-07-06,75.01000213623047,4.31762146646082,0.015450048772774672
2017-07-07,75.29000091552734,4.321347336022043,0.0037258695612232273
2017-07-10,67.72000122070312,4.2153815752906745,-0.10596576073136887
2017-07-11,68.1500015258789,4.221711180532547,0.006329605241872649
2017-07-12,68.12999725341797,4.221417604471735,-0.0002935760608124838
2017-07-13,66.54000091552734,4.197803284349383,-0.023614320122351984
2017-07-14,67.18000030517578,4.207375588726805,0.009572304377422292
2017-07-17,68.56999969482422,4.2278551168457,0.020479528118895196
2017-07-18,68.86000061035156,4.232075466774036,0.004220349928336198
2017-07-19,68.76000213623047,4.230622211582572,-0.001453255191464109
2017-07-20,69.55000305175781,4.242045962248068,0.011423750665495724
2017-07-21,69.13999938964844,4.236133425665715,-0.005912536582353134
2017-07-24,69.0,4.23410650459726,-0.0020269210684551453
2017-07-25,69.55000305175781,4.242045962248068,0.00793945765080828
2017-07-26,69.0199966430664,4.234396269032742,-0.007649693215325826
2017-07-27,70.5,4.255612709818223,0.021216440785480906
2017-07-28,70.22000122070312,4.251633188124266,-0.003979521693956656
2017-07-31,70.5,4.255612709818223,0.003979521693956656
2017-08-01,71.16999816894531,4.265071355583279,0.009458645765056062
2017-08-02,71.75,4.273187854639731,0.00811649905645151
2017-08-03,71.55000305175781,4.27039654865456,-0.0027913059851707445
2017-08-04,70.98999786376953,4.262538991959302,-0.00785755669525745
2017-08-07,71.22000122070312,4.265773694989524,0.003234703030221553
2017-08-08,71.91000366210938,4.275415388040689,0.009641693051165134
2017-08-09,71.81999969482422,4.274162984548761,-0.0012524034919279003
2017-08-10,69.26000213623047,4.237867569817915,-0.036295414730846076
2017-08-11,69.23999786376953,4.237578699455459,-0.0002888703624561728
2017-08-14,68.5,4.22683374526818,-0.010744954187279276
2017-08-15,67.68000030517578,4.214790719807066,-0.012043025461113466
2017-08-16,67.55000305175781,4.212868109583969,-0.0019226102230973652
2017-08-17,67.44999694824219,4.211386537409022,-0.0014815721749465993
2017-08-18,67.79000091552734,4.216414704948219,0.005028167539196993
2017-08-21,68.70999908447266,4.229894735718471,0.013480030770251616
2017-08-22,68.87999725341797,4.23236582024459,0.002471084526119327
2017-08-23,69.5999984741211,4.242764545416827,0.01039872517223639
2017-08-24,70.16999816894531,4.250920843169645,0.008156297752818453
2017-08-25,68.61000061035156,4.228438305598756,-0.02248253757088925
2017-08-28,70.33000183105469,4.253198476355113,0.02476017075635717
2017-08-29,70.55999755859375,4.256463377098107,0.0032649007429936816
2017-08-30,71.47000122070312,4.269277798311824,0.012814421213717786
2017-08-31,71.4800033569336,4.269417737254483,0.00013993894265862394
2017-09-01,72.55000305175781,4.284276021394398,0.014858284139914524
2017-09-05,75.26000213623047,4.320948813549964,0.03667279215556629
2017-09-06,75.26000213623047,4.320948813549964,0.0
2017-09-07,75.02999877929688,4.317888017288103,-0.00306079626186051
2017-09-08,75.58999633789062,4.325323950857076,0.00743593356897243
2017-09-11,73.70999908447266,4.300138462780531,-0.02518548807654497
2017-09-12,70.70999908447266,4.258586992668513,-0.041551470112017874
2017-09-13,69.9800033569336,4.24820953490944,-0.010377457759072506
2017-09-14,69.77999877929688,4.245347418265032,-0.0028621166444082746
2017-09-15,70.12999725341797,4.250350623384666,0.005003205119633591
2017-09-18,70.41000366210938,4.254335350542251,0.003984727157585688
2017-09-19,69.9800033569336,4.24820953490944,-0.006125815632811005
2017-09-20,70.04000091552734,4.249066520489143,0.0008569855797029291
2017-09-21,69.04000091552734,4.2346860600359975,-0.014380460453145893
2017-09-22,69.08999633789062,4.23540994949579,0.000723889459792737
2017-09-25,70.08999633789062,4.24978007826356,0.014370128767770218
2017-09-26,69.37999725341797,4.239598601954085,-0.010181476309475634
2017-09-27,69.27999877929688,4.238156246634331,-0.0014423553197540073
2017-09-28,69.5999984741211,4.242764545416827,0.004608298782495801
2017-09-29,69.08000183105469,4.23526527978477,-0.0074992656320569395
2017-10-02,68.19999694824219,4.222444520102234,-0.012820759682536043
2017-10-03,68.1500015258789,4.221711180532547,-0.0007333395696864642
2017-10-04,69.43000030517578,4.240319055160628,0.018607874628080445
2017-10-05,68.9000015258789,4.232656200165896,-0.007662854994731738
2017-10-06,69.47000122070312,4.240895022276448,0.00823882211055249
2017-10-09,69.58000183105469,4.242477196039615,0.0015821737631664945
2017-10-10,68.94999694824219,4.233381559978863,-0.009095636060751922
2017-10-11,68.7300033569336,4.230185833975846,-0.0031957260030166523
2017-10-12,67.83999633789062,4.217151937502081,-0.013033896473765516
2017-10-13,68.62000274658203,4.228584077456272,0.011432139954191456
2017-10-16,67.52999877929688,4.212571925510294,-0.01601215194597838
2017-10-17,67.7699966430664,4.216119569613808,0.003547644103513825
2017-10-18,67.62999725341797,4.214051630974959,-0.0020679386388486876
2017-10-19,67.30999755859375,4.209308777751543,-0.004742853223415722
2017-10-20,66.87999725341797,4.20289992770913,-0.0064088500424128725
2017-10-23,69.72000122070312,4.24448723816047,0.04158731045134001
2017-10-24,69.54000091552734,4.241902139745194,-0.0025850984152766543
2017-10-25,69.30999755859375,4.238589160705448,-0.0033129790397454784
2017-10-26,68.19000244140625,4.222297962335556,-0.0162911983698919
2017-10-27,68.19999694824219,4.222444520102234,0.00014655776667726883
2017-10-30,68.63999938964844,4.228875446287638,0.006430926185404751
2017-10-31,68.37999725341797,4.225080344044702,-0.0037951022429361103
2017-11-01,68.16999816894531,4.222004558514569,-0.0030757855301333237
2017-11-02,69.08000183105469,4.23526527978477,0.013260721270200726
2017-11-03,68.72000122070312,4.230040295439433,-0.005224984345336914
2017-11-06,68.8499984741211,4.231930203012298,0.0018899075728651127
2017-11-07,68.06999969482422,4.220536582976596,-0.011393620035701879
2017-11-08,68.62999725341797,4.228729716900405,0.00819313392380927
2017-11-09,68.29000091552734,4.223763356379461,-0.004966360520944235
2017-11-10,69.05000305175781,4.234830924051648,0.011067567672187195
2017-11-13,68.87999725341797,4.23236582024459,-0.002465103807058
2017-11-14,68.5999984741211,4.228292512488706,-0.0040733077558838815
2017-11-15,68.80999755859375,4.231349047733989,0.00305653524528271
2017-11-16,69.20999908447266,4.237145347625519,0.00579629989153041
2017-11-17,69.77999877929688,4.245347418265032,0.008202070639512726
2017-11-20,71.37000274658203,4.26787765146668,0.02253023320164793
2017-11-21,70.9000015258789,4.261270455059646,-0.0066071964070344436
2017-11-22,70.73999786376953,4.259011153578996,-0.002259301480649789
2017-11-24,72.2300033569336,4.279855518538368,0.020844364959372363
2017-11-27,72.1500015258789,4.278747306368582,-0.0011082121697860714
2017-11-28,74.05000305175781,4.304740581925931,0.025993275557349094
2017-11-29,75.5199966430664,4.324397477386323,0.01965689546039151
2017-11-30,75.04000091552734,4.318021316898493,-0.00637616048782963
2017-12-01,75.43000030517578,4.3232050779113536,0.005183761012860444
2017-12-04,75.02999877929688,4.317888017288103,-0.005317060623250214
2017-12-05,74.95999908447266,4.316954625716622,-0.0009333915714817564
2017-12-06,75.16999816894531,4.3197521908305285,0.0027975651139069413
2017-12-07,74.2300033569336,4.307168426352863,-0.012583764477665405
2017-12-08,73.72000122070312,4.3002741493602645,-0.006894276992598591
2017-12-11,73.0,4.290459441148391,-0.00981470821187358
2017-12-12,72.91000366210938,4.289225854046144,-0.001233587102246858
2017-12-13,74.12999725341797,4.305820271617744,0.016594417571599962
2017-12-14,75.33000183105469,4.321878486144715,0.016058214526970538
2017-12-15,75.91999816894531,4.329680130183459,0.007801644038744726
2017-12-18,75.19999694824219,4.320151190373908,-0.009528939809551495
2017-12-19,75.02999877929688,4.317888017288103,-0.002263173085804482
2017-12-20,75.70999908447266,4.32691024002266,0.009022222734556884
2017-12-21,77.94000244140625,4.3559393312347385,0.029029091212078306
2017-12-22,77.87000274658203,4.35504080486027,-0.0008985263744687444
2017-12-26,77.43000030517578,4.349374306339944,-0.00566649852032608
2017-12-27,78.94999694824219,4.36881470204734,0.019440395707396085
2017-12-28,78.80000305175781,4.366913035591724,-0.00190166645561618
2017-12-29,78.62999725341797,4.364753271072964,-0.0021597645187592107
2018-01-02,77.5,4.350277936359301,-0.014475334713663024
2018-01-03,78.11000061035156,4.358118097436206,0.00784016107690455
2018-01-04,79.25,4.37260741275739,0.01448931532118447
2018-01-05,78.01000213623047,4.35683705098428,-0.015770361773109975
2018-01-08,78.13999938964844,4.358502081815924,0.0016650308316439322
2018-01-09,78.3499984741211,4.3611859493268685,0.0026838675109441823
2018-01-10,79.6500015258789,4.377642055513357,0.01645610618648874
2018-01-11,82.6500015258789,4.414614842728968,0.03697278721561048
2018-01-12,81.68000030517578,4.402809177592647,-0.011805665136320975
2018-01-16,81.43000030517578,4.399743759226747,-0.003065418365899575
2018-01-17,82.13999938964844,4.408425101097787,0.008681341871040082
2018-01-18,82.62999725341797,4.414372777473567,0.005947676375779309
2018-01-19,83.41999816894531,4.423888066818971,0.009515289345404021
2018-01-22,83.41000366210938,4.42376825015844,-0.00011981666053095807
2018-01-23,82.26000213623047,4.409884988771528,-0.013883261386911983
2018-01-24,82.2699966430664,4.410006480376977,0.00012149160544971949
2018-01-25,81.87999725341797,4.405254727249097,-0.004751753127880676
2018-01-26,80.4800033569336,4.38800874806283,-0.017245979186267135
2018-01-29,78.36000061035156,4.361313600865411,-0.026695147197418834
2018-01-30,77.02999877929688,4.344194940517761,-0.017118660347649417
2018-01-31,77.27999877929688,4.347435174108415,0.0032402335906533963
2018-02-01,78.3499984741211,4.3611859493268685,0.013750775218453803
2018-02-02,77.30000305175781,4.347693995072778,-0.01349195425409011
2018-02-05,76.56999969482422,4.338205351139453,-0.009488643933325491
2018-02-06,76.19000244140625,4.333230252528575,-0.004975098610877637
2018-02-07,75.95999908447266,4.3302068738913295,-0.003023378637245777
2018-02-08,76.62000274658203,4.338858175119305,0.008651301227975416
2018-02-09,76.68000030517578,4.339640922157305,0.0007827470380004087
2018-02-12,76.44999694824219,4.336636892456721,-0.003004029700583999
2018-02-13,76.37999725341797,4.33572084583793,-0.0009160466187916327
2018-02-14,75.5999984741211,4.325456263001904,-0.010264582836025937
2018-02-15,75.41000366210938,4.322939940777204,-0.002516322224700218
2018-02-16,75.72000122070312,4.327042342462399,0.004102401685195822
2018-02-20,77.51000213623047,4.350406987854128,0.023364645391728445
2018-02-21,78.91000366210938,4.368308008941628,0.017901021087499913
2018-02-22,80.54000091552734,4.38875396679067,0.02044595784904235
2018-02-23,81.44999694824219,4.399989297580186,0.011235330789515885
2018-02-26,81.69999694824219,4.40305396451274,0.0030646669325538056
2018-02-27,81.76000213623047,4.4037881525834575,0.0007341880707176784
2018-02-28,81.6500015258789,4.40244183810452,-0.001346314478937849
2018-03-01,82.56999969482422,4.413646414733373,0.011204576628853324
2018-03-02,82.72000122070312,4.415461425517169,0.0018150107837957563
2018-03-05,85.41000366210938,4.447463232834877,0.032001807317707964
2018-03-06,83.83999633789062,4.428910176892991,-0.01855305594188561
2018-03-07,84.19999694824219,4.433194885004126,0.004284708111135238
2018-03-08,85.12000274658203,4.44406205786051,0.010867172856383611
2018-03-09,84.5199966430664,4.436988153030231,-0.007073904830279254
2018-03-12,83.27999877929688,4.422208409648895,-0.01477974338133592
2018-03-13,82.9800033569336,4.418599655359452,-0.0036087542894422953
2018-03-14,83.44000244140625,4.4241278399519395,0.005528184592487051
2018-03-15,83.52999877929688,4.425205834153866,0.0010779942019265576
2018-03-16,82.8499984741211,4.417031725455204,-0.008174108698661975
2018-03-19,81.2300033569336,4.39728467838914,-0.019747047066063672
2018-03-20,83.08000183105469,4.419804021047568,0.02251934265842781
2018-03-21,82.58999633789062,4.413888563481792,-0.005915457565776272
2018-03-22,82.1500015258789,4.408546863057579,-0.005341700424213336
2018-03-23,81.83000183105469,4.404643946915615,-0.003902916141963253
2018-03-26,81.77999877929688,4.404032700009825,-0.0006112469057901748
2018-03-27,82.0199966430664,4.40696307903568,0.0029303790258552453
2018-03-28,80.73999786376953,4.391234088966652,-0.015728990069028725
2018-03-29,81.45999908447266,4.400112090981286,0.008878002014633957
2018-04-02,80.97000122070312,4.394078730774016,-0.0060333602072697445
2018-04-03,82.0199966430664,4.40696307903568,0.012884348261664513
2018-04-04,79.63999938964844,4.377516471532114,-0.029446607503566646
2018-04-05,82.56999969482422,4.413646414733373,0.036129943201259174
2018-04-06,82.54000091552734,4.413283035416359,-0.0003633793170143562
2018-04-09,82.91000366210938,4.417755726297821,0.004472690881462071
2018-04-10,83.52999877929688,4.425205834153866,0.007450107856045385
2018-04-11,83.83000183105469,4.428790960492241,0.0035851263383746
2018-04-12,83.69000244140625,4.427119525216801,-0.00167143527543967
2018-04-13,83.41000366210938,4.42376825015844,-0.0033512750583613027
2018-04-16,83.25,4.421848128860553,-0.0019201212978865456
2018-04-17,83.12999725341797,4.420405614503395,-0.0014425143571576982
2018-04-18,82.73999786376953,4.415703135214671,-0.004702479288724248
2018-04-19,82.97000122070312,4.418479111388778,0.0027759761741066313
2018-04-20,85.47000122070312,4.448165451460167,0.029686340071389594
2018-04-23,83.19000244140625,4.421127177643148,-0.027038273817018954
2018-04-24,82.26000213623047,4.409884988771528,-0.011242188871620762
2018-04-25,84.76000213623047,4.439823758603383,0.029938769831855616
2018-04-26,84.98999786376953,4.442533577375454,0.002709818772070882
2018-04-27,85.33000183105469,4.446526114007003,0.003992536631549193
2018-04-30,84.68000030517578,4.4388794498705355,-0.007646664136467862
2018-05-01,85.12000274658203,4.44406205786051,0.005182607989974386
2018-05-02,85.01000213623047,4.442768921758434,-0.0012931361020758203
2018-05-03,84.44999694824219,4.436159607116949,-0.006609314641485398
2018-05-04,86.3499984741211,4.458408786921826,0.022249179804877173
2018-05-07,85.98999786376953,4.454230985580027,-0.00417780134179857
2018-05-08,85.37999725341797,4.447111849160899,-0.007119136419127869
2018-05-09,85.86000061035156,4.452718069905098,0.005606220744198254
2018-05-10,84.55999755859375,4.437461312690101,-0.01525675721499642
2018-05-11,84.62000274658203,4.438170677749756,0.0007093650596550205
2018-05-14,83.69999694824219,4.427238941034762,-0.010931736714994145
2018-05-15,83.76000213623047,4.427955592066465,0.0007166510317029307
2018-05-16,84.3499984741211,4.434974790902126,0.007019198835661378
2018-05-17,85.02999877929688,4.443004121041555,0.008029330139428303
2018-05-18,86.55000305175781,4.460722316882273,0.01771819584071821
2018-05-21,88.41999816894531,4.482098167689494,0.021375850807221042
2018-05-22,87.3499984741211,4.469923019111503,-0.012175148577990846
2018-05-23,86.95999908447266,4.46544823228481,-0.004474786826692778
2018-05-24,87.45999908447266,4.47118153551682,0.00573330323200949
2018-05-25,89.20999908447266,4.4909931306630835,0.019811595146263627
2018-05-29,93.20999908447266,4.534855002250865,0.04386187158778121
2018-05-30,92.48999786376952,4.527100507469288,-0.0077544947815768595
2018-05-31,93.1500015258789,4.534211113428476,0.007110605959188554
2018-06-01,93.3000030517578,4.535820140562384,0.0016090271339077589
2018-06-04,92.0999984741211,4.522874926693629,-0.012945213868754912
2018-06-05,89.83999633789062,4.498030269667616,-0.024844657026013017
2018-06-06,90.9499969482422,4.510309871409894,0.012279601742277713
2018-06-07,93.72000122070312,4.540311626664596,0.030001755254701834
2018-06-08,94.94000244140624,4.553245138838426,0.012933512173829875
2018-06-11,94.75,4.5512418439625355,-0.002003294875890127
2018-06-12,95.20999908447266,4.556084968681726,0.0048431247191906834
2018-06-13,93.80999755859376,4.541271434112849,-0.014813534568877351
2018-06-14,93.41000366210938,4.536998445089439,-0.004272989023410112
2018-06-15,90.72000122070312,4.507777853435164,-0.029220591654274486
2018-06-18,87.31999969482422,4.469579528186831,-0.03819832524833355
2018-06-19,83.31999969482422,4.4226886127300755,-0.04689091545675517
2018-06-20,83.20999908447266,4.421367521909726,-0.0013210908203493688
2018-06-21,83.20999908447266,4.421367521909726,0.0
2018-06-22,85.43000030517578,4.4476973307357595,0.026329808826033307
2018-06-25,85.94000244140625,4.453649406755114,0.005952076019354102
2018-06-26,85.04000091552734,4.443121744799536,-0.010527661955577194
2018-06-27,85.75,4.45143608604605,0.008314341246513202
2018-06-28,84.93000030517578,4.44182739138518,-0.009608694660869332
2018-06-29,85.37999725341797,4.447111849160899,0.005284457775719176
2018-07-02,84.5,4.436751534363128,-0.01036031479777133
2018-07-03,84.54000091552734,4.43722480596816,0.00047327160503218835
2018-07-05,83.7300033569336,4.427597376308703,-0.009627429659457398
2018-07-06,86.37999725341797,4.45875613573605,0.03115875942734725
2018-07-09,87.16000366210938,4.467745552092358,0.008989416356308233
2018-07-10,87.5,4.471638793363569,0.0038932412712107123
2018-07-11,85.23999786376953,4.445470782169054,-0.02616801119451484
2018-07-12,89.23999786376953,4.491329345626294,0.04585856345723993
2018-07-13,88.9000015258789,4.487512159683851,-0.003817185942443402
2018-07-16,88.87999725341797,4.487287114429236,-0.00022504525461464198
2018-07-17,89.19999694824219,4.490881005373431,0.003593890944195266
2018-07-18,88.83000183105469,4.486724451394631,-0.004156553978800659
2018-07-19,88.30000305175781,4.4807401421711575,-0.005984309223473261
2018-07-20,87.73999786376953,4.474377871390786,-0.006362270780371659
2018-07-23,87.47000122070312,4.471295891387441,-0.0030819800033450306
2018-07-24,87.31999969482422,4.469579528186831,-0.0017163632006100826
2018-07-25,88.80000305175781,4.486386684364766,0.01680715617793549
2018-07-26,89.02999877929688,4.488973377874436,0.0025866935096701127
2018-07-27,89.05999755859375,4.489310272480505,0.0003368946060691158
2018-07-30,89.94999694824219,4.499253926469273,0.009943653988767842
2018-07-31,90.27999877929688,4.502915938428033,0.0036620119587595923
2018-08-01,89.05999755859375,4.489310272480505,-0.013605665947527434
2018-08-02,89.44000244140625,4.49356803670337,0.004257764222864502
2018-08-03,88.66999816894531,4.484921592741699,-0.008646443961670691
2018-08-06,88.69000244140625,4.4851471709157735,0.00022557817407431457
2018-08-07,88.22000122070312,4.479833708513827,-0.00531346240194619
2018-08-08,87.38999938964844,4.470380852655226,-0.009452855858601339
2018-08-09,87.26000213623047,4.468892192176674,-0.0014886604785520063
2018-08-10,85.86000061035156,4.452718069905098,-0.01617412227157633
2018-08-13,83.13999938964844,4.420525926483241,-0.032192143421856834
2018-08-14,83.41000366210938,4.42376825015844,0.0032423236751988327
2018-08-15,81.08000183105469,4.395436344167108,-0.028331905991331396
2018-08-16,82.12999725341797,4.408303324310215,0.012866980143106943
2018-08-17,81.75,4.403665809777363,-0.004637514532852549
2018-08-20,83.0999984741211,4.420044683499442,0.016378873722079135
2018-08-21,83.5,4.42484663185681,0.0048019483573682464
2018-08-22,82.5199966430664,4.413040647522808,-0.011805984334001707
2018-08-23,81.7300033569336,4.403421172601494,-0.009619474921314541
2018-08-24,81.80999755859375,4.404399455683213,0.0009782830817188781
2018-08-27,83.5199966430664,4.425086083941157,0.02068662825794476
2018-08-28,83.80999755859375,4.428552302980564,0.0034662190394065817
2018-08-29,82.97000122070312,4.418479111388778,-0.010073191591786212
2018-08-30,82.41999816894531,4.411828103694526,-0.006651007694252087
2018-08-31,82.30999755859375,4.4104925773234385,-0.0013355263710872478
2018-09-04,82.77999877929688,4.416186471574233,0.005693894250794251
2018-09-05,81.70999908447266,4.403176382192022,-0.013010089382210488
2018-09-06,81.37999725341797,4.3991295088234565,-0.004046873368565684
2018-09-07,82.12999725341797,4.408303324310215,0.009173815486758663
2018-09-10,83.93000030517578,4.429983121730811,0.021679797420596003
2018-09-11,83.02999877929688,4.419201973571987,-0.010781148158824472
2018-09-12,82.76000213623047,4.415944878689697,-0.0032570948822900903
2018-09-13,81.62000274658203,4.402074363628505,-0.013870515061191746
2018-09-14,81.9000015258789,4.405499009490024,0.0034246458615188047
2018-09-17,81.51000213623047,4.400725738314566,-0.004773271175457339
2018-09-18,79.1500015258789,4.3713448056053394,-0.029380932709226926
2018-09-19,79.62999725341797,4.3773908717775525,0.006046066172213038
2018-09-20,79.06999969482422,4.370333532223271,-0.007057339554281228
2018-09-21,79.27999877929688,4.3729858746243675,0.0026523424010962415
2018-09-24,78.7300033569336,4.366024319834932,-0.006961554789435276
2018-09-25,80.41000366210938,4.387138592103017,0.021114272268084378
2018-09-26,79.0,4.3694478524670215,-0.0176907396359951
2018-09-27,78.12000274658203,4.358246141166978,-0.011201711300043549
2018-09-28,76.76000213623047,4.340683698969494,-0.01756244219748382
2018-10-01,76.69999694824219,4.3399016685849725,-0.0007820303845216259
2018-10-02,76.58000183105469,4.338335969959499,-0.0015656986254732885
2018-10-03,76.8499984741211,4.341855450129317,0.0035194801698175127
2018-10-04,76.38999938964844,4.3358517895633275,-0.006003660565989222
2018-10-05,76.48999786376953,4.337159985405542,0.0013081958422143103
2018-10-08,77.94000244140625,4.3559393312347385,0.018779345829196714
2018-10-09,77.4000015258789,4.348986800309879,-0.006952530924859701
2018-10-10,76.80000305175781,4.341204679890056,-0.00778212041982318
2018-10-11,76.80999755859375,4.341334808225585,0.00013012833552927816
2018-10-12,78.37000274658203,4.3614412361111174,0.02010642788553252
2018-10-15,78.72000122070312,4.365897268250897,0.004456032139779964
2018-10-16,78.33000183105469,4.360930694755308,-0.004966573495589266
2018-10-17,77.91999816894531,4.355682635835118,-0.005248058920190424
2018-10-18,78.05000305175781,4.357349686061476,0.0016670502263584908
2018-10-19,77.91999816894531,4.355682635835118,-0.0016670502263584908
2018-10-22,80.0199966430664,4.382276561477906,0.026593925642788285
2018-10-23,78.98999786376953,4.369321235132012,-0.012955326345894136
2018-10-24,77.06999969482422,4.34471409583018,-0.024607139301831893
2018-10-25,77.68000030517578,4.352597827911697,0.007883732081516825
2018-10-26,78.52999877929688,4.363480701842366,0.01088287393066878
2018-10-29,77.16999816894531,4.346010756741966,-0.017469945100399897
2018-10-30,76.9000015258789,4.342505896353977,-0.0035048603879888063
2018-10-31,76.86000061035156,4.34198559307778,-0.0005203032761968984
2018-11-01,79.02999877929688,4.369827511770811,0.02784191869303143
2018-11-02,78.79000091552734,4.366786096877439,-0.003041414893372618
2018-11-05,78.87000274658203,4.367800962234066,0.0010148653566268706
2018-11-06,77.43000030517578,4.349374306339944,-0.018426655894121957
2018-11-07,78.95999908447266,4.368941383530402,0.019567077190457915
2018-11-08,79.01000213623047,4.3695744537721115,0.0006330702417098877
2018-11-09,78.08999633789062,4.357861960778573,-0.011712492993538604
2018-11-12,76.37999725341797,4.33572084583793,-0.022141114940643192
2018-11-13,75.86000061035156,4.328889544306516,-0.006831301531414091
2018-11-14,76.38999938964844,4.3358517895633275,0.006962245256811883
2018-11-15,76.25,4.334017415487521,-0.0018343740758064442
2018-11-16,76.12000274658203,4.332311078510213,-0.0017063369773078207
2018-11-19,75.87999725341797,4.329153108870424,-0.0031579696397896484
2018-11-20,75.2699966430664,4.32108160444788,-0.008071504422543896
2018-11-21,76.51000213623047,4.337421479164692,0.016339874716812197
2018-11-23,74.91999816894531,4.316420853135756,-0.021000626028936153
2018-11-26,77.4000015258789,4.348986800309879,0.03256594717412309
2018-11-27,76.7699966430664,4.340813895112652,-0.008172905197226576
2018-11-28,77.76000213623047,4.353627187624283,0.012813292511630436
2018-11-29,76.63999938964844,4.339119125698728,-0.01450806192555465
2018-11-30,77.16000366210938,4.345881235498768,0.006762109800040328
2018-12-03,78.91000366210938,4.368308008941628,0.02242677344285937
2018-12-04,78.7699966430664,4.366532171098327,-0.0017758378433008204
2018-12-06,78.0199966430664,4.3569651610519315,-0.009567010046395374
2018-12-07,80.2300033569336,4.384897551606939,0.027932390555007736
2018-12-10,79.87999725341797,4.380525474163763,-0.004372077443176359
2018-12-11,80.0199966430664,4.382276561477906,0.001751087314143085
2018-12-12,79.97000122070312,4.381651579608311,-0.0006249818695946985
2018-12-13,79.41000366210938,4.374624351023595,-0.007027228584716383
2018-12-14,79.5999984741211,4.377014073681004,0.0023897226574094432
2018-12-17,78.54000091552734,4.363608060806692,-0.01340601287431209
2018-12-18,77.8499984741211,4.354783878679764,-0.00882418212692837
2018-12-19,76.70999908447266,4.34003206603629,-0.014751812643473805
2018-12-20,75.05999755859375,4.3182877611808115,-0.021744304855478624
2018-12-21,73.18000030517578,4.2929221637612685,-0.02536559741954303
2018-12-24,72.55000305175781,4.284276021394398,-0.00864614236687089
2018-12-26,73.5,4.297285406218791,0.013009384824393067
2018-12-27,72.05999755859375,4.27749907143976,-0.019786334779031023
2018-12-28,72.19000244140625,4.279301565970244,0.001802494530484644
2018-12-31,72.19999694824219,4.279440003630666,0.00013843766042143102
2019-01-02,70.83999633789062,4.260423761219129,-0.019016242411536766
2019-01-03,70.83000183105469,4.2602826656169315,-0.00014109560219743855
2019-01-04,72.5199966430664,4.283862339596887,0.023579673979955196
2019-01-07,72.75,4.287028906051602,0.0031665664547153582
2019-01-08,71.66999816894531,4.272072224457416,-0.014956681594186172
2019-01-09,73.12999725341797,4.292238641725331,0.020166417267915016
2019-01-10,72.8499984741211,4.2884025116957245,-0.003836130029606366
2019-01-11,72.48999786376953,4.283448591843474,-0.004953919852250799
2019-01-14,72.98999786376953,4.2903224161961,0.006873824352626734
2019-01-15,72.36000061035156,4.281653668962025,-0.008668747234075624
2019-01-16,73.2699966430664,4.294151202355936,0.01249753339391102
2019-01-17,74.37000274658203,4.309052671646525,0.014901469290589553
2019-01-18,73.88999938964844,4.3025774925402835,-0.006475179106241846
2019-01-22,73.12999725341797,4.292238641725331,-0.010338850814952671
2019-01-23,73.5199966430664,4.297557432387289,0.005318790661958062
2019-01-24,73.13999938964844,4.2923754043762585,-0.005182028011030404
2019-01-25,74.12999725341797,4.305820271617744,0.013444867241485525
2019-01-28,73.8499984741211,4.302035988315521,-0.0037842833022230238
2019-01-29,74.1500015258789,4.306090089162214,0.004054100846692776
2019-01-30,74.36000061035156,4.308918171061306,0.0028280818990920054
2019-01-31,74.4000015258789,4.309455962348171,0.0005377912868649304
2019-02-01,73.63999938964844,4.299188348076561,-0.010267614271609382
2019-02-04,72.76000213623047,4.287166383009878,-0.012021965066683293
2019-02-05,73.4000015258789,4.295923956409011,0.008757573399132745
2019-02-06,73.66000366210938,4.2994599607333095,0.0035360043242986805
2019-02-07,72.80999755859375,4.287853274875425,-0.011606685857884713
2019-02-08,72.55000305175781,4.284276021394398,-0.0035772534810272205
2019-02-11,70.55000305175781,4.256321721555488,-0.027954299838909513
2019-02-12,69.77999877929688,4.245347418265032,-0.0109743032904559
2019-02-13,69.86000061035156,4.246493248115468,0.0011458298504356534
2019-02-14,70.12999725341797,4.250350623384666,0.003857375269197938
2019-02-15,70.22000122070312,4.251633188124266,0.0012825647396006445
2019-02-19,70.41000366210938,4.254335350542251,0.0027021624179850434
2019-02-20,70.27999877929688,4.252487245949757,-0.001848104592494515
2019-02-21,72.19000244140625,4.279301565970244,0.026814320020487337
2019-02-22,71.83999633789062,4.274441373018033,-0.004860192952211406
2019-02-25,71.93000030517578,4.275693428121942,0.0012520551039090222
2019-02-26,70.8499984741211,4.2605649445999365,-0.015128483522005354
2019-02-27,71.19000244140625,4.265352393410011,0.004787448810074757
2019-02-28,71.73999786376953,4.273048442326739,0.007696048916727705
2019-03-01,72.7300033569336,4.286754000322555,0.013705557995815632
2019-03-04,71.97000122070312,4.27624938248099,-0.010504617841564645
2019-03-05,73.44999694824219,4.296604861071106,0.020355478590116327
2019-03-06,73.05000305175781,4.291144179972996,-0.005460681098110598
2019-03-07,71.9000015258789,4.275276285949238,-0.015867894023757323
2019-03-08,73.48999786376953,4.297149313472464,0.02187302752322573
2019-03-11,73.19999694824219,4.293195379276584,-0.00395393419587986
2019-03-12,74.8499984741211,4.315486090479814,0.022290711203229563
2019-03-13,75.72000122070312,4.327042342462399,0.011556251982585586
2019-03-14,74.30000305175781,4.308110992797169,-0.018931349665230357
2019-03-15,75.5,4.324132656254979,0.016021663457809865
2019-03-18,75.2699966430664,4.32108160444788,-0.003051051807099192
2019-03-19,75.6500015258789,4.326117460404608,0.005035855956728064
2019-03-20,75.5,4.324132656254979,-0.0019848041496288715
2019-03-21,77.18000030517578,4.3461403600635515,0.022007703808572643
2019-03-22,76.58000183105469,4.338335969959499,-0.007804390104052317
2019-03-25,77.7300033569336,4.353241326429232,0.014905356469732567
2019-03-26,77.88999938964844,4.3552975670957865,0.002056240666554743
2019-03-27,76.94999694824219,4.343155820625917,-0.012141746469869652
2019-03-28,75.87000274658203,4.329021385551143,-0.014134435074773855
2019-03-29,77.61000061035156,4.351696292730389,0.022674907179245807
2019-04-01,77.36000061035156,4.348469859034795,-0.0032264336955938333
2019-04-02,77.2699966430664,4.347305738501288,-0.001164120533506896
2019-04-03,77.05000305175781,4.344454601373624,-0.0028511371276644937
2019-04-04,77.31999969482422,4.347952650393211,0.0034980490195870573
2019-04-05,78.25,4.359908829420263,0.011956179027052372
2019-04-08,78.91999816894531,4.368434657953012,0.008525828532748747
2019-04-09,78.08999633789062,4.357861960778573,-0.010572697174438872
2019-04-10,77.62000274658203,4.351825161325738,-0.006036799452834529
2019-04-11,76.9800033569336,4.343545691463466,-0.00827946986227257
2019-04-12,78.11000061035156,4.358118097436206,0.014572405972740121
2019-04-15,76.48999786376953,4.337159985405542,-0.02095811203066411
2019-04-16,77.94000244140625,4.3559393312347385,0.018779345829196714
2019-04-17,78.11000061035156,4.358118097436206,0.002178766201467397
2019-04-18,77.30999755859375,4.347823281752946,-0.010294815683259628
2019-04-22,77.19000244140625,4.346269946590292,-0.0015533351626544345
2019-04-23,76.56999969482422,4.338205351139453,-0.00806459545083893
2019-04-24,75.7699966430664,4.327702391639024,-0.010502959500429121
2019-04-25,76.97000122070312,4.343415751405693,0.015713359766668766
2019-04-26,76.75,4.340553386467307,-0.002862364938385653
2019-04-29,76.12999725341797,4.332442369240595,-0.008111017226712036
2019-04-30,75.9800033569336,4.330470191941284,-0.0019721772993106512
2019-05-01,75.91000366210938,4.329548476271455,-0.0009217156698291262
2019-05-02,74.6500015258789,4.31281054442564,-0.016737931845814735
2019-05-03,74.77999877929688,4.314550453225042,0.0017399087994016682
2019-05-06,72.6500015258789,4.285653411019442,-0.028897042205599632
2019-05-07,72.27999877929688,4.280547448835495,-0.005105962183947099
2019-05-08,71.44999694824219,4.268997861664079,-0.011549587171415965
2019-05-09,70.2300033569336,4.251775617970067,-0.01722224369401193
2019-05-10,68.44999694824219,4.226103507150705,-0.025672110819362715
2019-05-13,65.44999694824219,4.181286445728592,-0.044817061422112836
2019-05-14,66.76000213623047,4.2011041307922925,0.01981768506370063
2019-05-15,66.3499984741211,4.194943737780795,-0.006160393011497511
2019-05-16,66.80000305175781,4.201703126227597,0.006759388446801573
2019-05-17,65.98999786376953,4.189503183023296,-0.01219994320430029
2019-05-20,67.91000366210938,4.218183353051621,0.028680170028324348
2019-05-21,67.31999969482422,4.209457364789394,-0.008725988262226814
2019-05-22,66.75,4.200954297280359,-0.008503067509034956
2019-05-23,67.4800033569336,4.2118313074248555,0.010877010144496602
2019-05-24,68.38999938964844,4.225226606185432,0.013395298760576324
2019-05-28,69.47000122070312,4.240895022276448,0.015668416091016546
2019-05-29,69.05999755859375,4.234975656609887,-0.0059193656665614824
2019-05-30,69.33999633789062,4.239021887443069,0.0040462308331825625
2019-05-31,68.08000183105469,4.220683511160751,-0.01833837628231816
2019-06-03,69.41999816894531,4.240174984057168,0.019491472896416617
2019-06-04,68.97000122070312,4.233671645142245,-0.006503338914923162
2019-06-05,68.73999786376953,4.230331240344724,-0.003340404797520513
2019-06-06,68.58999633789062,4.228146698119927,-0.002184542224797248
2019-06-07,65.58999633789062,4.183423189472293,-0.044723508647633636
2019-06-10,65.98999786376953,4.189503183023296,0.006079993551002971
2019-06-11,65.6500015258789,4.184337623991438,-0.0051655590318580025
2019-06-12,66.56999969482422,4.198254021028328,0.013916397036889627
2019-06-13,66.83000183105469,4.202152108921672,0.0038980878933436713
2019-06-14,65.94000244140625,4.188745274668247,-0.013406834253424371
2019-06-17,65.62999725341797,4.184032866636141,-0.004712408032106374
2019-06-18,65.31999969482422,4.179298263430253,-0.004734603205887922
2019-06-19,65.37999725341797,4.1802163592865496,0.0009180958562966524
2019-06-20,63.209999084472656,4.146462502000307,-0.033753857286242805
2019-06-21,61.18999862670898,4.113983755031386,-0.032478746968920724
2019-06-24,62.29999923706055,4.131961413547188,0.01797765851580202
2019-06-25,62.20000076293945,4.130355012011042,-0.001606401536146329
2019-06-26,63.4900016784668,4.150882439619069,0.020527427608027615
2019-06-27,62.9900016784668,4.142976010280397,-0.00790642933867236
2019-06-28,63.150001525878906,4.145512872959269,0.0025368626788724313
2019-07-01,63.16999816894531,4.145829475924465,0.0003166029651957558
2019-07-02,63.77000045776367,4.155282867505535,0.009453391581069504
2019-07-03,63.75,4.154969184038536,-0.000313683466998782
2019-07-05,63.43999862670898,4.150094555679508,-0.004874628359027966
2019-07-08,62.33000183105469,4.132442880197539,-0.017651675481968887
2019-07-09,60.22999954223633,4.09817055945537,-0.03427232074216935
2019-07-10,63.540000915527344,4.151669643250047,0.05349908379467738
2019-07-11,62.88999938964844,4.141387158850346,-0.01028248439970092
2019-07-12,62.36000061035156,4.132924053977125,-0.008463104873221106
2019-07-15,63.70000076293945,4.154184574555189,0.021260520578064046
2019-07-16,62.33000183105469,4.132442880197539,-0.021741694357650054
2019-07-17,61.88999938964844,4.125358605889393,-0.007084274308145844
2019-07-18,60.77999877929688,4.107260767404687,-0.018097838484706585
2019-07-19,62.25,4.131158535344817,0.023897767940129988
2019-07-22,62.790000915527344,4.1397958397068,0.008637304361983844
2019-07-23,63.290000915527344,4.147727353252806,0.007931513546005853
2019-07-24,63.88999938964844,4.157162845061089,0.009435491808282848
2019-07-25,63.810001373291016,4.15590993940182,-0.0012529056592693877
2019-07-26,64.23999786376953,4.162626036384607,0.006716096982787079
2019-07-29,63.77000045776367,4.155282867505535,-0.007343168879072159
2019-07-30,62.869998931884766,4.141069085405702,-0.014213782099832706
2019-07-31,63.220001220703125,4.146620726096284,0.005551640690582005
2019-08-01,61.84000015258789,4.124550406746629,-0.022070319349654532
2019-08-02,58.93999862670898,4.0765199540097345,-0.04803045273689488
2019-08-05,57.90999984741211,4.058890078602784,-0.017629875406950823
2019-08-06,58.27000045776367,4.065087389010889,0.006197310408105672
2019-08-07,58.58000183105469,4.070393372656922,0.0053059836460329635
2019-08-08,59.540000915527344,4.0866483709643076,0.016254998307385193
2019-08-09,59.04999923706055,4.078384529723143,-0.008263841241164194
2019-08-12,58.02999877929688,4.060960097166792,-0.017424432556351732
2019-08-13,59.34000015258789,4.083283617434093,0.022323520267301333
2019-08-14,59.61000061035156,4.087823355470915,0.004539738036822172
2019-08-15,59.65999984741211,4.088661776528978,0.000838421058062977
2019-08-16,60.08000183105469,4.095677037932821,0.007015261403842565
2019-08-19,59.18000030517578,4.080583652128802,-0.015093385804018311
2019-08-20,59.16999816894531,4.080414625742942,-0.0001690263858602492
2019-08-21,59.869998931884766,4.0921755270966855,0.011760901353743414
2019-08-22,58.869998931884766,4.075331604896545,-0.01684392220014086
2019-08-23,57.970001220703125,4.059925656409138,-0.015405948487406285
2019-08-26,57.65999984741211,4.054563689563917,-0.005361966845221389
2019-08-27,57.540000915527344,4.052480374034547,-0.002083315529369578
2019-08-28,58.34999847412109,4.066459332582112,0.013978958547564702
2019-08-29,58.880001068115234,4.075501492561164,0.009042159979052222
2019-08-30,59.04999923706055,4.078384529723143,0.0028830371619790185
2019-09-03,58.310001373291016,4.0657736287856165,-0.012610900937526814
2019-09-04,58.77000045776367,4.07363152841363,0.00785789962801342
2019-09-05,59.15999984741211,4.080245635263358,0.006614106849728074
2019-09-06,58.72999954223633,4.072950661740053,-0.007294973523305437
2019-09-09,59.119998931884766,4.079569258573044,0.006618596832991486
2019-09-10,59.5,4.085976312551584,0.006407053978540134
2019-09-11,59.369998931884766,4.08378903029176,-0.0021872822598245634
2019-09-12,62.25,4.131158535344817,0.047369505053056926
2019-09-13,61.630001068115234,4.121148782305244,-0.010009753039572189
2019-09-16,61.59000015258789,4.12049952217643,-0.0006492601288146105
2019-09-17,60.119998931884766,4.096342547118386,-0.024156975058043706
2019-09-18,59.36000061035156,4.083620609141327,-0.012721937977058673
2019-09-19,58.9900016784668,4.077367966468396,-0.006252642672931685
2019-09-20,59.130001068115234,4.079738427896585,0.0023704614281889747
2019-09-23,59.83000183105469,4.09150723800623,0.011768810109645145
2019-09-24,59.31999969482422,4.082946512125163,-0.008560725881066489
2019-09-25,59.369998931884766,4.08378903029176,0.0008425181665963066
2019-09-26,59.20000076293945,4.080921554777451,-0.0028674755143089925
2019-09-27,59.81999969482422,4.091340048100235,0.010418493322783995
2019-09-30,59.75,4.09016919081162,-0.0011708572886144353
2019-10-01,59.900001525878906,4.092676530595175,0.002507339783554663
2019-10-02,60.25,4.098502572370764,0.005826041775589097
2019-10-03,60.52000045776367,4.102973896483997,0.004471324113232811
2019-10-04,60.59000015258789,4.104129865475265,0.0011559689912683524
2019-10-07,60.75,4.1067670822206574,0.0026372167453923012
2019-10-08,60.2400016784668,4.0983366113546325,-0.008430470866024997
2019-10-09,61.0099983215332,4.111037757652421,0.012701146297788846
2019-10-10,61.41999816894531,4.117735485200649,0.006697727548227839
2019-10-11,63.880001068115234,4.157006340067463,0.03927085486681392
2019-10-14,62.220001220703125,4.130676511088635,-0.026329828978828296
2019-10-15,63.52999877929688,4.151512216063848,0.020835704975213254
2019-10-16,64.54000091552734,4.167285200809241,0.015772984745392904
2019-10-17,64.98999786376953,4.1742333790361155,0.006948178226874546
2019-10-18,65.16000366210938,4.176845839935644,0.0026124608995283793
2019-10-21,64.55999755859375,4.167594986145611,-0.009250853790033098
2019-10-22,64.66999816894531,4.169297387144682,0.001702400999071152
2019-10-23,64.94999694824219,4.173617696130344,0.004320308985661825
2019-10-24,64.6500015258789,4.168988128820015,-0.00462956731032893
2019-10-25,64.9000015258789,4.172847647221276,0.003859518401260864
2019-10-28,64.79000091552734,4.171151284592555,-0.001696362628720749
2019-10-29,64.72000122070312,4.170070291611533,-0.0010809929810218222
2019-10-30,65.69999694824219,4.185098879040673,0.015028587429140039
2019-10-31,64.44000244140625,4.165734596195276,-0.019364282845397263
2019-11-01,64.2300033569336,4.162470443533962,-0.003264152661313524
2019-11-04,63.65999984741211,4.153556419457027,-0.008914024076934979
2019-11-05,63.810001373291016,4.15590993940182,0.0023535199447923816
2019-11-06,63.68999862670898,4.154027542821161,-0.0018823965806591403
2019-11-07,64.3499984741211,4.164336910329953,0.010309367508792633
2019-11-08,64.72000122070312,4.170070291611533,0.005733381281579852
2019-11-11,64.29000091552734,4.163404112394183,-0.006666179217350354
2019-11-12,64.73999786376953,4.1703792155010255,0.006975103106842795
2019-11-13,64.22000122070312,4.1623147076695135,-0.008064507831512024
2019-11-14,64.2699966430664,4.163092907151459,0.0007781994819451299
2019-11-15,64.86000061035156,4.172231110289464,0.009138203138005174
2019-11-18,64.20999908447266,4.162158947547628,-0.010072162741836088
2019-11-19,63.43999862670898,4.150094555679508,-0.012064391868119806
2019-11-20,62.2400016784668,4.13099790683779,-0.019096648841718356
2019-11-21,61.84000015258789,4.124550406746629,-0.00644750009116013
2019-11-22,63.41999816894531,4.14977924023832,0.02522883349169014
2019-11-25,64.69000244140625,4.169606667795981,0.019827427557661537
2019-11-26,64.9000015258789,4.172847647221276,0.0032409794252945545
2019-11-27,64.91000366210938,4.173001751463637,0.00015410424236161901
2019-11-29,64.4000015258789,4.165113656804079,-0.007888094659557865
2019-12-02,63.84999847412109,4.1565365585806795,-0.008577098223399915
2019-12-03,63.09999847412109,4.144720745365251,-0.011815813215428683
2019-12-04,63.16999816894531,4.145829475924465,0.0011087305592143437
2019-12-05,63.5099983215332,4.151197347386497,0.005367871462031992
2019-12-06,65.0,4.174387269895637,0.02318992250913965
2019-12-09,65.37999725341797,4.1802163592865496,0.005829089390912756
2019-12-10,65.93000030517578,4.188593577753993,0.008377218467443548
2019-12-11,65.87999725341797,4.187834863618758,-0.0007587141352347615
2019-12-12,67.16999816894531,4.207226692018765,0.019391828400006972
2019-12-13,66.80000305175781,4.201703126227597,-0.00552356579116875
2019-12-16,66.97000122070312,4.20424477614957,0.0025416499219730326
2019-12-17,66.44000244140625,4.196299321491123,-0.007945454658446316
2019-12-18,66.73999786376953,4.20080444131498,0.004505119823856596
2019-12-19,67.58000183105469,4.213312108380768,0.012507667065787764
2019-12-20,67.95999908447266,4.218919283332169,0.005607174951401284
2019-12-23,68.61000061035156,4.228438305598756,0.009519022266586852
2019-12-24,68.69999694824219,4.229749154806791,0.0013108492080355916
2019-12-26,68.69999694824219,4.229749154806791,0.0
2019-12-27,68.91999816894531,4.232946385091901,0.0031972302851093204
2019-12-30,69.55999755859375,4.242189654388235,0.009243269296334233
2019-12-31,69.05000305175781,4.234830924051648,-0.0073587303365867385
2020-01-02,69.2699966430664,4.238011863572933,0.0031809395212851754
2020-01-03,69.19999694824219,4.237000818523076,-0.0010110450498572732
2020-01-06,70.04000091552734,4.249066520489143,0.012065701966067266
2020-01-07,69.83000183105469,4.2460637430795485,-0.00300277740959487
2020-01-08,69.95999908447266,4.247923637063961,0.0018598939844123308
2020-01-09,70.69000244140625,4.25830415471966,0.01038051765569925
2020-01-10,71.30999755859375,4.267036535803691,0.008732381084031182
2020-01-13,71.52999877929688,4.2701169250546815,0.003080389250990301
2020-01-14,71.37999725341797,4.2680176795837,-0.0020992454709816144
2020-01-15,70.31999969482422,4.253056249037106,-0.01496143054659349
2020-01-16,70.22000122070312,4.251633188124266,-0.0014230609128400573
2020-01-17,71.25,4.26619481914876,0.014561631024493593
2020-01-21,69.23999786376953,4.237578699455459,-0.028616119693301023
2020-01-22,71.12999725341797,4.26450915013187,0.026930450676410977
2020-01-23,70.02999877929688,4.24892370423628,-0.015585445895589523
2020-01-24,69.4000015258789,4.239886889499486,-0.009036814736794518
2020-01-27,69.51000213623047,4.241470657845101,0.0015837683456148
2020-01-28,70.36000061035156,4.253624928544053,0.012154270698951919
2020-01-29,70.05999755859375,4.2493519829219775,-0.004272945622075142
2020-01-30,69.05000305175781,4.234830924051648,-0.014521058870329284
2020-01-31,67.5,4.212127597878484,-0.02270332617316395
2020-02-03,66.83999633789062,4.202301648938002,-0.009825948940481943
2020-02-04,67.3499984741211,4.209902880200413,0.007601231262410302
2020-02-05,67.51000213623047,4.2122757666969495,0.0023728864965368857
2020-02-06,67.91000366210938,4.218183353051621,0.005907586354671146
2020-02-07,67.75,4.21582445975981,-0.002358893291810382
2020-02-10,68.19000244140625,4.222297962335556,0.006473502575746082
2020-02-11,68.2300033569336,4.2228844000275885,0.000586437692032149
2020-02-12,68.58000183105469,4.228000973734317,0.005116573706728467
2020-02-13,67.75,4.21582445975981,-0.012176513974506697
2020-02-14,67.41000366210938,4.210793429191253,-0.005031030568557249
2020-02-18,67.87000274658203,4.2175941511839445,0.00680072199269155
2020-02-19,68.4800033569336,4.226541780854128,0.008947629670183588
2020-02-20,68.75,4.230476736546681,0.003934955692552755
2020-02-21,68.93000030517578,4.233091501324889,0.0026147647782082117
2020-02-24,67.52999877929688,4.212571925510294,-0.020519575814595292
2020-02-25,66.33000183105469,4.194642311142691,-0.017929614367602653
2020-02-26,65.55000305175781,4.182813256765891,-0.011829054376800485
2020-02-27,62.59999847412109,4.1367652537309905,-0.0460480030349002
2020-02-28,61.59000015258789,4.12049952217643,-0.01626573155456068
2020-03-02,63.47999954223633,4.15072488844706,0.030225366270630438
2020-03-03,62.75,4.139158578011894,-0.011566310435166649
2020-03-04,62.959999084472656,4.142499589567735,0.0033410115558414333
2020-03-05,63.52999877929688,4.151512216063848,0.009012626496113008
2020-03-06,62.970001220703125,4.142658441886122,-0.008853774177725704
2020-03-09,61.38999938964844,4.1172469454972065,-0.025411496388915822
2020-03-10,61.40999984741211,4.117572685856568,0.0003257403593615038
2020-03-11,61.54999923706055,4.1198498402350205,0.0022771543784525505
2020-03-12,59.70000076293945,4.089332033178112,-0.030517807056908985
2020-03-13,60.4900016784668,4.102478089866662,0.013146056688550622
2020-03-16,58.79999923706055,4.07414184192942,-0.028336247937241765
2020-03-17,57.91999816894531,4.059062716463947,-0.01507912546547363
2020-03-18,56.63999938964844,4.036715438609483,-0.022347277854463776
2020-03-19,54.93000030517578,4.006059652910251,-0.03065578569923222
2020-03-20,53.68000030517578,3.9830404983485193,-0.023019154561731536
2020-03-23,52.150001525878906,3.954124210706204,-0.028916287642315464
2020-03-24,52.88999938964844,3.9682142735378703,0.014090062831666472
2020-03-25,53.43999862670898,3.9785595035305787,0.010345229992708482
2020-03-26,52.77999877929688,3.96613230794704,-0.012427195583538886
2020-03-27,51.33000183105469,3.938275412244424,-0.027856895702615958
2020-03-30,50.70000076293945,3.925925925645253,-0.012349486599171122
2020-03-31,51.130001068115234,3.934371429982094,0.008445504336841214
2020-04-01,48.40999984741211,3.879706400799612,-0.05466502918248217
2020-04-02,49.9900016784668,3.9118230190015297,0.03211661820191791
2020-04-03,50.97999954223633,3.93143338996869,0.01961037096716023
2020-04-06,53.04999923706055,3.9712348506784756,0.03980146070978563
2020-04-07,52.900001525878906,3.968403367708845,-0.002831482969630539
2020-04-08,53.84000015258789,3.9860166881705714,0.017613320461726367
2020-04-09,54.369998931884766,3.9958125115125243,0.009795823341952836
2020-04-13,52.7599983215332,3.9657532960358686,-0.030059215476655687
2020-04-14,52.5099983215332,3.9610035956850598,-0.004749700350808794
2020-04-15,52.75,3.965563772356176,0.0045601766711160785
2020-04-16,52.790000915527344,3.9663217961783426,0.0007580238221667202
2020-04-17,52.77000045776367,3.965942856092272,-0.0003789400860707559
2020-04-20,54.02999877929688,3.9895394252629126,0.02359656917064079
2020-04-21,53.310001373291016,3.976123956595146,-0.01341546866776655
2020-04-22,56.27999877929688,4.030339210556368,0.05421525396122151
2020-04-23,56.880001068115234,4.0409438042733825,0.010604593717014943
2020-04-24,54.93000030517578,4.006059652910251,-0.03488415136313172
2020-04-27,53.93000030517578,3.9876869150078744,-0.018372737902376368
2020-04-28,56.18000030517578,4.028560827108205,0.04087391210033031
2020-04-29,58.02000045776367,4.060787786583014,0.03222695947480947
2020-04-30,58.060001373291016,4.061476982249446,0.0006891956664318855
2020-05-01,56.560001373291016,4.035302045868568,-0.026174936380877867
2020-05-04,55.0,4.007333185232471,-0.027968860636097048
2020-05-05,53.90999984741211,3.9873159866331584,-0.020017198599312724
2020-05-06,54.83000183105469,4.004237522811081,0.016921536177922913
2020-05-07,55.38999938964844,4.0143990610258475,0.010161538214766175
2020-05-08,56.27000045776367,4.030161541580316,0.015762480554468716
2020-05-11,56.630001068115234,4.03653889898701,0.006377357406694095
2020-05-12,58.34000015258789,4.066287967055069,0.02974906806805855
2020-05-13,57.459999084472656,4.051089037617845,-0.015198929437223896
2020-05-14,57.84999847412109,4.057853427263213,0.006764389645367963
2020-05-15,58.25,4.06474409244581,0.006890665182597289
2020-05-18,57.79999923706055,4.056988762478687,-0.007755329967123359
2020-05-19,59.20000076293945,4.080921554777451,0.023932792298763772
2020-05-20,58.209999084472656,4.064057145555636,-0.016864409221814647
2020-05-21,58.060001373291016,4.061476982249446,-0.002580163306189931
2020-05-22,57.61000061035156,4.053696174338834,-0.0077808079106125305
2020-05-26,58.22999954223633,4.0644006779877255,0.010704503648891972
2020-05-27,58.34000015258789,4.066287967055069,0.0018872890673433673
2020-05-28,57.56999969482422,4.0530015933867665,-0.013286373668302431
2020-05-29,57.59000015258789,4.053348944168136,0.0003473507813698262
2020-06-01,60.060001373291016,4.0953440854205025,0.04199514125236625
2020-06-02,60.369998931884766,4.10049227511552,0.00514818969501718
2020-06-03,60.47999954223633,4.1023127243024335,0.0018204491869138195
2020-06-04,60.0,4.0943445622221,-0.00796816208033313
2020-06-05,61.790000915527344,4.123741553889644,0.029396991667543837
2020-06-08,60.810001373291016,4.107754271715327,-0.015987282174317663
2020-06-09,60.52000045776367,4.102973896483997,-0.004780375231329792
2020-06-10,60.5099983215332,4.102808612895561,-0.00016528358843537205
2020-06-11,60.02000045776367,4.0946778476390735,-0.008130765256487926
2020-06-12,59.84000015258789,4.091674336216153,-0.003003511422920546
2020-06-15,59.0099983215332,4.077706892625308,-0.013967443590845008
2020-06-16,60.06999969482422,4.095510543781734,0.017803651156426348
2020-06-17,61.34000015258789,4.116432161173681,0.020921617391946867
2020-06-18,61.16999816894531,4.113656843320605,-0.0027753178530760536
2020-06-19,61.560001373291016,4.12001233127885,0.006355487958244588
2020-06-22,62.52000045776367,4.1354865128751515,0.015474181596301761
2020-06-23,63.040000915527344,4.1437694600725825,0.008282947197431056
2020-06-24,61.65999984741211,4.121635419983338,-0.022134040089244245
2020-06-25,61.810001373291016,4.124065185889124,0.002429765905786141
2020-06-26,60.54999923706055,4.103469457398945,-0.020595728490179432
2020-06-29,59.619998931884766,4.087991070334541,-0.015478387064404409
2020-06-30,60.97999954223633,4.110545934053325,0.022554863718784013
2020-07-01,62.58000183105469,4.136445767500159,0.02589983344683411
2020-07-02,63.04999923706055,4.143928050310382,0.007482282810223673
2020-07-06,63.06999969482422,4.144245215836876,0.00031716552649374563
2020-07-07,63.2400016784668,4.146937038882491,0.002691823045615216
2020-07-08,64.66000366210938,4.169142828933682,0.022205790051190277
2020-07-09,63.34000015258789,4.148517043519522,-0.02062578541415938
2020-07-10,64.70999908447266,4.169915734921016,0.021398691401493863
2020-07-13,63.75,4.154969184038536,-0.014946550882480203
2020-07-14,62.68999862670898,4.138201923379815,-0.016767260658721028
2020-07-15,62.59000015258789,4.136605523374506,-0.0015964000053090288
2020-07-16,62.880001068115234,4.141228165107516,0.004622641733010191
2020-07-17,62.0099983215332,4.127295635294107,-0.013932529813408756
2020-07-20,62.9900016784668,4.142976010280397,0.015680374986289713
2020-07-21,62.90999984741211,4.141705131156443,-0.0012708791239539607
2020-07-22,62.7400016784668,4.13899922951527,-0.002705901641173014
2020-07-23,61.68000030517578,4.121959734202801,-0.017039495312468844
2020-07-24,59.959999084472656,4.093677657965428,-0.028282076237372777
2020-07-27,60.68999862670898,4.105778917219801,0.012101259254372998
2020-07-28,60.59000015258789,4.104129865475265,-0.001649051744536223
2020-07-29,61.02999877929688,4.111365526554714,0.007235661079448619
2020-07-30,62.81999969482422,4.140273489252561,0.02890796269784701
2020-07-31,62.29999923706055,4.131961413547188,-0.008312075705372735
2020-08-03,63.52999877929688,4.151512216063848,0.01955080251665997
2020-08-04,63.93000030517578,4.157788739552228,0.00627652348838037
2020-08-05,64.36000061035156,4.1644923316075815,0.0067035920553530914
2020-08-06,64.41000366210938,4.165268957415021,0.000776625807439757
2020-08-07,61.880001068115234,4.125197042965939,-0.04007191444908198
2020-08-10,62.34000015258789,4.132603276786863,0.00740623382092398
2020-08-11,63.02999877929688,4.1436107841580005,0.011007507371137315
2020-08-12,61.84000015258789,4.124550406746629,-0.01906037741137112
2020-08-13,62.43000030517578,4.13404593396194,0.009495527215310773
2020-08-14,62.290000915527344,4.131800913963876,-0.002245019998063924
2020-08-17,62.619998931884766,4.137084698841165,0.005283784877288866
2020-08-18,62.38999938964844,4.133404996339852,-0.003679702501313109
2020-08-19,63.209999084472656,4.146462502000307,0.013057505660454716
2020-08-20,63.91999816894531,4.1576322728119814,0.011169770811674695
2020-08-21,63.72999954223633,4.154655402143343,-0.0029768706686388313
2020-08-24,65.16000366210938,4.176845839935644,0.022190437792301232
2020-08-25,64.9800033569336,4.174079581901981,-0.0027662580336631493
2020-08-26,64.9800033569336,4.174079581901981,0.0
2020-08-27,64.76000213623047,4.170688161796316,-0.003391420105664622
2020-08-28,64.37000274658203,4.16464772873319,-0.006040433063126294
2020-08-31,64.41000366210938,4.165268957415021,0.0006212286818314539
2020-09-01,64.66000366210938,4.169142828933682,0.0038738715186603656
2020-09-02,64.18000030517578,4.161691640436709,-0.00745118849697235
2020-09-03,63.560001373291016,4.15198436327473,-0.009707277161979277
2020-09-04,64.12000274658203,4.1607563705763795,0.00877200730164951
2020-09-08,63.18999862670898,4.146146039052637,-0.014610331523742914
2020-09-09,63.34999847412109,4.148674882680662,0.0025288436280250792
2020-09-10,63.959999084472656,4.158257873651692,0.009582990971030547
2020-09-11,64.05999755859375,4.159820106069768,0.0015622324180757374
2020-09-14,65.45999908447266,4.181439255086977,0.021619149017208628
2020-09-15,65.38999938964844,4.180369332239165,-0.0010699228478117107
2020-09-16,64.97000122070312,4.17392564368116,-0.006443688558005256
2020-09-17,64.3499984741211,4.164336910329953,-0.009588733351206358
2020-09-18,64.16000366210938,4.161380020636022,-0.002956889693931153
2020-09-21,63.7400016784668,4.1548123353222115,-0.006567685313810578
2020-09-22,63.84000015258789,4.1563799555317145,0.0015676202095029623
2020-09-23,63.7599983215332,4.155126008157198,-0.001253947374516784
2020-09-24,63.970001220703125,4.1584142425444774,0.003288234387279765
2020-09-25,64.66000366210938,4.169142828933682,0.010728586389204153
2020-09-28,64.4000015258789,4.165113656804079,-0.004029172129602188
2020-09-29,64.0,4.1588830833596715,-0.006230573444407916
2020-09-30,64.48999786376953,4.166510139897298,0.007627056537626409
2020-10-01,64.61000061035156,4.168369207016778,0.001859067119480251
2020-10-02,64.5199966430664,4.1669752012276575,-0.0013940057891206337
2020-10-05,64.7300033569336,4.1702248244179705,0.003249623190312967
2020-10-06,65.55999755859375,4.182965716636363,0.012740892218392474
2020-10-07,66.29000091552734,4.1940390700642425,0.011073353427879518
2020-10-08,66.19000244140625,4.192529431015651,-0.0015096390485913602
2020-10-09,67.63999938964844,4.214199515006849,0.021670083991198297
2020-10-12,68.37000274658203,4.224934172098029,0.010734657091179933
2020-10-13,68.83000183105469,4.231639723012839,0.006705550914809955
2020-10-14,68.93000030517578,4.233091501324889,0.0014517783120497896
2020-10-15,69.22000122070312,4.237289855842319,0.004198354517430225
2020-10-16,69.91999816894531,4.247351705159427,0.01006184931710763
2020-10-19,71.16000366210938,4.264930914260665,0.017579209101238114
2020-10-20,71.0199966430664,4.2629614802475,-0.0019694340131648502
2020-10-21,71.04000091552734,4.263243111571406,0.0002816313239053514
2020-10-22,71.94000244140625,4.275832472204178,0.012589360632772717
2020-10-23,71.29000091552734,4.266756077971834,-0.009076394232343965
2020-10-26,72.11000061035156,4.278192739392842,0.011436661421007521
2020-10-27,72.02999877929688,4.277082681954123,-0.0011100574387192808
2020-10-28,70.16999816894531,4.250920843169645,-0.02616183878447753
2020-10-29,69.81999969482422,4.245920497305996,-0.005000345863648725
2020-10-30,68.91999816894531,4.232946385091901,-0.012974112214095612
2020-11-02,68.7300033569336,4.230185833975846,-0.002760551116054444
2020-11-03,70.23999786376953,4.2519179189135565,0.021732084937710283
2020-11-04,70.2300033569336,4.251775617970067,-0.00014230094348910427
2020-11-05,70.06999969482422,4.249494738027144,-0.002280879942923697
2020-11-06,68.62000274658203,4.228584077456272,-0.020910660570871542
2020-11-09,70.0,4.248495242049359,0.01991116459308717
2020-11-10,69.8499984741211,4.246350063857889,-0.0021451781914700874
2020-11-11,69.27999877929688,4.238156246634331,-0.008193817223558497
2020-11-12,68.4800033569336,4.226541780854128,-0.011614465780202643
2020-11-13,68.45999908447266,4.2262496197288675,-0.0002921611252606482
2020-11-16,69.56999969482422,4.242333435548949,0.01608381582008178
2020-11-17,69.11000061035156,4.235699446934898,-0.006633988614050956
2020-11-18,69.68000030517578,4.243913336923923,0.008213889989024281
2020-11-19,69.31999969482422,4.238733460444985,-0.005179876478937473
2020-11-20,70.87999725341797,4.260988267547078,0.022254807102092933
2020-11-23,72.1500015258789,4.278747306368582,0.017759038821504092
2020-11-24,71.52999877929688,4.2701169250546815,-0.008630381313900592
2020-11-25,70.80000305175781,4.259859043803597,-0.010257881251084733
2020-11-27,71.68000030517578,4.27221177292415,0.012352729120553185
2020-11-30,70.58999633789062,4.256888439528794,-0.015323333395356187
2020-12-01,70.58999633789062,4.256888439528794,0.0
2020-12-02,69.98999786376953,4.2483523441795095,-0.008536095349284345
2020-12-03,69.41999816894531,4.240174984057168,-0.008177360122341604
2020-12-04,69.86000061035156,4.246493248115468,0.006318264058299938
2020-12-07,70.62999725341797,4.257454944533926,0.010961696418458011
2020-12-08,70.18000030517578,4.251063374503541,-0.006391570030384486
2020-12-09,73.05000305175781,4.291144179972996,0.04008080546945436
2020-12-10,74.26000213623047,4.30757247751584,0.016428297542844028
2020-12-11,74.08000183105469,4.305145615055184,-0.002426862460655599
2020-12-14,74.66999816894531,4.313078380525651,0.00793276547046684
2020-12-15,75.58999633789062,4.325323950857076,0.012245570331424815
2020-12-16,75.6500015258789,4.326117460404608,0.0007935095475319898
2020-12-17,77.19000244140625,4.346269946590292,0.020152486185684104
2020-12-18,77.16000366210938,4.345881235498768,-0.00038871109152349703
2020-12-21,74.76000213623047,4.314283011161873,-0.03159822433689552
2020-12-22,74.81999969482422,4.315085224841201,0.0008022136793277568
2020-12-23,76.13999938964844,4.332573742938176,0.01748851809697527
2020-12-24,76.19999694824219,4.333361422643285,0.0007876797051089568
2020-12-28,76.3499984741211,4.335328011679325,0.0019665890360398564
2020-12-29,77.01000213623047,4.343935311290808,0.008607299611483654
2020-12-30,77.97000122070312,4.35632415297757,0.012388841686761687
2020-12-31,78.12000274658203,4.358246141166978,0.0019219881894079194
2021-01-04,78.97000122070312,4.369068048967298,0.010821907800320218
2021-01-05,80.3499984741211,4.386392073193118,0.017324024225819912
2021-01-06,80.05999755859375,4.38277632306972,-0.003615750123397987
2021-01-07,79.76000213623047,4.379022152436813,-0.003754170632906728
2021-01-08,79.7699966430664,4.37914745184038,0.00012529940356653668
2021-01-11,80.43000030517578,4.387387244710281,0.008239792869900953
2021-01-12,81.69999694824219,4.40305396451274,0.015666719802458928
2021-01-13,80.91999816894531,4.393460989671582,-0.00959297484115762
2021-01-14,81.1500015258789,4.396299312763791,0.002838323092208661
2021-01-15,80.69999694824219,4.3907385374598205,-0.005560775303970367
2021-01-19,81.1500015258789,4.396299312763791,0.005560775303970367
2021-01-20,81.58999633789062,4.401706660556416,0.005407347792624861
2021-01-21,82.56999969482422,4.413646414733373,0.011939754176957251
2021-01-22,81.55999755859375,4.401338915772386,-0.01230749896098704
2021-01-25,82.33000183105469,4.410735583550766,0.009396667778379886
2021-01-26,81.70999908447266,4.403176382192022,-0.00755920135874355
2021-01-27,80.83999633789062,4.3924718472347095,-0.010704534957312717
2021-01-28,79.93000030517578,4.381151255455966,-0.011320591778743783
2021-01-29,80.63999938964844,4.389994796754214,0.008843541298248603
2021-02-01,80.02999877929688,4.382401549125886,-0.00759324762832847
2021-02-02,80.69000244140625,4.39061468211703,0.008213132991143901
2021-02-03,80.98999786376953,4.394325663884426,0.0037109817673961487
2021-02-04,84.27999877929688,4.4341445744520875,0.039818910567661625
2021-02-05,82.73999786376953,4.415703135214671,-0.018441439237416368
2021-02-08,84.27999877929688,4.4341445744520875,0.018441439237416368
2021-02-09,86.93000030517578,4.465103200601565,0.030958626149477197
2021-02-10,84.66999816894531,4.4387613260284065,-0.026341874573158286
2021-02-11,86.41000366210938,4.4591034522339275,0.020342126205521005
2021-02-12,87.2699966430664,4.469006722709153,0.009903270475225767
2021-02-16,88.12000274658203,4.478699553102799,0.009692830393645657
2021-02-17,88.36000061035156,4.481419385459471,0.0027198323566723914
2021-02-18,88.7300033569336,4.4855980886803755,0.00417870322090419
2021-02-19,88.94999694824219,4.488074379803155,0.0024762911227798057
2021-02-22,90.91000366210938,4.509870046416566,0.021795666613410702
2021-02-23,91.37000274658205,4.514917227070527,0.0050471806539613695
2021-02-24,92.33000183105467,4.525369135616169,0.010451908545642041
2021-02-25,88.23999786376953,4.480060350735926,-0.04530878488024381
2021-02-26,87.81999969482422,4.475289261658557,-0.004771089077368451
2021-03-01,90.26000213623048,4.502694418066376,0.027405156407819042
2021-03-02,89.44000244140625,4.49356803670337,-0.009126381363006253
2021-03-03,86.9000015258789,4.464758049830367,-0.028809986873002735
2021-03-04,85.58999633789062,4.449568411106867,-0.01518963872350021
2021-03-05,86.20999908447266,4.456786169602099,0.007217758495231763
2021-03-08,86.7699966430664,4.4632609011176765,0.0064747315155777585
2021-03-09,82.7699966430664,4.416065636339932,-0.04719526477774405
2021-03-10,85.22000122070312,4.445236162395905,0.0291705260559727
2021-03-11,88.3499984741211,4.481306181494863,0.03607001909895757
2021-03-12,87.55999755859375,4.472324244771996,-0.008981936722866735
2021-03-15,86.72000122070312,4.46268455176771,-0.00963969300428591
2021-03-16,86.91999816894531,4.464988134322252,0.002303582554541883
2021-03-17,86.51000213623047,4.460260038885734,-0.004728095436518309
2021-03-18,85.44999694824219,4.4479313738476405,-0.012328665038093156
2021-03-19,84.68000030517578,4.4388794498705355,-0.00905192397710497
2021-03-22,84.62000274658203,4.438170677749756,-0.0007087721207792441
2021-03-23,83.52999877929688,4.425205834153866,-0.01296484359589023
2021-03-24,82.44000244140625,4.412070785636598,-0.013135048517267656
2021-03-25,78.44000244140625,4.362334032452651,-0.049736753183947435
2021-03-26,80.37999725341797,4.386765354851087,0.024431322398435817
2021-03-29,80.48999786376953,4.388132926565321,0.0013675717142342947
2021-03-30,80.63999938964844,4.389994796754214,0.0018618701888932776
2021-03-31,80.87999725341797,4.392966540753486,0.002971743999271581
2021-04-01,77.94999694824219,4.356067556353588,-0.03689898439989747
2021-04-05,77.87999725341797,4.355169145237151,-0.0008984111164371811
2021-04-06,79.22000122070312,4.372228807602798,0.01705966236564649
2021-04-07,79.5,4.375757021660286,0.003528214057488377
2021-04-08,81.41000366210938,4.399498160569418,0.023741138909131543
2021-04-09,82.4000015258789,4.411585455433373,0.012087294863955655
2021-04-12,80.13999938964844,4.383775097591932,-0.02781035784144148
2021-04-13,81.81999969482422,4.4045217087714095,0.020746611179477625
2021-04-14,84.19999694824219,4.433194885004126,0.028673176232716813
2021-04-15,85.0199966430664,4.442886483446597,0.009691598442470806
2021-04-16,83.70999908447266,4.427358433735072,-0.015528049711525327
2021-04-19,83.26000213623047,4.421968267424173,-0.005390166310898614
2021-04-20,83.7699966430664,4.428074908092498,0.006106640668324559
2021-04-21,84.83000183105469,4.440649275404633,0.012574367312135237
2021-04-22,84.63999938964844,4.438406960898841,-0.0022423145057919314
2021-04-23,87.51000213623047,4.471753096959012,0.033346136060171006
2021-04-26,87.86000061035156,4.4757446454944985,0.003991548535486444
2021-04-27,90.06999969482422,4.500587142407444,0.024842496912945933
2021-04-28,88.73999786376953,4.485710721877848,-0.014876420529596146
2021-04-29,85.88999938964844,4.453067400671933,-0.0326433212059154
2021-04-30,87.43000030517578,4.470838476683316,0.017771076011382725
2021-05-03,87.20999908447266,4.468318992740931,-0.0025194839423843263
2021-05-04,86.16999816894531,4.456322068002346,-0.011996924738585157
2021-05-05,86.2300033569336,4.457018183894228,0.0006961158918823429
2021-05-06,89.4800033569336,4.4940151741379495,0.03699699024372105
2021-05-07,89.66000366210938,4.496024779571698,0.002009605433748618
2021-05-10,88.47000122070312,4.482663525293227,-0.013361254278470902
2021-05-11,87.75,4.4744918623459755,-0.00817166294725169
2021-05-12,88.2300033569336,4.479947079281543,0.005455216935567719
2021-05-13,84.9800033569336,4.442415974189296,-0.03753110509224733
2021-05-14,82.43000030517578,4.411949452027378,-0.03046652216191781
2021-05-17,82.31999969482422,4.4106140878186055,-0.0013353642087725603
2021-05-18,84.01000213623047,4.430935864805043,0.02032177698643789
2021-05-19,82.91999816894531,4.417876265485395,-0.013059599319648285
2021-05-20,81.52999877929688,4.400971035702378,-0.016905229783017006
2021-05-21,82.81999969482422,4.416669574432613,0.01569853873023508
2021-05-24,82.81999969482422,4.416669574432613,0.0
2021-05-25,82.70999908447266,4.41534050263469,-0.001329071797923298
2021-05-26,82.44000244140625,4.412070785636598,-0.003269716998091532
2021-05-27,82.61000061035156,4.414130745962764,0.002059960326165289
2021-05-28,82.12000274658203,4.40818162559669,-0.005949120366073757
2021-06-01,84.25,4.433788569232471,0.025606943635780866
2021-06-02,83.7699966430664,4.428074908092498,-0.00571366113997307
2021-06-03,84.20999908447266,4.433313668169945,0.005238760077447502
2021-06-04,85.80000305175781,4.452019042062189,0.018705373892244026
2021-06-07,84.36000061035156,4.435093362845656,-0.016925679216533318
2021-06-08,85.13999938964844,4.444296953231207,0.009203590385551408
2021-06-09,86.62000274658203,4.461530767494885,0.01723381426367787
2021-06-10,87.36000061035156,4.4700375189832195,0.008506751488334352
2021-06-11,87.0,4.465908118654584,-0.004129400328635846
2021-06-14,84.94999694824219,4.442062812193775,-0.023845306460808402
2021-06-15,85.27999877929688,4.445939946103473,0.003877133909697683
2021-06-16,85.33000183105469,4.446526114007003,0.000586167903530388
2021-06-17,84.16999816894531,4.432838541469241,-0.013687572537762094
2021-06-18,84.41999816894531,4.435804318664531,0.002965777195290009
2021-06-21,84.08999633789062,4.431887610294926,-0.003916708369605004
2021-06-22,84.22000122070312,4.433432437228,0.001544826933074006
2021-06-23,86.45999908447266,4.459681868650458,0.026249431422457725
2021-06-24,86.02999877929688,4.454696058443984,-0.0049858102064739285
2021-06-25,86.43000030517578,4.459334841295448,0.004638782851463574
2021-06-28,86.66000366210938,4.461992458570121,0.002657617274673285
2021-06-29,86.48999786376953,4.460028775619259,-0.0019636829508620224
2021-06-30,84.02999877929688,4.431173863413135,-0.028854912206123906
2021-07-01,85.01000213623047,4.442768921758434,0.011595058345299059
2021-07-02,86.02999877929688,4.454696058443984,0.01192713668555001
2021-07-06,86.37999725341797,4.45875613573605,0.004060077292066033
2021-07-07,86.62999725341797,4.461646144197304,0.002890008461253757
2021-07-08,85.87999725341797,4.452950941028954,-0.00869520316835004
2021-07-09,87.98999786376953,4.477223147379364,0.024272206350410386
2021-07-12,88.47000122070312,4.482663525293227,0.0054403779138629815
2021-07-13,88.7699966430664,4.486048717264145,0.0033851919709180223
2021-07-14,90.56999969482422,4.506123029017355,0.02007431175321006
2021-07-15,89.83999633789062,4.498030269667616,-0.008092759349739076
2021-07-16,90.6999969482422,4.5075573234743675,0.00952705380675134
2021-07-19,87.11000061035156,4.467171694837477,-0.04038562863689066
2021-07-20,88.87000274658203,4.487174658655999,0.020002963818521735
2021-07-21,89.08999633789062,4.489647053626823,0.0024723949708240767
2021-07-22,90.2699966430664,4.502805142122364,0.013158088495541342
2021-07-23,90.31999969482422,4.503358916462578,0.000553774340214197
2021-07-26,90.29000091552734,4.503026722459241,-0.00033219400333717175
2021-07-27,90.73999786376952,4.507998250693493,0.004971528234252176
2021-07-28,90.91000366210938,4.509870046416566,0.0018717957230727222
2021-07-29,90.76000213623048,4.508218683448777,-0.0016513629677890052
2021-07-30,89.83000183105469,4.497919015624669,-0.01029966782410785
2021-08-02,90.06999969482422,4.500587142407444,0.002668126782775282
2021-08-03,90.3000030517578,4.503137494218707,0.002550351811262175
2021-08-04,90.72000122070312,4.507777853435164,0.004640359216457668
2021-08-05,91.16999816894533,4.51272587551285,0.004948022077686076
2021-08-06,92.41999816894533,4.5263433856298,0.01361751011694956
2021-08-09,91.3000030517578,4.5141508210265275,-0.012192564603272338
2021-08-10,92.73999786376952,4.5297998559286965,0.015649034902168957
2021-08-11,91.63999938964844,4.517867850924977,-0.011932005003719937
2021-08-12,93.7699966430664,4.540844939631879,0.022977088706902293
2021-08-13,95.20999908447266,4.556084968681726,0.015240029049847337
2021-08-16,94.8499984741211,4.552296680293739,-0.003788288387987393
2021-08-17,95.6999969482422,4.561218266570112,0.008921586276373183
2021-08-18,95.5199966430664,4.559335614500514,-0.0018826520695975901
2021-08-19,93.47000122070312,4.537640542254331,-0.0216950722461835
2021-08-20,93.9000015258789,4.542230402464258,0.0045898602099274655
2021-08-23,94.54000091552734,4.549023035049111,0.0067926325848528535
2021-08-24,95.76000213623048,4.5618450835578885,0.012822048508777328
2021-08-25,95.9499969482422,4.5638271906479995,0.0019821070901109294
2021-08-26,95.36000061035156,4.557659209717539,-0.006167980930460892
2021-08-27,96.2699966430664,4.567156708919888,0.009497499202349324
2021-08-30,95.61000061035156,4.560277423481118,-0.006879285438770033
2021-08-31,93.91000366210938,4.542336915812468,-0.01794050766864963
2021-09-01,94.1500015258789,4.544889271310054,0.002552355497585701
2021-09-02,95.13999938964844,4.555349484588836,0.010460213278782327
2021-09-03,95.62000274658205,4.560382031921885,0.005032547333049031
2021-09-07,95.41000366210938,4.558183433146621,-0.00219859877526396
2021-09-08,95.1999969482422,4.55597990974104,-0.00220352340558172
2021-09-09,94.55999755859376,4.549234527839194,-0.006745381901845704
2021-09-10,95.2300033569336,4.556295053456753,0.007060525617559321
2021-09-13,94.41000366210938,4.547647038533847,-0.008648014922906455
2021-09-14,94.95999908447266,4.553455740660223,0.00580870212637663
2021-09-15,94.66999816894533,4.550397140799354,-0.0030585998608696485
2021-09-16,93.41000366210938,4.536998445089439,-0.013398695709915032
2021-09-17,93.31999969482422,4.536034443883022,-0.0009640012064169312
2021-09-20,89.88999938964844,4.498586693795325,-0.037447750087697074
2021-09-21,91.18000030517578,4.512835578132255,0.014248884336930168
2021-09-22,91.83000183105467,4.519939061565044,0.007103483432788771
2021-09-23,93.30999755859376,4.5359272570814655,0.015988195516421833
2021-09-24,96.8499984741211,4.5731633740979305,0.03723611701646501
2021-09-27,98.91000366210938,4.594210382776411,0.021047008678480417
2021-09-28,100.91000366210938,4.614229066767284,0.020018683990873143
2021-09-29,103.94000244140624,4.643813833068907,0.029584766301622878
2021-09-30,107.8000030517578,4.680277686784338,0.03646385371543115
2021-10-01,106.52999877929688,4.668426624164333,-0.011851062620005237
2021-10-04,106.93000030517578,4.672174417622543,0.0037477934582099692
2021-10-05,110.93000030517578,4.708899374501635,0.03672495687909194
2021-10-06,113.0999984741211,4.728272369630661,0.019372995129026016
2021-10-07,113.6500015258789,4.733123563724676,0.004851194094015021
2021-10-08,110.5999984741211,4.705920075291861,-0.02720348843281517
2021-10-11,109.79000091552734,4.698569458585537,-0.007350616706323976
2021-10-12,106.37999725341795,4.667017563495577,-0.031551895089959814
2021-10-13,103.86000061035156,4.6430438442928486,-0.023973719202728283
2021-10-14,107.0999984741211,4.6737629632064674,0.030719118913618892
2021-10-15,107.33000183105467,4.675908217553478,0.0021452543470106278
2021-10-18,107.04000091552734,4.673202604933051,-0.0027056126204270114
2021-10-19,107.83000183105467,4.68055592987492,0.007353324941869133
2021-10-20,110.7300033569336,4.707094836026404,0.02653890615148402
2021-10-21,106.13999938964844,4.66475897164931,-0.04233586437709391
2021-10-22,108.26000213623048,4.684535761101239,0.019776789451928956
2021-10-25,108.54000091552734,4.687118777070189,0.002583015968950164
2021-10-26,108.70999908447266,4.688683777794169,0.0015650007239793595
2021-10-27,110.5199966430664,4.705196469681224,0.016512691887054842
2021-10-28,113.7300033569336,4.733827247713046,0.02863077803182268
2021-10-29,114.8499984741211,4.743626915849266,0.009799668136219353
2021-11-01,119.83999633789062,4.786157489210586,0.04253057336132038
2021-11-02,117.25,4.764308407326388,-0.021849081884197652
2021-11-03,118.81999969482422,4.777609740359208,0.013301333032819329
2021-11-04,116.45999908447266,4.757547858547671,-0.020061881811536786
2021-11-05,116.87000274658205,4.761062229446238,0.0035143708985669875
2021-11-08,116.5500030517578,4.758320391665874,-0.002741837780363632
2021-11-09,119.37999725341795,4.78231165973345,0.02399126806757579
2021-11-10,118.68000030517578,4.776430797994038,-0.0058808617394117135
2021-11-11,118.54000091552734,4.775250464083054,-0.0011803339109839328
2021-11-12,117.69000244140624,4.768054069633952,-0.00719639444910225
2021-11-15,117.62000274658205,4.767459112383128,-0.0005949572508239243
2021-11-16,117.9800033569336,4.770515147028341,0.0030560346452128684
2021-11-17,119.6999969482422,4.784988587068875,0.014473440040533525
2021-11-18,117.58999633789062,4.76720396669229,-0.01778462037658457
2021-11-19,119.22000122070312,4.7809705360308605,0.013766569338570456
2021-11-22,117.70999908447266,4.768223964646568,-0.012746571384292693
2021-11-23,120.36000061035156,4.790487256832894,0.02226329218632639
2021-11-24,120.37999725341795,4.790653383303691,0.00016612647079661258
2021-11-26,116.5999984741211,4.758749260829952,-0.03190412247373864
2021-11-29,116.6500015258789,4.759178011548269,0.00042875071831716127
2021-11-30,111.6500015258789,4.7153689919527935,-0.043809019595475895
2021-12-01,109.38999938964844,4.694919472552107,-0.020449519400686178
2021-12-02,108.9000015258789,4.690430043950658,-0.004489428601448964
2021-12-03,109.3000030517578,4.6940964231034235,0.0036663791527651313
2021-12-06,112.01000213623048,4.718588172095432,0.024491748992008233
2021-12-07,111.2699966430664,4.711959650000348,-0.006628522095083689
2021-12-08,111.5500030517578,4.714472948236298,0.0025132982359501455
2021-12-09,106.58999633789062,4.668989664344076,-0.04548328389222256
2021-12-10,106.2300033569336,4.665606586392539,-0.003383077951536251
2021-12-13,106.80999755859376,4.671051532244135,0.005444945851595939
2021-12-14,105.9000015258789,4.662495267016038,-0.008556265228097715
2021-12-15,105.79000091552734,4.661456005652878,-0.0010392613631591274
2021-12-16,109.68000030517578,4.697567038036478,0.036111032383599806
2021-12-17,107.3000030517578,4.675628678078011,-0.021938359958467046
2021-12-20,105.54000091552734,4.659090036652217,-0.016538641425793976
2021-12-21,107.2699966430664,4.675348989315093,0.01625895266287536
2021-12-22,108.83000183105467,4.689787048532877,0.014438059217784627
2021-12-23,109.12000274658205,4.692448219265442,0.002661170732564777
2021-12-27,112.27999877929688,4.720995740621727,0.02854752135628491
2021-12-28,110.0500030517578,4.700934835703118,-0.020060904918608458
2021-12-29,112.98999786376952,4.727299300314787,0.026364464611668303
2021-12-30,114.33999633789062,4.7391764338075815,0.011877133492794734
2021-12-31,112.5999984741211,4.723841702154267,-0.015334731653314115
2022-01-03,113.2300033569336,4.729421177972982,0.005579475818714208
2022-01-04,116.38999938964844,4.7569466157098645,0.027525437736882985
2022-01-05,116.27999877929688,4.756001065192712,-0.0009455505171525047
2022-01-06,114.72000122070312,4.742494387492028,-0.013506677700684477
2022-01-07,115.12000274658205,4.7459750864375385,0.0034806989455109516
2022-01-10,115.22000122070312,4.746843354898779,0.0008682684612404401
2022-01-11,116.0199966430664,4.753762561103824,0.0069192062050449366
2022-01-12,117.63999938964844,4.767629108497495,0.013866547393670992
2022-01-13,116.83999633789062,4.760805446176597,-0.006823662320897483
2022-01-14,119.6999969482422,4.784988587068875,0.024183140892277244
2022-01-18,121.08000183105467,4.796451499276203,0.011462912207328202
2022-01-19,123.9499969482422,4.819878233860321,0.02342673458411859
2022-01-20,122.87000274658205,4.811126908233041,-0.00875132562728087
2022-01-21,120.75,4.793722292532682,-0.017404615700358228
2022-01-24,120.37999725341795,4.790653383303691,-0.003068909228991501
2022-01-25,120.91999816894533,4.795129154768563,0.0044757714648717695
2022-01-26,122.33000183105467,4.806722326026982,0.01159317125841941
2022-01-27,121.62999725341795,4.800983627048892,-0.005738698978089651
2022-01-28,123.76000213623048,4.818344223525885,0.017360596476992285
2022-01-31,127.56999969482422,4.848665231157977,0.030321007632092112
2022-02-01,127.33000183105467,4.846782155965731,-0.0018830751922456201
2022-02-02,126.33000183105467,4.838897545336165,-0.007884610629566247
2022-02-03,127.62000274658205,4.849057119961765,0.010159574625600243
2022-02-04,126.73999786376952,4.842137727040152,-0.006919392921613365
2022-02-07,125.56999969482422,4.832863369570549,-0.009274357469602812
2022-02-08,127.1500015258789,4.845367503868749,0.012504134298199965
2022-02-09,126.43000030517578,4.839688797737598,-0.005678706131150513
2022-02-10,125.66000366210938,4.833579876117801,-0.0061089216197975915
2022-02-11,125.27999877929688,4.830551222498694,-0.003028653619106869
2022-02-14,122.93000030517578,4.811615090161767,-0.01893613233692726
2022-02-15,123.04000091552734,4.812509513198226,0.0008944230364589245
2022-02-16,121.91000366210938,4.803283097616505,-0.009226415581720993
2022-02-17,121.93000030517578,4.80344711207505,0.00016401445854530294
2022-02-18,122.98999786376952,4.81210303388518,0.008655921810129641
2022-02-22,121.11000061035156,4.7966992285726056,-0.015403805312574015
2022-02-23,122.4000015258789,4.807294382544557,0.010595153971951099
2022-02-24,122.58999633789062,4.80884542423408,0.001551041689523025
2022-02-25,122.12000274658205,4.805004190357522,-0.0038412338765576592
2022-02-28,122.56999969482422,4.808682292863265,0.003678102505743297
2022-03-01,126.3499984741211,4.839055821757599,0.030373528894333646
2022-03-02,122.04000091552734,4.804348867350332,-0.0347069544072669
2022-03-03,123.5500030517578,4.816645957135208,0.012297089784875759
2022-03-04,120.1999969482422,4.789156996712107,-0.027488960423101005
2022-03-07,120.66000366210938,4.792976703363265,0.00381970665115805
2022-03-08,122.16999816894533,4.805413502428208,0.012436799064943216
2022-03-09,121.66999816894533,4.801312446750005,-0.004101055678202847
2022-03-10,116.86000061035156,4.76097664234922,-0.04033580440078488
2022-03-11,121.02999877929688,4.796038438664557,0.03506179631533701
2022-03-14,118.7699966430664,4.777188821521994,-0.01884961714256317
2022-03-15,118.5999984741211,4.775756473697867,-0.0014323478241271559
2022-03-16,119.8000030517578,4.78582371115512,0.010067237457253242
2022-03-17,121.86000061035156,4.802872849828978,0.017049138673857378
2022-03-18,126.86000061035156,4.843084121016973,0.040211271187994946
2022-03-21,130.00999450683594,4.867611328322218,0.024527207305245824
2022-03-22,130.0399932861328,4.867842043806457,0.00023071548423825305
2022-03-23,130.02999877929688,4.867765183675371,-7.686013108543222e-05
2022-03-24,130.89999389648438,4.874433626288537,0.006668442613166015
2022-03-25,135.89999389648438,4.911919276245282,0.03748564995674464
2022-03-28,139.07000732421875,4.934977456156217,0.02305817991093484
2022-03-29,136.80999755859375,4.91859308408679,-0.016384372069426334
2022-03-30,139.83999633789062,4.940498885719372,0.021905801632581934
2022-03-31,135.69000244140625,4.9103728901503905,-0.030125995568981878
2022-04-01,134.5500030517578,4.9019358998541325,-0.008436990296257996
2022-04-04,137.94000244140625,4.92681882570219,0.024882925848057624
2022-04-05,137.52999877929688,4.923842066250712,-0.002976759451478017
2022-04-06,135.69000244140625,4.9103728901503905,-0.013469176100321612
2022-04-07,133.1999969482422,4.891851735195194,-0.018521154955196906
2022-04-08,132.41000366210938,4.8859031970090125,-0.005948538186181018
2022-04-11,135.2899932861328,4.907420572989522,0.02151737598050918
2022-04-12,138.50999450683594,4.9309424855280355,0.023521912538513767
2022-04-13,142.77000427246094,4.96123497372661,0.03029248819857422
2022-04-14,141.97999572753906,4.955686172519248,-0.0055488012073618975
2022-04-18,144.74000549316406,4.974939067389923,0.019252894870675163
2022-04-19,139.67999267578125,4.93935403965559,-0.03558502773433325
2022-04-20,140.38999938964844,4.944424259636317,0.0050702199807268755
2022-04-21,138.58999633789062,4.931519907656659,-0.012904351979657669
2022-04-22,139.4600067138672,4.937777869934748,0.0062579622780889466
2022-04-25,141.41000366210938,4.951663498216788,0.013885628282039875
2022-04-26,142.52999877929688,4.959552495302405,0.007888997085617078
2022-04-27,146.0800018310547,4.9841544293812605,0.02460193407885569
2022-04-28,153.0800018310547,5.030960672518924,0.046806243137663905
2022-04-29,152.3300018310547,5.026049232168925,-0.004911440349999019
2022-05-02,157.16000366210938,5.057264417992049,0.031215185823123548
2022-05-03,153.3300018310547,5.032592473390219,-0.024671944601830198
2022-05-04,158.02000427246094,5.062721634332056,0.030129160941837263
2022-05-05,152.02000427246094,5.024012119242491,-0.03870951508956466
2022-05-06,146.8699951171875,4.989547808519958,-0.03446431072253375
2022-05-09,142.92999267578125,4.962354948677626,-0.027192859842331885
2022-05-10,142.94000244140625,4.96242497887177,7.00301941440884e-05
2022-05-11,143.60000610351562,4.9670316991177135,0.004606720245943663
2022-05-12,145.52999877929688,4.980382242537252,0.013350543419538674
2022-05-13,145.1999969482422,4.97811208137308,-0.002270161164172002
2022-05-16,150.64999389648438,5.0149592250617685,0.036847143688688355
2022-05-17,148.4600067138672,5.0003156069128085,-0.01464361814895998
2022-05-18,144.47000122070312,4.973071881990816,-0.02724372492199212
2022-05-19,147.6999969482422,4.995183168875466,0.022111286884650028
2022-05-20,142.27000427246094,4.957726690693728,-0.03745647818173836
2022-05-23,142.75,4.96109484853612,0.003368157842391639
2022-05-24,141.5399932861328,4.952582315213222,-0.008512533322897475
2022-05-25,145.16000366210938,4.977836607572958,0.025254292359735864
2022-05-26,140.61000061035156,4.945990104943466,-0.03184650262949251
2022-05-27,139.4199981689453,4.937490946924881,-0.008499158018584474
2022-05-31,138.97999572753906,4.934330007144628,-0.0031609397802530026
2022-06-01,136.05999755859375,4.913095946973314,-0.021234060171313907
2022-06-02,139.11000061035156,4.935264991459025,0.022169044485710998
2022-06-03,138.17999267578125,4.928557130055736,-0.0067078614032896056
2022-06-06,137.74000549316406,4.925367889997226,-0.0031892400585098457
2022-06-07,136.9499969482422,4.91961587342535,-0.005752016571875629
2022-06-08,140.6199951171875,4.946061182047558,0.02644530862220762
2022-06-09,146.50999450683594,4.98709364801978,0.0410324659722221
2022-06-10,145.05999755859375,4.977147433104946,-0.009946214914833718
2022-06-13,145.66000366210938,4.981275163931258,0.004127730826311904
2022-06-14,143.47999572753906,4.966195622886684,-0.015079541044573652
2022-06-15,143.17999267578125,4.964102528814114,-0.0020930940725705227
2022-06-16,143.52999877929688,4.966544064078425,0.0024415352643112342
2022-06-17,143.4499969482422,4.965986521153356,-0.0005575429250690433
2022-06-21,143.50999450683594,4.966404680905618,0.00041815975226189295
2022-06-22,143.32000732421875,4.965079943540706,-0.0013247373649116767
2022-06-23,136.32000732421875,4.915005116809135,-0.0500748267315716
2022-06-24,103.76000213623048,4.642080560596377,-0.27292455621275735
2022-06-27,100.3499984741211,4.608664060036777,-0.03341650055959988
2022-06-28,100.12000274658205,4.606369493996474,-0.002294566040303536
2022-06-29,104.27999877929688,4.647079577359287,0.04071008336281334
2022-06-30,103.94000244140624,4.643813833068907,-0.0032657442903802902
2022-07-01,103.68000030517578,4.6413092355474035,-0.002504597521503449
2022-07-05,99.68000030517578,4.6019650581006974,-0.03934417744670604
2022-07-06,94.69000244140624,4.550608423778556,-0.05135663432214166
2022-07-07,98.12000274658205,4.586191247382359,0.035582823603803604
2022-07-08,102.61000061035156,4.630935399822383,0.04474415244002383
2022-07-11,102.44000244140624,4.629277285163872,-0.0016581146585110673
2022-07-12,98.44000244140624,4.589447250323812,-0.03983003484005998
2022-07-13,95.41000366210938,4.558183433146621,-0.031263817177190845
2022-07-14,91.41000366210938,4.515354921728186,-0.04282851141843569
2022-07-15,96.41000366210938,4.568609968661034,0.05325504693284877
2022-07-18,100.41999816894533,4.609361372372595,0.040751403711560386
2022-07-19,100.1999969482422,4.607168158194099,-0.002193214178495495
2022-07-20,100.37999725341795,4.608962956864942,0.0017947986708426455
2022-07-21,99.5999984741211,4.6011621492704835,-0.007800807594458448
2022-07-22,99.43000030517578,4.599453882061235,-0.0017082672092483264
2022-07-25,97.5199966430664,4.5800574507499885,-0.019396431311246687
2022-07-26,99.69000244140624,4.602065395524594,0.022007944774605548
2022-07-27,99.83000183105467,4.603468757690061,0.0014033621654672146
2022-07-28,102.37000274658205,4.62859372776163,0.025124970071568775
2022-07-29,103.12999725341795,4.635990301695745,0.0073965739341153025
2022-08-01,100.29000091552734,4.608065998228917,-0.02792430346682817
2022-08-02,100.87000274658205,4.613832586295673,0.0057665880667556735
2022-08-03,100.36000061035156,4.608763727579843,-0.005068858715829627
2022-08-04,100.12000274658205,4.606369493996474,-0.0023942335833693207
2022-08-05,101.68000030517578,4.621830629882534,0.015461135886059907
2022-08-08,101.58000183105467,4.620846683398839,-0.0009839464836947087
2022-08-09,104.54000091552734,4.649569782042451,0.028723098643611777
2022-08-10,106.75,4.670489652108734,0.020919870066283153
2022-08-11,110.44000244140624,4.7044724091681305,0.03398275705939646
2022-08-12,114.44000244140624,4.740050689515414,0.035578280347283275
2022-08-15,119.44000244140624,4.782814173671375,0.04276348415596143
2022-08-16,122.25,4.8060681283549815,0.02325395468360636
2022-08-17,118.31999969482422,4.773392815823303,-0.0326753125316781
2022-08-18,117.12000274658205,4.763199073664009,-0.010193742159294139
2022-08-19,119.75,4.785406236291025,0.02220716262701572
2022-08-22,117.88999938964844,4.769751981126739,-0.015654255164285757
2022-08-23,116.26000213623048,4.7558290806478,-0.013922900478939404
2022-08-24,117.56999969482422,4.767033898283955,0.01120481763615544
2022-08-25,117.18000030517578,4.763711216720976,-0.003322681562979213
2022-08-26,122.12000274658205,4.805004190357522,0.04129297363654594
2022-08-29,122.0199966430664,4.804184938212367,-0.0008192521451553247
2022-08-30,117.47000122070312,4.76618299222741,-0.03800194598495654
2022-08-31,118.29000091552734,4.77313924429733,0.006956252069920232
2022-09-01,113.29000091552734,4.72995091096667,-0.04318833333066063
2022-09-02,108.38999938964844,4.68573582819659,-0.044215082770080016
2022-09-06,108.29000091552734,4.684812822094692,-0.000923006101897883
2022-09-07,106.0999984741211,4.6643820312384205,-0.020430790856271308
2022-09-08,108.31999969482422,4.685089806346611,0.020707775108190773
2022-09-09,109.5199966430664,4.696107150328864,0.011017343982252292
2022-09-12,110.20999908447266,4.702387628396334,0.006280478067470341
2022-09-13,106.31999969482422,4.666453411534638,-0.035934216861695845
2022-09-14,107.08999633789062,4.6736695682162255,0.007216156681587371
2022-09-15,105.23999786376952,4.656243435873437,-0.01742613234278867
2022-09-16,101.23999786376952,4.617493914576267,-0.03874952129717002
2022-09-19,97.54000091552734,4.58026255966808,-0.03723135490818663
2022-09-20,93.54000091552734,4.53838916208529,-0.04187339758279052
2022-09-21,97.25,4.577284982498556,0.038895820413266335
2022-09-22,96.83000183105467,4.5729568825334335,-0.004328099965122512
2022-09-23,94.48999786376952,4.548493986186529,-0.024462896346904905
2022-09-26,90.31999969482422,4.503358916462578,-0.045135069723950316
2022-09-27,90.04000091552734,4.500254026206538,-0.003104890256039994
2022-09-28,90.44000244140624,4.50468667440453,0.004432648197991718
2022-09-29,87.11000061035156,4.467171694837477,-0.037514979567053075
2022-09-30,93.22000122070312,4.534962304039458,0.06779060920198088
2022-10-03,92.13999938964844,4.523309152883595,-0.011653151155862851
2022-10-04,96.13999938964844,4.5658054561172445,0.04249630323364961
2022-10-05,91.2300033569336,4.513383827153761,-0.05242162896348379
2022-10-06,90.9000015258789,4.509760017969779,-0.003623809183981308
2022-10-07,92.2300033569336,4.524285493645042,0.014525475675262634
2022-10-10,88.2300033569336,4.479947079281543,-0.044338414363498835
2022-10-11,88.86000061035156,4.48706210437645,0.007115025094906358
2022-10-12,84.91999816894531,4.441709615272941,-0.0453524891035082
2022-10-13,84.79000091552734,4.440177622113498,-0.0015319931594435232
2022-10-14,83.1500015258789,4.420646223989856,-0.01953139812364224
2022-10-17,83.08999633789062,4.4199243136028805,-0.0007219103869751109
2022-10-18,82.29000091552734,4.4102496047432425,-0.00967470885963806
2022-10-19,78.29000091552734,4.360419892613875,-0.04982971212936782
2022-10-20,77.4000015258789,4.348986800309879,-0.011433092303995807
2022-10-21,79.12999725341797,4.371092034911357,0.022105234601478507
2022-10-24,76.12999725341797,4.332442369240595,-0.038649665670762445
2022-10-25,78.47000122070312,4.362716401695685,0.030274032455090527
2022-10-26,77.81999969482422,4.354398463634848,-0.008317938060837804
2022-10-27,75.11000061035156,4.318953713824023,-0.035444749810825016
2022-10-28,72.11000061035156,4.278192739392842,-0.04076097443118076
2022-10-31,72.0,4.276666119016055,-0.001526620376786525
2022-11-01,75.0,4.31748811353631,0.04082199452025481
2022-11-02,79.0,4.3694478524670215,0.051959738930711374
2022-11-03,83.0,4.418840607796598,0.049392755329576765
2022-11-04,86.93000030517578,4.465103200601565,0.046262592804966474
2022-11-07,87.48999786376953,4.47152447670132,0.006421276099755069
2022-11-08,87.68000030517578,4.473693826680268,0.002169349978948354
2022-11-09,86.5,4.460144413937834,-0.013549412742434264
2022-11-10,86.37999725341797,4.45875613573605,-0.001388278201783777
2022-11-11,88.19999694824219,4.479606928412316,0.020850792676266217
2022-11-14,85.27999877929688,4.445939946103473,-0.03366698230884335
2022-11-15,88.73999786376953,4.485710721877848,0.03977077577437527
2022-11-16,88.44000244140625,4.482324383594472,-0.003386338283376311
2022-11-17,87.04000091552734,4.466367793626099,-0.015956589968372903
2022-11-18,85.16000366210938,4.444531883027971,-0.02183591059812784
2022-11-21,81.16000366210938,4.39642256007971,-0.0481093229482612
2022-11-22,83.22000122070312,4.421487718223181,0.025065158143471322
2022-11-23,83.94000244140625,4.4301022869905795,0.00861456876739819
2022-11-25,81.33999633789062,4.398637855456833,-0.03146443153374623
2022-11-28,80.19999694824219,4.384523476820625,-0.014114378636207903
2022-11-29,81.5999984741211,4.401829243270565,0.01730576644993942
2022-11-30,86.05000305175781,4.454928558122485,0.0530993148519201
2022-12-01,85.93000030517578,4.453533014876578,-0.0013955432459065165
2022-12-02,84.27999877929688,4.4341445744520875,-0.019388440424490838
2022-12-05,84.94000244140625,4.44194515362784,0.007800579175752276
2022-12-06,85.38999938964844,4.447228990771704,0.005283837143863934
2022-12-07,82.61000061035156,4.414130745962764,-0.03309824480894008
2022-12-08,80.8499984741211,4.392595567150154,-0.021535178812609246
2022-12-09,80.94999694824219,4.39383164242435,0.0012360752741953362
2022-12-12,79.38999938964844,4.374372408049006,-0.01945923437534347
2022-12-13,81.62999725341797,4.402196807816541,0.02782439976753448
2022-12-14,81.37000274658203,4.3990066884628,-0.0031901193537411388
2022-12-15,81.02999877929688,4.394819441407805,-0.004187247054995069
2022-12-16,81.91999816894531,4.405743138939456,0.010923697531651122
2022-12-19,84.08000183105469,4.431768748346225,0.026025609406769235
2022-12-20,87.83999633789062,4.475516936070539,0.043748187724314214
2022-12-21,88.30000305175781,4.4807401421711575,0.005223206100618327
2022-12-22,84.30000305175781,4.43438190120897,-0.04635824096218766
2022-12-23,85.20999908447266,4.4451187870955,0.01073688588652999
2022-12-27,84.23999786376953,4.433669842466858,-0.011448944628641655
2022-12-28,83.26000213623047,4.421968267424173,-0.011701575042684986
2022-12-29,82.63999938964844,4.414493817425716,-0.0074744499984573665
2022-12-30,83.37000274658203,4.42328856536701,0.008794747941294645
2023-01-03,83.13999938964844,4.420525926483241,-0.002762638883769597
2023-01-04,80.44000244140625,4.3875115952551,-0.03301433122814057
2023-01-05,82.58000183105469,4.413767542631045,0.02625594737594472
2023-01-06,85.68000030517578,4.450619429701302,0.03685188707025677
2023-01-09,86.22000122070312,4.456902183476993,0.006282753775691319
2023-01-10,84.76000213623047,4.439823758603383,-0.017078424873609777
2023-01-11,84.26000213623047,4.433907281903712,-0.005916476699670881
2023-01-12,82.04000091552734,4.407206944363704,-0.026700337540008334
2023-01-13,82.29000091552734,4.4102496047432425,0.0030426603795383755
2023-01-17,82.81999969482422,4.416669574432613,0.0064199696893707525
2023-01-18,84.80999755859375,4.440413431586835,0.023743857154221892
2023-01-19,83.38999938964844,4.423528390779652,-0.016885040807182783
2023-01-20,86.69999694824219,4.462453848587444,0.03892545780779155
2023-01-23,87.38999938964844,4.470380852655226,0.007927004067782129
2023-01-24,86.23999786376953,4.457134082389925,-0.013246770265300967
2023-01-25,86.66000366210938,4.461992458570121,0.004858376180195911
2023-01-26,87.5,4.471638793363569,0.00964633479344812
2023-01-27,86.88999938964844,4.464642943826698,-0.006995849536870935
2023-01-30,85.0999984741211,4.443827017648906,-0.020815926177792043
2023-01-31,86.22000122070312,4.456902183476993,0.013075165828086988
2023-02-01,85.61000061035156,4.449802105883837,-0.007100077593156229
2023-02-02,86.38999938964844,4.458871921305721,0.009069815421884009
2023-02-03,85.43000030517578,4.4476973307357595,-0.011174590569961396
2023-02-06,83.2699966430664,4.422088299933885,-0.025609030801874155
2023-02-07,85.62999725341797,4.450035656963102,0.027947357029217024
2023-02-08,85.37000274658203,4.446994783194898,-0.0030408737682039444
2023-02-09,85.5,4.448516375942715,0.0015215927478164915
2023-02-10,85.2699966430664,4.445822653385673,-0.002693722557041589
2023-02-13,85.63999938964844,4.450152456594537,0.004329803208864114
2023-02-14,85.4000015258789,4.447346118661959,-0.002806337932578451
2023-02-15,82.55000305175781,4.413404207334735,-0.033941911327223906
2023-02-16,81.25,4.3975308212098465,-0.015873386124888533
2023-02-17,80.25,4.385146762010125,-0.01238405919972152
2023-02-21,80.91999816894531,4.393460989671582,0.008314227661457174
2023-02-22,82.25,4.409763389645481,0.01630239997389893
2023-02-23,82.41000366210938,4.411706833212973,0.001943443567491876
2023-02-24,85.12999725341797,4.444179467632579,0.03247263441960602
2023-02-27,85.0,4.442651256490317,-0.0015282111422623146
2023-02-28,84.19000244140625,4.4330761783483394,-0.009575078141977222
2023-03-01,84.56999969482422,4.437579590185573,0.004503411837233351
2023-03-02,82.8499984741211,4.417031725455204,-0.020547864730368737
2023-03-03,84.37000274658203,4.435211920731548,0.018180195276343625
2023-03-06,84.86000061035156,4.441002846966632,0.00579092623508437
2023-03-07,82.88999938964844,4.4175144202400425,-0.023488426726589573
2023-03-08,82.73999786376953,4.415703135214671,-0.001811285025371312
2023-03-09,82.30000305175781,4.4103711447639204,-0.005331990450750723
2023-03-10,78.18000030517578,4.35901386426831,-0.05135728049561017
2023-03-13,81.18000030517578,4.39666891517,0.03765505090168997
2023-03-14,81.37000274658203,4.3990066884628,0.0023377732927993833
2023-03-15,79.11000061035156,4.370839296748532,-0.028167391714267964
2023-03-16,79.16000366210938,4.371471166996483,0.000631870247951305
2023-03-17,77.83000183105469,4.354526984497632,-0.016944182498851212
2023-03-20,77.22000122070312,4.346658506644212,-0.007868477853420153
2023-03-21,77.8499984741211,4.354783878679764,0.008125372035552303
2023-03-22,78.27999877929688,4.360292126933814,0.005508248254050052
2023-03-23,77.58000183105469,4.35130968561397,-0.00898244131984427
2023-03-24,76.54000091552734,4.33781349195898,-0.013496193654989774
2023-03-27,79.5199966430664,4.376008520133358,0.038195028174378365
2023-03-28,82.5199966430664,4.413040647522808,0.037032127389450054
2023-03-29,82.76000213623047,4.415944878689697,0.002904231166888316
2023-03-30,83.5,4.42484663185681,0.008901753167113391
2023-03-31,82.77999877929688,4.416186471574233,-0.008660160282577323
2023-04-03,82.37999725341797,4.411342655667536,-0.004843815906697024
2023-04-04,81.05000305175781,4.3950662858344645,-0.016276369833071236
2023-04-05,81.06999969482422,4.395312975235266,0.00024668940080196933
2023-04-06,83.19999694824219,4.421247311147381,0.02593433591211447
2023-04-10,82.44999694824219,4.412192011992171,-0.009055299155209973
2023-04-11,82.75,4.415824014257172,0.003632002265001155
2023-04-12,82.44999694824219,4.412192011992171,-0.003632002265001155
2023-04-13,83.3499984741211,4.423048590889917,0.01085657889774616
2023-04-14,82.86000061035156,4.417152444015314,-0.005896146874603048
2023-04-17,83.30000305175781,4.422448585808544,0.005296141793230014
2023-04-18,84.55000305175781,4.437343111438708,0.014894525630164246
2023-04-19,83.23999786376953,4.421727975861924,-0.015615135576783956
2023-04-20,79.23999786376953,4.372481194871359,-0.049246780990565675
2023-04-21,78.41000366210938,4.361951516947451,-0.010529677923907244
2023-04-24,78.9800033569336,4.369194698362093,0.00724318141464142
2023-04-25,77.0,4.343805421853684,-0.02538927650840872
2023-04-26,76.51000213623047,4.337421479164692,-0.006383942688992228
2023-04-27,78.62999725341797,4.364753271072964,0.027331791908272507
2023-04-28,79.02999877929688,4.369827511770811,0.00507424069784701
2023-05-01,79.54000091552734,4.376260051289821,0.006432539519009239
2023-05-02,78.5999984741211,4.364371680021943,-0.011888371267877673
2023-05-03,76.98999786376953,4.343675515543102,-0.02069616447884126
2023-05-04,79.98999786376953,4.381901600154511,0.038226084611409306
2023-05-05,82.12999725341797,4.408303324310215,0.026401724155704187
2023-05-08,81.52999877929688,4.400971035702378,-0.007332288607837079
2023-05-09,80.98999786376953,4.394325663884426,-0.006645371817952217
2023-05-10,80.76000213623047,4.391481819896227,-0.002843843988198813
2023-05-11,79.62000274658203,4.377265352068303,-0.014216467827924184
2023-05-12,80.52999877929688,4.388629770649088,0.011364418580785518
2023-05-15,82.37000274658203,4.4112213262976026,0.022591555648514117
2023-05-16,83.37999725341797,4.423408439512112,0.012187113214509715
2023-05-17,86.94000244140625,4.465218253642153,0.04180981413004048
2023-05-18,86.66000366210938,4.461992458570121,-0.0032257950720318007
2023-05-19,86.72000122070312,4.46268455176771,0.0006920931975891165
2023-05-22,85.31999969482422,4.446408890026312,-0.01627566174139794
2023-05-23,84.3499984741211,4.434974790902126,-0.011434099124185693
2023-05-24,81.72000122070312,4.403298784887051,-0.031676006015075586
2023-05-25,80.12000274658203,4.383525545078471,-0.019773239808579923
2023-05-26,83.3499984741211,4.423048590889917,0.03952304581144617
2023-05-30,83.98999786376953,4.430697718703192,0.007649127813275314
2023-05-31,83.4800033569336,4.4246071224214285,-0.006090596281763894
2023-06-01,86.41999816894531,4.459219109315929,0.03461198689450029
2023-06-02,86.05000305175781,4.454928558122485,-0.004290551193443903
2023-06-05,84.79000091552734,4.440177622113498,-0.014750936008987026
2023-06-06,85.33999633789062,4.446643234847861,0.006465612734363191
2023-06-07,85.01000213623047,4.442768921758434,-0.003874313089426984
2023-06-08,84.30999755859375,4.43450045297709,-0.008268468781343685
2023-06-09,84.04000091552734,4.431292886870747,-0.003207566106343762
2023-06-12,83.48999786376953,4.424726838619246,-0.006566048251500867
2023-06-13,82.72000122070312,4.415461425517169,-0.00926541310207707
2023-06-14,81.79000091552734,4.404154997940517,-0.011306427576651679
2023-06-15,80.63999938964844,4.389994796754214,-0.014160201186302679
2023-06-16,81.45999908447266,4.400112090981286,0.010117294227071305
2023-06-20,80.66000366210938,4.390242834847023,-0.009869256134262372
2023-06-21,79.30999755859375,4.373364193312145,-0.016878641534877836
2023-06-22,79.29000091552734,4.373112028830875,-0.0002521644812700785
2023-06-23,78.05999755859375,4.357477730476447,-0.015634298354428644
2023-06-26,77.06999969482422,4.34471409583018,-0.01276363464626673
2023-06-27,77.63999938964844,4.352082750439506,0.007368654609326342
2023-06-28,80.12000274658203,4.383525545078471,0.0314427946389646
2023-06-29,81.25,4.3975308212098465,0.014005276131375588
2023-06-30,82.83999633789062,4.416910992320364,0.019380171110517708
2023-07-03,83.43000030517578,4.424007960571849,0.007096968251484981
2023-07-05,82.44999694824219,4.412192011992171,-0.01181594857967827
2023-07-06,82.87999725341797,4.4173937453719105,0.005201733379739615
2023-07-07,81.19999694824219,4.3969152095844075,-0.020478535787503027
2023-07-10,79.94999694824219,4.381401401109133,-0.015513808475274615
2023-07-11,82.94999694824219,4.418237979846124,0.036836578736990866
2023-07-12,82.51000213623047,4.412919524006816,-0.005318455839307568
2023-07-13,82.79000091552734,4.416307292209144,0.003387768202327557
2023-07-14,82.66000366210938,4.414735853386868,-0.001571438822275617
2023-07-17,83.48999786376953,4.424726838619246,0.009990985232377625
2023-07-18,83.77999877929688,4.428194300948548,0.0034674623293025064
2023-07-19,85.62000274658203,4.449918932795543,0.021724631846995024
2023-07-20,85.93000030517578,4.453533014876578,0.003614082081035086
2023-07-21,85.08000183105469,4.4435920118536005,-0.009941003022977846
2023-07-24,85.58000183105469,4.449451632384496,0.005859620530895171
2023-07-25,88.55000305175781,4.48356739869251,0.03411576630801427
2023-07-26,89.9800033569336,4.499587460720578,0.01602006202806816
2023-07-27,86.62000274658203,4.461530767494885,-0.03805669322569294
2023-07-28,85.05999755859375,4.443356861123321,-0.018173906371564463
2023-07-31,85.44000244140625,4.447814403786396,0.004457542663074854
2023-08-01,86.87000274658203,4.464412779888981,0.016598376102585632
2023-08-02,85.08000183105469,4.4435920118536005,-0.020820768035380688
2023-08-03,85.27999877929688,4.445939946103473,0.002347934249872452
2023-08-04,85.2699966430664,4.445822653385673,-0.00011729271779969963
2023-08-07,86.37999725341797,4.45875613573605,0.012933482350376835
2023-08-08,86.19999694824219,4.456670142266424,-0.002085993469625791
2023-08-09,86.11000061035156,4.455625555796119,-0.0010445864703054752
2023-08-10,87.29000091552734,4.4692359192356,0.013610363439481077
2023-08-11,89.29000091552734,4.491889509782539,0.022653590546939384
2023-08-14,87.6500015258789,4.473351628776016,-0.018537881006523094
2023-08-15,86.19999694824219,4.456670142266424,-0.016681486509591892
2023-08-16,85.31999969482422,4.446408890026312,-0.010261252240112206
2023-08-17,84.36000061035156,4.435093362845656,-0.011315527180656204
2023-08-18,84.31999969482422,4.434619081173794,-0.0004742816718614762
2023-08-21,84.45999908447266,4.436278038666023,0.0016589574922285522
2023-08-22,84.98999786376953,4.442533577375454,0.006255538709431185
2023-08-23,86.20999908447266,4.456786169602099,0.014252592226644545
2023-08-24,86.08999633789062,4.455393218131712,-0.0013929514703869827
2023-08-25,87.51000213623047,4.471753096959012,0.016359878827300278
2023-08-28,87.06999969482422,4.4667123893355765,-0.0050407076234355586
2023-08-29,87.08999633789062,4.466942024654935,0.000229635319358934
2023-08-30,88.27999877929688,4.480513567560906,0.013571542905970624
2023-08-31,88.0999984741211,4.478472515622283,-0.0020410519386233617
2023-09-01,89.61000061035156,4.495466927707327,0.016994412085044708
2023-09-05,88.0,4.477336814478207,-0.018130113229120504
2023-09-06,86.0,4.454347296253507,-0.022989518224699523
2023-09-07,83.62000274658203,4.426282758774413,-0.028064537479094653
2023-09-08,84.41000366210938,4.435685921380409,0.009403162605996052
2023-09-11,86.97000122070312,4.4655632456375844,0.029877324257175708
2023-09-12,87.48999786376953,4.47152447670132,0.005961231063735362
2023-09-13,85.66999816894531,4.450502684602605,-0.021021792098714798
2023-09-14,86.47000122070312,4.459797547089409,0.009294862486804334
2023-09-15,85.38999938964844,4.447228990771704,-0.012568556317705593
2023-09-18,85.54000091552734,4.448984113501678,0.0017551227299739125
2023-09-19,86.05999755859375,4.4550446990418004,0.006060585540122787
2023-09-20,85.37000274658203,4.446994783194898,-0.008049915846902067
2023-09-21,84.87000274658203,4.44112070634381,-0.005874076851088539
2023-09-22,84.04000091552734,4.431292886870747,-0.009827819473063215
2023-09-25,86.41999816894531,4.459219109315929,0.02792622244518217
2023-09-26,88.18000030517578,4.479380183390619,0.020161074074690255
2023-09-27,88.4000015258789,4.481871986904671,0.0024918035140517603
2023-09-28,88.7300033569336,4.4855980886803755,0.003726101775704649
2023-09-29,86.86000061035156,4.464297634133518,-0.02130045454685714
2023-10-02,87.45999908447266,4.47118153551682,0.006883901383301527
2023-10-03,87.13999938964844,4.4675160136850325,-0.003665521831787366
2023-10-04,86.72000122070312,4.46268455176771,-0.004831461917322422
2023-10-05,86.25,4.457250055911469,-0.005434495856240673
2023-10-06,86.8499984741211,4.464182475117984,0.006932419206514773
2023-10-09,86.66999816894531,4.462107782019512,-0.002074693098472302
2023-10-10,85.44999694824219,4.4479313738476405,-0.01417640817187138
2023-10-11,85.05000305175781,4.443239354723796,-0.004692019123844204
2023-10-12,84.91999816894531,4.441709615272941,-0.0015297394508548834
2023-10-13,86.05999755859375,4.4550446990418004,0.013335083768859057
2023-10-16,85.1500015258789,4.44441442502859,-0.010630274013210261
2023-10-17,83.2300033569336,4.421607900091219,-0.02280652493737101
2023-10-18,84.23999786376953,4.433669842466858,0.012061942375638957
2023-10-19,84.2699966430664,4.434025889948809,0.0003560474819508386
2023-10-20,82.4000015258789,4.411585455433373,-0.022440434515435648
2023-10-23,83.7300033569336,4.427597376308703,0.016011920875329544
2023-10-24,82.93000030517578,4.417996882143033,-0.009600494165669993
2023-10-25,83.80999755859375,4.428552302980564,0.010555420837531138
2023-10-26,84.58999633789062,4.43781601302346,0.009263710042896278
2023-10-27,84.37999725341797,4.435330374146037,-0.0024856388774230354
2023-10-30,82.91000366210938,4.417755726297821,-0.017574647848216607
2023-10-31,81.22000122070312,4.397161537287739,-0.020594189010081365
2023-11-01,79.44000244140625,4.375002050469623,-0.02215948681811586
2023-11-02,79.80000305175781,4.379523542698341,0.004521492228717783
2023-11-03,79.62000274658203,4.377265352068303,-0.0022581906300382926
2023-11-06,78.0,4.356708826689592,-0.02055652537871122
2023-11-07,76.4800033569336,4.337029312636105,-0.01967951405348689
2023-11-08,74.88999938964844,4.316020362111302,-0.021008950524803005
2023-11-09,76.5199966430664,4.337552100702036,0.021531738590733873
2023-11-10,77.31999969482422,4.347952650393211,0.010400549691174987
2023-11-13,77.4800033569336,4.350019881865247,0.002067231472036468
2023-11-14,78.68000030517578,4.365388997399554,0.015369115534307198
2023-11-15,78.41000366210938,4.361951516947451,-0.0034374804521029034
2023-11-16,78.68000030517578,4.365388997399554,0.0034374804521029034
2023-11-17,78.91999816894531,4.368434657953012,0.003045660553457452
2023-11-20,77.97000122070312,4.35632415297757,-0.01211050497544175
2023-11-21,77.33999633789062,4.34821123882837,-0.008112914149200456
2023-11-22,79.58000183105469,4.376762828007763,0.02855158917939349
2023-11-23,79.58000183105469,4.376762828007763,0.0
2023-11-24,80.38999938964844,4.386889782747488,0.010126954739725136
2023-11-27,78.58999633789062,4.364244418280432,-0.02264536446705634
2023-11-28,78.5999984741211,4.364371680021943,0.0001272617415111199
2023-11-29,78.58999633789062,4.364244418280432,-0.0001272617415111199
2023-11-30,79.4000015258789,4.374498387470708,0.010253969190276102
2023-12-01,78.41999816894531,4.362078973514852,-0.012419413955855774
2023-12-04,77.68000030517578,4.352597827911697,-0.009481145603155383
2023-12-05,78.68000030517578,4.365388997399554,0.012791169487857523
2023-12-06,78.75,4.366278277705742,0.0008892803061879562
2023-12-07,82.58999633789062,4.413888563481792,0.04761028577604964
2023-12-08,81.44000244140625,4.399866582780187,-0.014021980701604875
2023-12-11,82.0,4.406719247264253,0.006852664484066295
2023-12-12,81.05000305175781,4.3950662858344645,-0.011652961429788888
2023-12-13,81.18000030517578,4.39666891517,0.001602629335535788
2023-12-14,80.80999755859375,4.392100690033671,-0.0045682251363290405
2023-12-15,79.93000030517578,4.381151255455966,-0.010949434577705475
2023-12-18,79.0999984741211,4.370712855483103,-0.010438399972862555
2023-12-19,79.45999908447266,4.375253738864588,0.004540883381484839
2023-12-20,79.20999908447266,4.372102541917959,-0.003151196946628687
2023-12-21,79.12999725341797,4.371092034911357,-0.0010105070066019906
2023-12-22,79.76000213623047,4.379022152436813,0.007930117525456026
2023-12-26,80.05000305175781,4.382651477565869,0.0036293251290553386
2023-12-27,80.52999877929688,4.388629770649088,0.005978293083219732
2023-12-28,80.94999694824219,4.39383164242435,0.005201871775261324
2023-12-29,81.0,4.394449154672439,0.0006175122480893691
2024-01-02,79.94000244140625,4.381276383823661,-0.013172770848778548
2024-01-03,80.93000030517578,4.393584587278472,0.012308203454811206
2024-01-04,80.12000274658203,4.383525545078471,-0.010059042200000867
2024-01-05,80.19000244140625,4.384398849264207,0.0008733041857365009
2024-01-08,80.41999816894531,4.387262878700479,0.002864029436271842
2024-01-09,80.7300033569336,4.391110294989155,0.003847416288675909
2024-01-10,80.18000030517578,4.384274111020495,-0.006836183968660592
2024-01-11,81.36000061035156,4.3988837592421675,0.014609648221672877
2024-01-12,81.30999755859375,4.3982689801938415,-0.0006147790483259641
2024-01-16,81.33000183105469,4.398514974692573,0.00024599449873186074
2024-01-17,81.69999694824219,4.40305396451274,0.004538989820166428
2024-01-18,82.51000213623047,4.412919524006816,0.009865559494076415
2024-01-19,83.94999694824219,4.430221347171461,0.01730182316464468
2024-01-22,84.83000183105469,4.440649275404633,0.010427928233172068
2024-01-23,84.5999984741211,4.437934248575783,-0.0027150268288496093
2024-01-24,85.4000015258789,4.447346118661959,0.009411870086175611
2024-01-25,85.76000213623047,4.451552722231895,0.004206603569936185
2024-01-26,84.37000274658203,4.435211920731548,-0.016340801500347446
2024-01-29,84.26000213623047,4.433907281903712,-0.0013046388278352694
2024-01-30,84.77999877929688,4.440059651526011,0.006152369622298259
2024-01-31,85.16999816894531,4.444649237654167,0.004589586128155965
2024-02-01,86.48999786376953,4.460028775619259,0.015379537965092283
2024-02-02,87.11000061035156,4.467171694837477,0.007142919218217969
2024-02-05,87.04000091552734,4.466367793626099,-0.0008039012113778554
2024-02-06,87.54000091552734,4.472095842221138,0.005728048595038615
2024-02-07,88.47000122070312,4.482663525293227,0.010567683072089551
2024-02-08,89.0999984741211,4.489759317351298,0.007095792058071204
2024-02-09,91.77999877929688,4.51939439566637,0.029635078315071617
2024-02-12,90.52999877929688,4.505681274003386,-0.013713121662983774
2024-02-13,91.5199966430664,4.516557490951706,0.010876216948319417
2024-02-14,93.4800033569336,4.537747545581371,0.021190054629665056
2024-02-15,94.62999725341795,4.549974521495709,0.012226975914337856
2024-02-16,93.87000274658205,4.541910875608323,-0.008063645887385285
2024-02-20,91.19000244140624,4.5129452687183145,-0.02896560689000882
2024-02-21,92.5999984741211,4.528289125173959,0.015343856455644733
2024-02-22,94.1999969482422,4.545420149185738,0.01713102401177835
2024-02-23,94.93000030517578,4.553139781108452,0.0077196319227148535
2024-02-26,96.58000183105467,4.570371699404339,0.017231918295886217
2024-02-27,100.75,4.612642200826793,0.04227050142245403
2024-02-28,103.06999969482422,4.635408366087842,0.02276616526104913
2024-02-29,101.55999755859376,4.620649732797424,-0.014758633290417933
2024-03-01,97.55999755859376,4.580467548323055,-0.04018218447436883
2024-03-04,98.44000244140624,4.589447250323812,0.00897970200075715
2024-03-05,98.0999984741211,4.585987351016996,-0.0034598993068160055
2024-03-06,99.13999938964844,4.5965329864359665,0.010545635418970356
2024-03-07,99.27999877929688,4.597944128600792,0.0014111421648257405
2024-03-08,95.27999877929688,4.556819912235299,-0.04112421636549346
2024-03-11,95.05999755859376,4.5545082455030705,-0.002311666732228268
2024-03-12,95.2300033569336,4.556295053456753,0.0017868079536826897
2024-03-13,94.9000015258789,4.552823721694691,-0.0034713317620624906
2024-03-14,93.4800033569336,4.537747545581371,-0.015076176113320017
2024-03-15,93.94000244140624,4.542656306587844,0.004908761006473306
2024-03-18,94.56999969482422,4.549340297800438,0.006683991212593554
2024-03-19,93.33999633789062,4.536248701287585,-0.013091596512852632
2024-03-20,92.18000030517578,4.523743190603013,-0.012505510684571952
2024-03-21,92.20999908447266,4.524068574622329,0.0003253840193160329
2024-03-22,91.52999877929688,4.516666774060043,-0.0074018005622864536
2024-03-25,92.0199966430664,4.522005908246844,0.005339134186801431
2024-03-26,93.41000366210938,4.536998445089439,0.014992536842594717
2024-03-27,90.7699966430664,4.508328797555682,-0.028669647533757114
2024-03-28,91.37999725341795,4.5150266060784165,0.006697808522734938
2024-04-01,92.76000213623048,4.530015535416982,0.014988929338565882
2024-04-02,90.80999755859376,4.508769384816963,-0.02124615060001922
2024-04-03,88.9800033569336,4.488411663104728,-0.020357721712235488
2024-04-04,87.13999938964844,4.4675160136850325,-0.02089564941969524
2024-04-05,86.25,4.457250055911469,-0.010265957773563095
2024-04-08,86.6500015258789,4.461877033771296,0.0046269778598269085
2024-04-09,86.04000091552734,4.454812315040247,-0.007064718731049524
2024-04-10,85.30999755859375,4.446291652302548,-0.008520662737698359
2024-04-11,83.37000274658203,4.42328856536701,-0.023003086935537986
2024-04-12,82.62000274658203,4.414251815212167,-0.009036750154843176
2024-04-15,82.93000030517578,4.417996882143033,0.003745066930865626
2024-04-16,81.29000091552734,4.3980230190209655,-0.019973863122067392
2024-04-17,79.55999755859375,4.376511423299418,-0.021511595721547927
2024-04-18,78.0999984741211,4.357990037308138,-0.018521385991279615
2024-04-19,78.69000244140625,4.3655161135725145,0.007526076264376513
2024-04-22,80.04000091552734,4.382526521153905,0.01701040758139083
2024-04-23,80.22000122070312,4.384772875558849,0.0022463544049440287
2024-04-24,79.51000213623047,4.375882826780836,-0.008890048778013693
2024-04-25,79.58000183105469,4.376762828007763,0.0008800012269274404
2024-04-26,79.4000015258789,4.374498387470708,-0.0022644405370551013
2024-04-29,80.0199966430664,4.382276561477906,0.0077781740071980465
2024-04-30,77.91999816894531,4.355682635835118,-0.026593925642788285
2024-05-01,75.80999755859375,4.328230177863935,-0.02745245797118301
2024-05-02,74.91999816894531,4.316420853135756,-0.011809324728178971
2024-05-03,77.36000061035156,4.348469859034795,0.03204900589903925
2024-05-06,76.55999755859375,4.338074715255902,-0.010395143778892724
2024-05-07,77.0,4.343805421853684,0.005730706597781854
2024-05-08,80.05999755859375,4.38277632306972,0.03897090121603597
2024-05-09,78.5999984741211,4.364371680021943,-0.018404643047777114
2024-05-10,77.30999755859375,4.347823281752946,-0.016548398268996678
2024-05-13,77.62999725341797,4.351953915037168,0.004130633284221474
2024-05-14,74.62999725341797,4.312542534340642,-0.039411380696526166
2024-05-15,75.41000366210938,4.322939940777204,0.010397406436561951
2024-05-16,76.23999786376953,4.333886231326134,0.01094629054893037
2024-05-17,75.88999938964844,4.329284915373239,-0.004601315952895035
2024-05-20,76.02999877929688,4.3311279831848,0.00184306781156085
2024-05-21,76.37999725341797,4.33572084583793,0.00459286265312997
2024-05-22,79.37999725341797,4.37424641275449,0.03852556691656073
2024-05-23,81.72000122070312,4.403298784887051,0.0290523721325604
2024-05-24,80.5199966430664,4.388505559080909,-0.014793225806141841
2024-05-28,82.43000030517578,4.411949452027378,0.02344389294646909
2024-05-29,81.0999984741211,4.395682942306584,-0.016266509720794353
2024-05-30,77.76000213623047,4.353627187624283,-0.04205575468230105
2024-05-31,76.1500015258789,4.332705099378976,-0.020922088245306725
2024-06-03,73.1500015258789,4.292512148325722,-0.040192951053254156
2024-06-04,73.4800033569336,4.297013306031921,0.004501157706199521
2024-06-05,74.44000244140625,4.309993464571017,0.012980158539095399
2024-06-06,75.44000244140625,4.323337670687427,0.013344206116410184
2024-06-07,73.83999633789062,4.301900540599398,-0.021437130088028944
2024-06-10,71.80999755859375,4.274023708124088,-0.02787683247531003
2024-06-11,72.7300033569336,4.286754000322555,0.012730292198466664
2024-06-12,71.73999786376953,4.273048442326739,-0.013705557995815632
2024-06-13,71.3499984741211,4.267597322537016,-0.0054511197897229025
2024-06-14,70.97000122070312,4.262257269737161,-0.005340052799855499
2024-06-17,69.94000244140625,4.247637766542382,-0.014619503194778893
2024-06-18,71.02999877929688,4.2631023058239785,0.015464539281596856
2024-06-20,70.8499984741211,4.2605649445999365,-0.002537361224042023
2024-06-21,68.19000244140625,4.222297962335556,-0.03826698226438019
2024-06-24,71.29000091552734,4.266756077971834,0.044458115636277995
2024-06-25,72.5999984741211,4.284964900813135,0.01820882284130043
2024-06-26,72.69999694824219,4.286341342562062,0.0013764417489268155
2024-06-27,72.0199966430664,4.276943811609598,-0.009397530952463207
2024-06-28,69.80999755859375,4.245777231010153,-0.03116658059944566
2024-07-01,70.06999969482422,4.249494738027144,0.0037175070169910285
2024-07-02,69.33000183105469,4.238877739365111,-0.010616998662032806
2024-07-03,68.68000030517578,4.22945804047272,-0.00941969889239136
2024-07-05,67.30999755859375,4.209308777751543,-0.020149262721176342
2024-07-08,67.31999969482422,4.209457364789394,0.00014858703785058935
2024-07-09,66.95999908447266,4.20409541250847,-0.005361952280924065
2024-07-10,69.33000183105469,4.238877739365111,0.03478232685664118
2024-07-11,69.05999755859375,4.234975656609887,-0.003902082755224079
2024-07-12,68.91999816894531,4.232946385091901,-0.002029271517986153
2024-07-15,70.86000061035156,4.260706108050811,0.02775972295891016
2024-07-16,70.37000274658203,4.253767075009039,-0.006939033041772014
2024-07-17,71.12000274658203,4.264368629824631,0.010601554815591996
2024-07-18,71.37000274658203,4.26787765146668,0.003509021642049248
2024-07-19,69.9800033569336,4.24820953490944,-0.019668116557239657
2024-07-22,70.12999725341797,4.250350623384666,0.0021410884752253168
2024-07-23,68.02999877929688,4.219948766413369,-0.030401856971296937
2024-07-24,67.01000213623047,4.204841893864358,-0.015106872549011108
2024-07-25,67.20999908447266,4.207822032359982,0.002980138495624729
2024-07-26,66.06999969482422,4.190714781422818,-0.017107250937164586
2024-07-29,67.51000213623047,4.2122757666969495,0.02156098527413164
2024-07-30,68.1500015258789,4.221711180532547,0.00943541383559765
2024-07-31,67.9800033569336,4.2192135936491635,-0.00249758688338364
2024-08-01,66.87999725341797,4.20289992770913,-0.01631366594003314
2024-08-02,67.18000030517578,4.207375588726805,0.004475661017674604
2024-08-05,66.55000305175781,4.197953590697736,-0.009421998029068845
2024-08-06,66.19999694824219,4.192680416843901,-0.005273173853835189
2024-08-07,66.47000122070312,4.196750736418213,0.004070319574312364
2024-08-08,65.79000091552734,4.18646786501381,-0.010282871404402982
2024-08-09,67.08999633789062,4.206034946989769,0.0195670819759588
2024-08-12,68.29000091552734,4.223763356379461,0.01772840938969189
2024-08-13,67.0999984741211,4.206184021237265,-0.01757933514219623
2024-08-14,66.18000030517578,4.192378307104765,-0.013805714132499425
2024-08-15,66.33999633789062,4.194792978316774,0.0024146712120085567
2024-08-16,66.45999908447266,4.196600249150833,0.0018072708340595156
2024-08-19,67.9800033569336,4.2192135936491635,0.02261334449833008
2024-08-20,68.80000305175781,4.2312037892962415,0.011990195647078039
2024-08-21,69.70999908447266,4.244343766364936,0.013139977068694186
2024-08-22,69.58999633789062,4.242620826232683,-0.001722940132252937
2024-08-23,71.29000091552734,4.266756077971834,0.024135251739151542
2024-08-26,70.58000183105469,4.256746844190092,-0.010009233781742566
2024-08-27,70.0199966430664,4.248780867584022,-0.007965976606069347
2024-08-28,68.73999786376953,4.230331240344724,-0.018449627239298216
2024-08-29,70.12999725341797,4.250350623384666,0.020019383039941552
2024-08-30,69.79000091552734,4.245490746147377,-0.004859877237288757
2024-09-03,70.76000213623047,4.259293899481388,0.01380315333401061
2024-09-04,69.88999938964844,4.246922568756006,-0.012371330725381213
2024-09-05,69.48999786376953,4.241182826584684,-0.005739742171322781
2024-09-06,67.12000274658203,4.206482103079421,-0.034700723505262765
2024-09-09,67.54000091552734,4.212720028512757,0.006237925433335789
2024-09-10,68.08000183105469,4.220683511160751,0.007963482647994624
2024-09-11,69.30999755859375,4.238589160705448,0.017905649544696978
2024-09-12,70.05000305175781,4.249209316348437,0.010620155642988571
2024-09-13,69.4800033569336,4.241038989688009,-0.008170326660427385
2024-09-16,71.75,4.273187854639731,0.0321488649517212
2024-09-17,70.80999755859375,4.260000199185413,-0.01318765545431777
2024-09-18,69.68000030517578,4.243913336923923,-0.016086862261490253
2024-09-19,71.58000183105469,4.2708157309184145,0.026902393994491902
2024-09-20,72.20999908447266,4.2795785277844125,0.008762796865998013
2024-09-23,71.69999694824219,4.272490705042704,-0.007087822741708827
2024-09-24,73.0999984741211,4.291828345881876,0.01933764083917211
2024-09-25,74.0199966430664,4.304335281606298,0.012506935724422519
2024-09-26,73.86000061035156,4.3021714176880455,-0.0021638639182528507
2024-09-27,73.54000091552734,4.297829488322505,-0.004341929365540231
2024-09-30,73.55999755859375,4.298101366546802,0.00027187822429652897
2024-10-01,73.0,4.290459441148391,-0.007641925398410798
2024-10-02,73.16000366210938,4.292648873578833,0.0021894324304421175
2024-10-03,72.48999786376953,4.283448591843474,-0.009200281735359361
2024-10-04,73.02999877929688,4.290870298916927,0.007421707073453021
2024-10-07,73.29000091552734,4.294424186429604,0.0035538875126777114
2024-10-08,72.02999877929688,4.277082681954123,-0.017341504475481884
2024-10-09,72.01000213623047,4.276805027926522,-0.00027765402760060454
2024-10-10,72.66000366210938,4.285791077193679,0.008986049267156737
2024-10-11,72.20999908447266,4.2795785277844125,-0.006212549409266188
2024-10-14,71.02999877929688,4.2631023058239785,-0.016476221960433968
2024-10-15,70.62000274658203,4.25731342939265,-0.005788876431328305
2024-10-16,71.26000213623047,4.266335190155664,0.009021760763014086
2024-10-17,70.76000213623047,4.259293899481388,-0.007041290674276723
2024-10-18,70.98999786376953,4.262538991959302,0.003245092477914824
2024-10-21,72.19999694824219,4.279440003630666,0.016901011671363264
2024-10-22,72.08000183105469,4.2777766387031715,-0.001663364927494193
2024-10-23,72.51000213623047,4.283724512844685,0.005947874141513765
2024-10-24,71.52999877929688,4.2701169250546815,-0.013607587790003706
2024-10-25,70.66000366210938,4.2578796937581895,-0.012237231296492013
2024-10-28,70.36000061035156,4.253624928544053,-0.004254765214136924
2024-10-29,70.55999755859375,4.256463377098107,0.0028384485540540183
2024-10-30,69.91999816894531,4.247351705159427,-0.009111671938679677
2024-10-31,69.56999969482422,4.242333435548949,-0.005018269610477688
2024-11-01,70.16999816894531,4.250920843169645,0.008587407620695764
2024-11-04,69.93000030517578,4.247494746079793,-0.003426097089851865
2024-11-05,69.94999694824219,4.247780657483786,0.0002859114039930333
2024-11-06,69.69000244140625,4.244056870482803,-0.003723787000983414
2024-11-07,71.05000305175781,4.263383897495365,0.019327027012562503
2024-11-08,70.9800033569336,4.262398194512427,-0.000985702982938541
2024-11-11,69.69000244140625,4.244056870482803,-0.018341324029623962
2024-11-12,68.7699966430664,4.230767554517819,-0.013289315964983395
2024-11-13,68.9000015258789,4.232656200165896,0.001888645648076448
2024-11-14,68.31999969482422,4.224202545013456,-0.00845365515244012
2024-11-15,66.80000305175781,4.201703126227597,-0.02249941878585915
2024-11-18,66.62000274658203,4.199004873993123,-0.0026982522344738413
2024-11-19,66.88999938964844,4.203049470005611,0.004044596012488633
2024-11-20,68.45999908447266,4.2262496197288675,0.023200149723256125
2024-11-21,69.19000244140625,4.236856378796255,0.010606759067387728
2024-11-22,71.6500015258789,4.271793175570467,0.03493679677421202
2024-11-25,73.19999694824219,4.293195379276584,0.021402203706117007
2024-11-26,73.37000274658203,4.295515170160576,0.0023197908839920345
2024-11-27,73.56999969482422,4.2982373297960725,0.0027221596354962685
2024-11-29,73.3499984741211,4.295242483786279,-0.002994846009793939
2024-12-02,72.43000030517578,4.282620582420624,-0.012621901365654331
2024-12-03,72.69000244140625,4.286203857083093,0.0035832746624686607
2024-12-04,72.5999984741211,4.284964900813135,-0.0012389562699581802
2024-12-05,72.38999938964844,4.282068159873615,-0.0028967409395193044
2024-12-06,71.4000015258789,4.268297890716392,-0.01377026915722368
2024-12-09,69.94999694824219,4.247780657483786,-0.02051723323260557
2024-12-10,69.4800033569336,4.241038989688009,-0.0067416677957767845
2024-12-11,70.1500015258789,4.250635828300129,0.009596838612119463
2024-12-12,70.08999633789062,4.24978007826356,-0.0008557500365684589
2024-12-13,69.2699966430664,4.238011863572933,-0.011768214690627055
2024-12-16,69.05999755859375,4.234975656609887,-0.003036206963046517
2024-12-17,68.69000244140625,4.229603663768172,-0.005371992841714857
2024-12-18,68.08000183105469,4.220683511160751,-0.00892015260742074
2024-12-19,67.91000366210938,4.218183353051621,-0.0025001581091306235
2024-12-20,68.05999755859375,4.2203896332013775,0.0022062801497568785
2024-12-23,69.41999816894531,4.240174984057168,0.019785350855790362
2024-12-24,68.77999877929688,4.230912987256183,-0.009261996800985273
2024-12-26,68.75,4.230476736546681,-0.0004362507095017065
2024-12-27,68.88999938964844,4.232511020745306,0.002034284198624725
2024-12-30,68.4800033569336,4.226541780854128,-0.00596923989117748
2024-12-31,68.4000015258789,4.225372846936676,-0.0011689339174525415
2025-01-02,68.56999969482422,4.2278551168457,0.0024822699090245592
2025-01-03,67.66000366210938,4.214495217477737,-0.013359899367963557
2025-01-06,68.68000030517578,4.22945804047272,0.014962822994982972
2025-01-07,68.51000213623047,4.226979751196102,-0.002478289276617751
2025-01-08,68.2300033569336,4.2228844000275885,-0.004095351168513339
2025-01-09,68.5,4.22683374526818,0.003949345240591207
2025-01-10,67.01000213623047,4.204841893864358,-0.021991851403821983
2025-01-13,67.63999938964844,4.214199515006849,0.009357621142491723
2025-01-14,67.5,4.212127597878484,-0.002071917128365186
2025-01-15,67.7699966430664,4.216119569613808,0.003991971735323396
2025-01-16,66.7300033569336,4.200654677221727,-0.01546489239208082
2025-01-17,67.5999984741211,4.213607960476745,0.0129532832550181
2025-01-21,67.66000366210938,4.214495217477737,0.0008872570009916814
2025-01-22,67.13999938964844,4.20677998246116,-0.0077152350165770045
2025-01-23,67.47000122070312,4.211683072731866,0.004903090270706123
2025-01-24,67.61000061035156,4.2137559101301205,0.002072837398254812
2025-01-27,67.2699966430664,4.208714322135126,-0.005041587994994323
2025-01-28,66.9800033569336,4.2043941174845045,-0.004320204650621662
2025-01-29,66.66000366210938,4.199605127816726,-0.004788989667778409
2025-01-30,66.2699966430664,4.193737255444731,-0.005867872371995375
2025-01-31,65.87999725341797,4.187834863618758,-0.005902391825972408
2025-02-03,66.04000091552734,4.190260632915152,0.0024257692963933764
2025-02-04,66.94000244140625,4.20379673225474,0.013536099339588326
2025-02-05,66.04000091552734,4.190260632915152,-0.013536099339588326
2025-02-06,66.02999877929688,4.190109165719381,-0.00015146719577074919
2025-02-07,65.62999725341797,4.184032866636141,-0.006076299083240144
2025-02-10,66.54000091552734,4.197803284349383,0.013770417713241834
2025-02-11,67.4000015258789,4.210645040557414,0.012841756208031185
2025-02-12,67.47000122070312,4.211683072731866,0.001038032174451864
2025-02-13,66.83000183105469,4.202152108921672,-0.009530963810194137
2025-02-14,67.11000061035156,4.206333073264941,0.004180964343269089
2025-02-18,67.51000213623047,4.2122757666969495,0.0059426934320088165
2025-02-19,66.23999786376953,4.193284477827148,-0.018991288869801615
2025-02-20,65.97000122070312,4.189200111738692,-0.004084366088456193
2025-02-21,66.08000183105469,4.190866156922388,0.0016660451836960632
2025-02-24,66.51000213623047,4.197352344415266,0.006486187492877882
2025-02-25,65.95999908447266,4.1890484838113595,-0.008303860603906088
2025-02-26,65.37000274658203,4.180063479640578,-0.008985004170781963
2025-02-27,65.19999694824219,4.177459422126505,-0.0026040575140724442
2025-02-28,63.880001068115234,4.157006340067463,-0.02045308205904206
2025-03-03,64.13999938964844,4.161068184749082,0.004061844681618965
2025-03-04,62.040000915527344,4.127779353065387,-0.03328883168369501
2025-03-05,62.36000061035156,4.132924053977125,0.0051447009117380205
2025-03-06,63.900001525878906,4.1573193852626575,0.024395331285532507
2025-03-07,64.76000213623047,4.170688161796316,0.013368776533658533
2025-03-10,66.0,4.189654742026425,0.01896658023010911
2025-03-11,66.0,4.189654742026425,0.0
2025-03-12,66.9800033569336,4.2043941174845045,0.014739375458079351
2025-03-13,66.52999877929688,4.197652955405635,-0.006741162078869323
2025-03-14,67.37000274658203,4.210199855741189,0.012546900335554056
2025-03-17,66.9800033569336,4.2043941174845045,-0.005805738256684734
2025-03-18,66.47000122070312,4.196750736418213,-0.007643381066291255
2025-03-19,66.3499984741211,4.194943737780795,-0.001806998637418289
2025-03-20,66.08000183105469,4.190866156922388,-0.004077580858407259
2025-03-21,65.2699966430664,4.178532461215631,-0.01233369570675702
2025-03-24,65.41999816894531,4.180827994121019,0.00229553290538842
2025-03-25,65.13999938964844,4.1765387904782445,-0.0042892036427746305
2025-03-26,65.68000030517578,4.184794469790576,0.008255679312331843
2025-03-27,67.06999969482422,4.205736845561537,0.02094237577096081
2025-03-28,66.9000015258789,4.203198989942537,-0.0025378556189998847
2025-03-31,66.83000183105469,4.202152108921672,-0.0010468810208656976
2025-04-01,68.25,4.223177434065069,0.02102532514339739
2025-04-02,67.80000305175781,4.216562239957526,-0.006615194107542521
2025-04-03,64.80000305175781,4.171305650453256,-0.04525658950427047
2025-04-04,63.36000061035156,4.148832757139244,-0.0224728933140117
2025-04-07,65.98999786376953,4.189503183023296,0.04067042588405201
2025-04-08,65.55000305175781,4.182813256765891,-0.0066899262574056095
2025-04-09,66.62999725341797,4.1991548853530425,0.016341628587151824
2025-04-10,66.47000122070312,4.196750736418213,-0.002404148934829209
2025-04-11,65.88999938964844,4.187986675662539,-0.008764060755674485
2025-04-14,64.08999633789062,4.160288288376028,-0.027698387286510417
2025-04-15,65.08000183105469,4.17561731048628,0.015329022110251778
2025-04-16,65.79000091552734,4.18646786501381,0.010850554527530143
2025-04-17,66.31999969482422,4.194491506225475,0.008023641211664767
2025-04-21,65.7699966430664,4.18616375627276,-0.008327749952715457
2025-04-22,67.04000091552734,4.205289469830261,0.01912571355750181
2025-04-23,68.75,4.230476736546681,0.025187266716419465
2025-04-24,67.30000305175781,4.209160281996265,-0.021316454550415642
2025-04-25,66.8499984741211,4.2024512807225385,-0.006709001273726756
2025-04-28,66.37999725341797,4.195395764915178,-0.007055515807360635
2025-04-29,66.3499984741211,4.194943737780795,-0.0004520271343828597
2025-04-30,65.7699966430664,4.18616375627276,-0.008779981508035384
2025-05-01,65.61000061035156,4.183728132659508,-0.0024356236132518916
2025-05-02,70.18000030517578,4.251063374503541,0.06733524184403361
2025-05-05,70.3499984741211,4.253482761870577,0.0024193873670359523
2025-05-06,71.94000244140625,4.275832472204178,0.022349710333601003
2025-05-07,70.47000122070312,4.25518710466124,-0.02064536754293833
2025-05-08,66.69000244140625,4.200055053252495,-0.05513205140874522
2025-05-09,66.61000061035156,4.19885472558815,-0.0012003276643444138
2025-05-12,66.62999725341797,4.1991548853530425,0.00030015976489217167
2025-05-13,66.27999877929688,4.193888174140994,-0.005266711212048136
2025-05-14,65.4800033569336,4.181744803769481,-0.01214337037151303
2025-05-15,65.43000030517578,4.1809808735458045,-0.0007639302236768231
2025-05-16,64.88999938964844,4.172693519227135,-0.00828735431866967
2025-05-19,65.63999938964844,4.184185256923421,0.011491737696285753
2025-05-20,66.12000274658203,4.191471314492175,0.007286057568754778
2025-05-21,66.06999969482422,4.190714781422818,-0.0007565330693575234
2025-05-22,65.62999725341797,4.184032866636141,-0.006681914786677012
2025-05-23,66.11000061035156,4.191320030577851,0.007287163941709807
2025-05-27,65.56999969482422,4.18311826962133,-0.008201760956520587
2025-05-28,65.33000183105469,4.1794513768804356,-0.0036668927408944896
2025-05-29,64.83999633789062,4.171922640388304,-0.007528736492131927
2025-05-30,65.05999755859375,4.1753098835197475,0.0033872431314438955
2025-06-02,66.12999725341797,4.191622460153498,0.01631257663375063
2025-06-03,66.05000305175781,4.190412077172085,-0.0012103829814131828
2025-06-04,64.98999786376953,4.1742333790361155,-0.016178698135969505
2025-06-05,65.36000061035156,4.179910459890052,0.005677080853936367
2025-06-06,65.62000274658203,4.183880569388823,0.003970109498770746
2025-06-09,65.98999786376953,4.189503183023296,0.005622613634473694
2025-06-10,65.41999816894531,4.180827994121019,-0.008675188902277142
2025-06-11,65.47000122070312,4.181592041098228,0.0007640469772089986
2025-06-12,65.13999938964844,4.1765387904782445,-0.005053250619983629
2025-06-13,65.36000061035156,4.179910459890052,0.003371669411807332
2025-06-16,65.44000244140625,4.181133729602044,0.0012232697119918257
2025-06-17,65.05000305175781,4.175156251872545,-0.005977477729498304
2025-06-18,64.83999633789062,4.171922640388304,-0.0032336114842417274
2025-06-20,64.04000091552734,4.159507902424694,-0.012414737963609923
2025-06-23,63.959999084472656,4.158257873651692,-0.0012500287730015103
2025-06-24,66.01000213623047,4.189806278062904,0.03154840441121198
2025-06-25,66.44000244140625,4.196299321491123,0.006493043428219103
2025-06-26,67.06999969482422,4.205736845561537,0.009437524070413872
2025-06-27,67.5199966430664,4.2124238005700825,0.0066869550085453255
2025-06-30,66.27999877929688,4.193888174140994,-0.018535626429088126
2025-07-01,66.27999877929688,4.193888174140994,0.0
2025-07-02,66.7699966430664,4.201253827593701,0.007365653452706233
2025-07-03,65.66000366210938,4.18448996784727,-0.016763859746430576
2025-07-04,65.66000366210938,4.18448996784727,0.0
2025-07-07,65.38999938964844,4.180369332239165,-0.004120635608105161
2025-07-08,64.68000030517578,4.169452039427147,-0.010917292812018253
2025-07-09,64.95999908447266,4.173771681759713,0.004319642332566431
2025-07-10,66.25,4.193435464866331,0.019663783106618204
2025-07-11,66.19999694824219,4.192680416843901,-0.0007550480224303158
2025-07-14,66.41000366210938,4.1958477026965655,0.0031672858526645697
2025-07-15,67.20999908447266,4.207822032359982,0.011974329663416938
2025-07-16,66.94999694824219,4.203946026554539,-0.003876005805443228
2025-07-17,67.25,4.208417018481948,0.004470991927409074
2025-07-18,67.12000274658203,4.206482103079421,-0.0019349154025274373
2025-07-21,66.54000091552734,4.197803284349383,-0.008678818730038174
2025-07-22,66.58999633789062,4.198554361127645,0.0007510767782621386
2025-07-23,66.62000274658203,4.199004873993123,0.00045051286547792557
2025-07-24,67.33999633789062,4.209754359350549,0.010749485357425925
2025-07-25,67.01000213623047,4.204841893864358,-0.004912465486190953
2025-07-28,67.4000015258789,4.210645040557414,0.005803146693056149
2025-07-29,66.30000305175781,4.194189943221345,-0.016455097336068647
2025-07-30,65.9000015258789,4.188138464662921,-0.00605147855842425
2025-07-31,65.61000061035156,4.183728132659508,-0.004410332003413231
2025-08-01,64.41999816894531,4.165424115479353,-0.01830401718015473
2025-08-04,64.55999755859375,4.167594986145611,0.0021708706662577626
2025-08-05,65.58999633789062,4.183423189472293,0.015828203326682555
2025-08-06,65.69999694824219,4.185098879040673,0.0016756895683798234
2025-08-07,64.95999908447266,4.173771681759713,-0.0113271972809601
2025-08-08,65.31999969482422,4.179298263430253,0.005526581670539876
2025-08-11,65.29000091552734,4.178838899221017,-0.0004593642092363126
2025-08-12,67.06999969482422,4.205736845561537,0.026897946340520562
2025-08-13,66.41000366210938,4.1958477026965655,-0.009889142864971667
2025-08-14,66.16999816894531,4.192227160351991,-0.003620542344574318
2025-08-15,66.0999984741211,4.191168723773239,-0.0010584365787522643
2025-08-18,66.41999816894531,4.195998188380779,0.004829464607539968
2025-08-19,66.25,4.193435464866331,-0.00256272351444764
2025-08-20,66.63999938964844,4.19930498869965,0.005869523833318624
2025-08-21,65.88999938964844,4.187986675662539,-0.01131831303711106
2025-08-22,66.43000030517578,4.1961487662710955,0.00816209060855666
2025-08-25,65.98999786376953,4.189503183023296,-0.0066455832477991805
2025-08-26,65.47000122070312,4.181592041098228,-0.007911141925068144
2025-08-27,65.41000366210938,4.180675207960116,-0.0009168331381124162
2025-08-28,66.04000091552734,4.190260632915152,0.009585424955036004
2025-08-29,65.20999908447266,4.177612817365434,-0.012647815549717834
2025-09-02,64.56999969482422,4.167749901912098,-0.009862915453336285
2025-09-03,64.7300033569336,4.1702248244179705,0.0024749225058728896
2025-09-04,64.69000244140625,4.169606667795981,-0.0006181566219893853
2025-09-05,64.38999938964844,4.164958332071111,-0.004648335724869668
2025-09-08,64.56999969482422,4.167749901912098,0.0027915698409861633
2025-09-09,64.6500015258789,4.168988128820015,0.0012382269079171948
2025-09-10,65.55999755859375,4.182965716636363,0.01397758781634817
2025-09-11,65.37000274658203,4.180063479640578,-0.002902236995785401
2025-09-12,65.19000244140625,4.1773061203870725,-0.002757359253505065
2025-09-15,65.41999816894531,4.180827994121019,0.0035218737339466344
2025-09-16,66.38999938964844,4.195546433537642,0.01471843941662243
2025-09-17,65.86000061035156,4.187531286215627,-0.008015147322014471
2025-09-18,65.19000244140625,4.1773061203870725,-0.010225165828554594
2025-09-19,64.94000244140625,4.173463804269498,-0.0038423161175744625
2025-09-22,64.31999969482422,4.163870620126063,-0.009593184143435352
2025-09-23,64.52999877929688,4.167130213030917,0.003259592904854003
2025-09-24,64.04000091552734,4.159507902424694,-0.007622310606222982
2025-09-25,63.83000183105469,4.156223327954393,-0.0032845744703005053
2025-09-26,63.95000076293945,4.158101539955101,0.001878212000708146
2025-09-29,63.04999923706055,4.143928050310382,-0.014173489644718984
2025-09-30,63.31999969482422,4.148201230193232,0.004273179882849476
2025-10-01,63.150001525878906,4.145512872959269,-0.002688357233962435
2025-10-02,62.650001525878906,4.137563705697686,-0.007949167261583234
2025-10-03,62.86000061035156,4.140910041079119,0.0033463353814324748
2025-10-06,62.70000076293945,4.138361459806968,-0.0025485812721504075
2025-10-07,62.02000045776367,4.127456921053207,-0.010904538753761628
2025-10-08,62.470001220703125,4.134686461046108,0.007229539992901657
2025-10-09,62.02999877929688,4.127618119305788,-0.0070683417403198945
2025-10-10,63.84000015258789,4.1563799555317145,0.028761836225926096
2025-10-13,63.59000015258789,4.152456227678875,-0.003923727852839676
2025-10-14,63.5099983215332,4.151197347386497,-0.0012588802923776399
2025-10-15,63.7599983215332,4.155126008157198,0.003928660770700532
2025-10-16,63.72999954223633,4.154655402143343,-0.0004706060138550683
2025-10-17,64.27999877929688,4.163248521878908,0.008593119735565757
2025-10-20,64.16000366210938,4.161380020636022,-0.001868501242886289
2025-10-21,64.41999816894531,4.165424115479353,0.004044094843330903
2025-10-22,63.7400016784668,4.1548123353222115,-0.010611780157141482
2025-10-23,64.06999969482422,4.159976230887768,0.005163895565556409
2025-10-24,64.19999694824219,4.162003163160746,0.0020269322729777883
2025-10-27,64.55999755859375,4.167594986145611,0.005591822984865047
2025-10-28,65.05000305175781,4.175156251872545,0.007561265726934607
2025-10-29,66.01000213623047,4.189806278062904,0.014650026190358822
2025-10-30,65.12000274658203,4.1762317638715265,-0.013574514191377673
2025-10-31,65.54000091552734,4.182660657239654,0.006428893368127575
2025-11-03,65.68000030517578,4.184794469790576,0.002133812550922265
2025-11-04,65.19999694824219,4.177459422126505,-0.007335047664071226
2025-11-05,65.2300033569336,4.177919537271036,0.0004601151445307039
2025-11-06,64.54000091552734,4.167285200809241,-0.010634336461794902
2025-11-07,63.619998931884766,4.152927869532013,-0.014357331277228269
2025-11-10,64.30999755859375,4.163715102183682,0.010787232651669143
2025-11-11,63.880001068115234,4.157006340067463,-0.006708762116218736
2025-11-12,63.29999923706055,4.147885317097375,-0.009121022970088433
2025-11-13,62.900001525878906,4.141546187965201,-0.006339129132173937
2025-11-14,62.4900016784668,4.135006570800757,-0.006539617164444067
2025-11-17,62.36000061035156,4.132924053977125,-0.002082516823631586
2025-11-18,62.56999969482422,4.136285925132922,0.0033618711557972247
2025-11-19,62.29999923706055,4.131961413547188,-0.004324511585734214
2025-11-20,61.68000030517578,4.121959734202801,-0.010001679344386893
2025-11-21,61.34999847412109,4.116595146285218,-0.005364587917583208
2025-11-24,61.43999862670898,4.118061066487675,0.0014659202024569495
2025-11-25,62.43000030517578,4.13404593396194,0.015984867474265307
2025-11-26,62.77000045776367,4.139477259622154,0.0054313256602140925
2025-11-28,62.90999984741211,4.141705131156443,0.0022278715342887168
2025-12-01,62.83000183105469,4.140432695557855,-0.0012724355985875846
2025-12-02,62.77000045776367,4.139477259622154,-0.0009554359357011322
2025-12-03,62.65999984741211,4.1377232830888735,-0.0017539765332807988
2025-12-04,62.27999877929688,4.131640327365555,-0.006082955723318406
2025-12-05,62.130001068115234,4.129228981267221,-0.002411346098334377
2025-12-08,61.880001068115234,4.125197042965939,-0.004031938301281457
2025-12-09,63.86000061035156,4.156693196844286,0.031496153878347144
2025-12-10,64.12000274658203,4.1607563705763795,0.004063173732093084
2025-12-11,63.970001220703125,4.1584142425444774,-0.0023421280319020354
2025-12-12,63.83000183105469,4.156223327954393,-0.0021909145900842475
2025-12-15,63.93999862670898,4.157945122153888,0.0017217941994944752
2025-12-16,63.09999847412109,4.144720745365251,-0.01322437678863686
2025-12-17,63.43000030517578,4.149936940457027,0.005216195091776399
2025-12-18,63.5099983215332,4.151197347386497,0.0012604069294699372
2025-12-19,63.75,4.154969184038536,0.003771836652038729
2025-12-22,63.61000061035156,4.152770700285926,-0.002198483752609448
2025-12-23,64.01000213623047,4.159039354527298,0.006268654241371685
2025-12-24,64.23999786376953,4.162626036384607,0.0035866818573087045
2025-12-26,64.48999786376953,4.166510139897298,0.003884103512691084
2025-12-29,64.3499984741211,4.164336910329953,-0.00217322956734467
2025-12-30,64.31999969482422,4.163870620126063,-0.0004662902038905514
2025-12-31,64.2699966430664,4.163092907151459,-0.0007777129746040501
2026-01-02,64.01000213623047,4.159039354527298,-0.004053552624160517
2026-01-05,64.6500015258789,4.168988128820015,0.009948774292716678
2026-01-06,65.05999755859375,4.1753098835197475,0.006321754699732729
2026-01-07,64.8499984741211,4.172076887233094,-0.0032329962866537443
2026-01-08,64.45999908447266,4.166044862184261,-0.006032025048832601
2026-01-09,64.41000366210938,4.165268957415021,-0.0007759047692399434
2026-01-12,64.91000366210938,4.173001751463637,0.007732794048616043
2026-01-13,64.87999725341797,4.172539367473894,-0.0004623839897428539
2026-01-14,64.98999786376953,4.1742333790361155,0.0016940115622210428
2026-01-15,64.70999908447266,4.169915734921016,-0.004317644115099384
2026-01-16,64.66000366210938,4.169142828933682,-0.0007729059873344823
2026-01-20,64.33999633789062,4.164181464892797,-0.00496136404088432
2026-01-21,64.30000305175781,4.1635596787048135,-0.0006217861879838082
2026-01-22,63.880001068115234,4.157006340067463,-0.006553338637350414
2026-01-23,63.810001373291016,4.15590993940182,-0.0010964006656433156
2026-01-26,62.970001220703125,4.142658441886122,-0.01325149751569743
2026-01-27,63.83000183105469,4.156223327954393,0.013564886068270887
2026-01-28,63.72999954223633,4.154655402143343,-0.0015679258110505856
2026-01-29,63.47999954223633,4.15072488844706,-0.0039305136962823894
2026-01-30,63.16999816894531,4.145829475924465,-0.004895412522595066
2026-02-02,62.66999816894531,4.13788283501918,-0.007946640905284852
2026-02-03,62.310001373291016,4.132121948595787,-0.005760886423392897
2026-02-04,62.2400016784668,4.13099790683779,-0.0011240417579978512
2026-02-05,61.7599983215332,4.123255878539273,-0.007742028298516779
2026-02-06,61.060001373291016,4.111857009797577,-0.011398868741696155
2026-02-09,61.61000061035156,4.120824204933176,0.008967195135599404
2026-02-10,61.59000015258789,4.12049952217643,-0.0003246827567462418
2026-02-11,61.9900016784668,4.12697310879024,0.006473586613810589
2026-02-12,62.290000915527344,4.131800913963876,0.004827805173635902
2026-02-13,62.11000061035156,4.1289070163981565,-0.002893897565719783
2026-02-17,61.52000045776367,4.11936233263828,-0.009544683759876271
2026-02-18,61.54999923706055,4.1198498402350205,0.00048750759674032196
2026-02-19,61.93000030517578,4.126004719877723,0.006154879642702227
2026-02-20,63.02999877929688,4.1436107841580005,0.017606064280277778
2026-02-23,63.560001373291016,4.15198436327473,0.008373579116729424
2026-02-24,63.560001373291016,4.15198436327473,0.0
2026-02-25,64.16999816894531,4.161535783227989,0.009551419953258922
2026-02-26,63.36000061035156,4.148832757139244,-0.012703026088744629
2026-02-27,63.61000061035156,4.152770700285926,0.003937943146682166
2026-03-02,62.59000015258789,4.136605523374506,-0.01616517691142061
2026-03-03,62.040000915527344,4.127779353065387,-0.008826170309118808
2026-03-04,62.15999984741211,4.129711703604632,0.001932350539244787
2026-03-05,63.02999877929688,4.1436107841580005,0.013899080553368748
2026-03-06,63.18999862670898,4.146146039052637,0.0025352548946360187
2026-03-09,63.59000015258789,4.152456227678875,0.006310188626238222
2026-03-10,65.30000305175781,4.178992083016807,0.026535855337932013
2026-03-11,65.16999816894531,4.1769992122477,-0.0019928707691070358
2026-03-12,65.13999938964844,4.1765387904782445,-0.0004604217694552659
2026-03-13,65.8499984741211,4.187379405017249,0.010840614539004534
2026-03-16,68.19000244140625,4.222297962335556,0.034918557318307286
2026-03-17,68.7699966430664,4.230767554517819,0.008469592182263064
2026-03-18,68.69999694824219,4.229749154806791,-0.0010183997110280174
2026-03-19,67.66999816894531,4.214642923185545,-0.015106231621246025
2026-03-20,67.30999755859375,4.209308777751543,-0.005334145434002124
2026-03-23,67.18000030517578,4.207375588726805,-0.0019331890247382688
2026-03-24,67.62000274658203,4.213903837897634,0.00652824917082917
2026-03-25,68.18000030517578,4.222151271185788,0.008247433288153694
2026-03-26,69.41000366210938,4.240031002112035,0.017879730926247284
2026-03-27,69.45999908447266,4.240751034135287,0.000720032023251882
2026-03-30,70.19000244140625,4.2512058855251516,0.010454851389864572
2026-03-31,70.0,4.248495242049359,-0.002710643475792196
2026-04-01,70.76000213623047,4.259293899481388,0.010798657432028236
2026-04-02,70.91999816894531,4.261552455387413,0.002258555906025528
2026-04-06,71.66999816894531,4.272072224457416,0.010519769070002738
2026-04-07,71.30999755859375,4.267036535803691,-0.005035688653724613
2026-04-08,71.66999816894531,4.272072224457416,0.005035688653724613
2026-04-09,73.26000213623047,4.294014786510243,0.02194256205282752
2026-04-10,73.22000122070312,4.293468624363807,-0.0005461621464366573
2026-04-13,74.52999877929688,4.311201712514921,0.01773308815111463
2026-04-14,74.33999633789062,4.308649115607477,-0.002552596907444027
2026-04-15,75.11000061035156,4.318953713824023,0.01030459821654528
2026-04-16,75.69999694824219,4.3267781201295605,0.007824406305537934
2026-04-17,77.4000015258789,4.348986800309879,0.022208680180318296
2026-04-20,77.5999984741211,4.351567407525785,0.002580607215906028
2026-04-21,78.26000213623047,4.360036644078847,0.00846923655306231
2026-04-22,76.33000183105469,4.335066069799042,-0.024970574279804758
2026-04-23,76.80000305175781,4.341204679890056,0.006138610091013241
2026-04-24,77.0,4.343805421853684,0.0026007419636284723
2026-04-27,77.33000183105469,4.348082002299396,0.004276580445711886
2026-04-28,77.33999633789062,4.34821123882837,0.0001292365289735642
2026-04-29,76.86000061035156,4.34198559307778,-0.006225645750589592
2026-04-30,79.86000061035156,4.380275109277845,0.03828951620006471
2026-05-01,81.8499984741211,4.404888285174763,0.024613175896917916
2026-05-04,80.58000183105469,4.3892505024866395,-0.015637782688123103
2026-05-05,82.45999908447266,4.4123133161760695,0.023062813689429973
2026-05-06,81.70999908447266,4.403176382192022,-0.009136933984047246
2026-05-07,83.0,4.418840607796598,0.015664225604576032
2026-05-08,84.7300033569336,4.439469769829557,0.02062916203295906
2026-05-11,87.7699966430664,4.47471971835709,0.03524994852753238
2026-05-12,86.31999969482422,4.4580613174144785,-0.016658400942611173
2026-05-13,86.80999755859375,4.463721794280156,0.0056604768656773885
2026-05-14,83.94000244140625,4.4301022869905795,-0.03361950728957641
2026-05-15,80.61000061035156,4.38962271886717,-0.04047956812340914
2026-05-18,83.69999694824219,4.427238941034762,0.03761622216759175
2026-05-19,82.33000183105469,4.410735583550766,-0.01650335748399634
2026-05-20,81.5999984741211,4.401829243270565,-0.008906340280200986
2026-05-21,77.9800033569336,4.356452426603099,-0.04537681666746618
2026-05-22,77.41999816894531,4.3492451214985755,-0.007207305104523165
2026-05-26,77.37000274658203,4.348599144060678,-0.0006459774378972938
2026-05-27,76.16000366210938,4.332836438567528,-0.01576270549314973
2026-05-28,76.7699966430664,4.340813895112652,0.007977456545123829
2026-05-29,76.1500015258789,4.332705099378976,-0.008108795733676288
2026-06-01,76.63999938964844,4.339119125698728,0.006414026319752075
2026-06-02,77.04000091552734,4.344324779373662,0.005205653674933863
2026-06-03,76.7300033569336,4.340292809939522,-0.004031969434139526
2026-06-04,74.88999938964844,4.316020362111302,-0.024272447828220578
2026-06-05,73.75,4.300680995219929,-0.015339366891372386
2026-06-08,73.38999938964844,4.295787678240422,-0.004893316979507567
2026-06-09,71.26000213623047,4.266335190155664,-0.029452488084757533
2026-06-10,71.0999984741211,4.26408731534817,-0.0022478748074945543
2026-06-11,72.48999786376953,4.283448591843474,0.019361276495303947
2026-06-12,72.94000244140625,4.289637218851966,0.006188627008492098
2026-06-15,73.43000030517578,4.2963325756195285,0.006695356767562721
2026-06-16,75.01000213623047,4.31762146646082,0.021288890841291597
2026-06-17,76.9000015258789,4.342505896353977,0.024884429893156756
2026-06-18,76.05000305175781,4.331391058833609,-0.011114837520367793
2026-06-22,75.20999908447266,4.320284188665364,-0.011106870168244853
2026-06-23,73.95999908447266,4.303524394140242,-0.01675979452512255
2026-06-24,72.08999633789062,4.277915287617355,-0.025609106522886727
2026-06-25,73.4000015258789,4.295923956409011,0.018008668791655857
2026-06-26,71.66000366210938,4.271932762980761,-0.023991193428249957
2026-06-29,72.0,4.276666119016055,0.004733356035294456
2026-06-30,72.22000122070312,4.279717032751875,0.0030509137358194494
2026-07-01,73.27999877929688,4.294287703707808,0.014570670955933451
2026-07-02,72.56999969482422,4.284551609084785,-0.009736094623023384
2026-07-06,73.94999694824219,4.303389147888954,0.01883753880416883
2026-07-07,76.94000244140625,4.3430259290554485,0.03963678116649483
2026-07-08,76.20999908447266,4.333492675664808,-0.009533253390640262
2026-07-09,76.16000366210938,4.332836438567528,-0.0006562370972797993
2026-07-10,79.91999816894531,4.381026111429203,0.04818967286167464
2026-07-13,79.83000183105469,4.379899396594632,-0.001126714834571274
2026-07-14,79.5999984741211,4.377014073681004,-0.0028853229136274194
2026-07-15,80.55999755859375,4.389002218104866,0.011988144423861868
2026-07-16,77.69000244140625,4.352726580387303,-0.036275637717563036
2026-07-17,77.06999969482422,4.34471409583018,-0.008012484557123223
2026-07-20,77.37000274658203,4.348599144060678,0.003885048230498178
2026-07-21,78.95999908447266,4.368941383530402,0.020342239469723467
2026-07-22,79.87000274658203,4.380400347317453,0.011458963787051246
2026-07-23,79.83999633789062,4.380024586135104,-0.0003757611823491658
2026-07-24,78.55000305175781,4.363735403552779,-0.016289182582324813
2026-07-27,79.33999633789062,4.373742368929019,0.010006965376240018
2026-07-28,79.20999908447266,4.372102541917959,-0.0016398270110595803
2026-07-29,78.0199966430664,4.3569651610519315,-0.015137380866027783
2026-07-30,79.41000366210938,4.374624351023595,0.01765918997166338
2026-07-31,80.5,4.388257184424518,0.013632833400922806
2026-08-03,81.3499984741211,4.398760814908084,0.010503630483566617
2026-08-04,81.12999725341797,4.396052772552887,-0.002708042355197726
2026-08-05,81.83999633789062,4.404766076896188,0.008713304343300976
2026-08-06,81.95999908447266,4.4062313122002825,0.001465235304094925
2026-08-07,83.22000122070312,4.421487718223181,0.015256406022898794
2026-08-10,82.72000122070312,4.415461425517169,-0.006026292706012626
2026-08-11,83.08999633789062,4.4199243136028805,0.004462888085711825
2026-08-12,83.20999908447266,4.421367521909726,0.0014432083068456336
2026-08-13,82.36000061035156,4.411099889570365,-0.010267632339361121
2026-08-14,83.5999984741211,4.426043501838516,0.014943612268150552
2026-08-17,84.06999969482422,4.431649781517185,0.005606279678669779
2026-08-18,84.12000274658203,4.432244383485259,0.0005946019680740378
2026-08-19,87.0,4.465908118654584,0.033663735169324305
2026-08-20,87.0199966430664,4.466137938715958,0.00022982006137439726
2026-08-21,87.06999969482422,4.4667123893355765,0.0005744506196183607
2026-08-24,87.4800033569336,4.471410234182293,0.004697844846716315
2026-08-25,87.08000183105469,4.466827257393617,-0.004582976788675808
2026-08-26,87.7699966430664,4.47471971835709,0.007892460963472736
2026-08-27,91.05999755859376,4.5115186030956735,0.03679888473858384
2026-08-28,89.91999816894531,4.498920365782228,-0.012598237313445892
2026-08-31,91.6999969482422,4.518522345982617,0.019601980200389058
2026-09-01,90.01000213623047,4.4999207990022505,-0.0186015469803662
2026-09-02,86.37999725341797,4.45875613573605,-0.041164663266200385
2026-09-03,83.36000061035156,4.423168585326932,-0.035587550409117874
2026-09-04,82.41999816894531,4.411828103694526,-0.01134048163240653
2026-09-08,82.63999938964844,4.414493817425716,0.002665713731190067
2026-09-09,83.7300033569336,4.427597376308703,0.013103558882987087
2026-09-10,84.63999938964844,4.438406960898841,0.010809584590138144
2026-09-11,82.37999725341797,4.411342655667536,-0.02706430523130532
2026-09-14,80.63999938964844,4.389994796754214,-0.02134785891332136
2026-09-15,81.0999984741211,4.395682942306584,0.005688145552369406
2026-09-16,80.44000244140625,4.3875115952551,-0.00817134705148348
2026-09-17,78.41000366210938,4.361951516947451,-0.025560078307648837
2026-09-18,77.37999725341797,4.348728313777639,-0.013223203169812514
2026-09-21,79.8499984741211,4.380149855551705,0.03142154177406642
2026-09-22,79.69000244140625,4.3781441380459505,-0.002005717505754845
2026-09-23,78.91000366210938,4.368308008941628,-0.009836129104322744
2026-09-24,79.51000213623047,4.375882826780836,0.007574817839207881
