Price,Adj Close,Close,High,Low,Open,Volume
Ticker,CT=F,CT=F,CT=F,CT=F,CT=F,CT=F
Date,,,,,,
2011-09-29,100.97000122070312,100.97000122070312,100.97000122070312,100.97000122070312,100.97000122070312,2
2011-09-30,98.70999908447266,98.70999908447266,99.30999755859375,98.69999694824219,98.69999694824219,6
2011-10-03,97.75,97.75,99.29000091552734,99.29000091552734,99.29000091552734,1
2011-10-04,100.91999816894531,100.91999816894531,103.98999786376953,99.69000244140625,99.69000244140625,4
2011-10-05,102.75,102.75,103.0,102.5,103.0,17
2011-10-06,102.25,102.25,102.25,102.25,102.25,17
2011-10-07,101.4800033569336,101.4800033569336,101.4800033569336,101.4800033569336,101.4800033569336,4693
2011-10-10,103.33999633789062,103.33999633789062,103.9000015258789,102.11000061035156,102.12000274658203,6516
2011-10-11,103.47000122070312,103.47000122070312,104.0,102.69000244140625,103.5,6316
2011-10-12,100.51000213623047,100.51000213623047,104.0,99.66999816894531,103.01000213623047,12331
2011-10-13,101.55999755859375,101.55999755859375,102.4800033569336,100.11000061035156,100.4000015258789,7846
2011-10-14,101.94000244140625,101.94000244140625,103.6500015258789,101.08000183105469,101.08000183105469,6766
2011-10-17,100.36000061035156,100.36000061035156,102.4800033569336,99.88999938964844,102.0,12629
2011-10-18,100.18000030517578,100.18000030517578,100.81999969482422,99.61000061035156,100.81999969482422,6656
2011-10-19,99.72000122070312,99.72000122070312,101.41999816894531,99.5999984741211,100.3499984741211,7957
2011-10-20,96.86000061035156,96.86000061035156,100.04000091552734,96.77999877929688,99.5999984741211,15052
2011-10-21,97.0999984741211,97.0999984741211,98.80000305175781,96.47000122070312,96.8499984741211,9746
2011-10-24,97.94000244140625,97.94000244140625,98.38999938964844,96.95999908447266,97.0999984741211,7958
2011-10-25,99.68000030517578,99.68000030517578,100.62999725341797,97.56999969482422,98.19000244140625,17590
2011-10-26,100.31999969482422,100.31999969482422,100.7300033569336,99.4800033569336,99.68000030517578,8169
2011-10-27,104.31999969482422,104.31999969482422,104.31999969482422,99.91000366210938,100.30000305175781,14677
2011-10-28,104.37000274658203,104.37000274658203,105.05000305175781,102.58999633789062,104.33999633789062,15773
2011-10-31,102.29000091552734,102.29000091552734,104.63999938964844,101.13999938964844,104.0,13389
2011-11-01,99.54000091552734,99.54000091552734,102.75,98.7699966430664,102.75,19695
2011-11-02,98.33999633789062,98.33999633789062,100.69999694824219,98.0,99.5,11598
2011-11-03,98.12000274658203,98.12000274658203,99.44000244140625,97.30000305175781,98.61000061035156,11022
2011-11-04,98.73999786376953,98.73999786376953,99.81999969482422,98.05000305175781,98.12000274658203,7235
2011-11-07,96.76000213623047,96.76000213623047,98.95999908447266,96.51000213623047,98.66999816894531,14010
2011-11-08,97.62000274658203,97.62000274658203,97.95999908447266,95.95999908447266,96.9800033569336,16226
2011-11-09,97.18000030517578,97.18000030517578,98.18000030517578,96.62000274658203,97.91000366210938,12632
2011-11-10,99.5,99.5,100.77999877929688,96.80999755859375,97.18000030517578,25569
2011-11-11,99.23999786376953,99.23999786376953,99.98999786376953,98.41999816894531,99.2699966430664,19615
2011-11-14,100.79000091552734,100.79000091552734,100.9000015258789,97.79000091552734,99.87999725341797,14840
2011-11-15,102.66000366210938,102.66000366210938,104.69000244140625,100.11000061035156,100.11000061035156,35212
2011-11-16,103.5,103.5,104.36000061035156,102.06999969482422,102.5,9586
2011-11-17,99.5,99.5,103.95999908447266,99.5,103.05999755859375,5723
2011-11-18,94.80999755859375,94.80999755859375,100.1500015258789,94.7699966430664,99.19000244140625,5294
2011-11-21,90.80999755859375,90.80999755859375,95.77999877929688,90.80999755859375,95.16000366210938,6631
2011-11-22,89.94999694824219,89.94999694824219,90.75,87.5,90.69999694824219,4051
2011-11-23,90.70999908447266,90.70999908447266,91.69999694824219,89.22000122070312,90.25,0
2011-11-25,90.81999969482422,90.81999969482422,91.55000305175781,90.4000015258789,91.55000305175781,44
2011-11-28,91.30000305175781,91.30000305175781,92.0999984741211,91.0999984741211,92.0999984741211,28
2011-11-29,92.69000244140625,92.69000244140625,92.7300033569336,88.38999938964844,91.23999786376953,98
2011-11-30,90.30999755859375,90.30999755859375,93.5,92.4000015258789,93.45999908447266,13
2011-12-01,90.69999694824219,90.69999694824219,92.0,91.5,92.0,28
2011-12-02,91.3499984741211,91.3499984741211,91.73999786376953,90.9000015258789,91.27999877929688,24
2011-12-05,91.51000213623047,91.51000213623047,92.58999633789062,90.93000030517578,92.5,19
2011-12-06,93.30999755859375,93.30999755859375,93.6500015258789,91.93000030517578,91.93000030517578,10
2011-12-07,91.5999984741211,91.5999984741211,91.5999984741211,91.5999984741211,91.5999984741211,6375
2011-12-08,92.05000305175781,92.05000305175781,92.98999786376953,91.66000366210938,92.58999633789062,4321
2011-12-09,90.43000030517578,90.43000030517578,92.75,90.1500015258789,91.94999694824219,8266
2011-12-12,87.16000366210938,87.16000366210938,90.83999633789062,87.05999755859375,90.44999694824219,12339
2011-12-13,87.30999755859375,87.30999755859375,88.22000122070312,86.62999725341797,87.16000366210938,7808
2011-12-14,85.12000274658203,85.12000274658203,87.41999816894531,84.3499984741211,87.30999755859375,10647
2011-12-15,86.29000091552734,86.29000091552734,86.70999908447266,85.0,85.12000274658203,6627
2011-12-16,86.29000091552734,86.29000091552734,88.29000091552734,85.58000183105469,86.80000305175781,5069
2011-12-19,87.08999633789062,87.08999633789062,87.5,85.9000015258789,86.23999786376953,3788
2011-12-20,86.80000305175781,86.80000305175781,88.13999938964844,86.44999694824219,87.0,5302
2011-12-21,86.83999633789062,86.83999633789062,87.37999725341797,86.26000213623047,86.94000244140625,5403
2011-12-22,87.23999786376953,87.23999786376953,87.44000244140625,86.5999984741211,86.5999984741211,3602
2011-12-23,87.23999786376953,87.23999786376953,87.6500015258789,86.86000061035156,87.12000274658203,0
2011-12-27,87.91000366210938,87.91000366210938,88.12000274658203,87.23999786376953,87.25,2306
2011-12-28,90.68000030517578,90.68000030517578,91.91000366210938,87.75,87.87999725341797,18747
2011-12-29,91.62999725341797,91.62999725341797,92.08999633789062,89.52999877929688,90.43000030517578,6924
2011-12-30,91.80000305175781,91.80000305175781,91.8499984741211,90.80000305175781,91.56999969482422,0
2012-01-03,95.80000305175781,95.80000305175781,95.80000305175781,91.8499984741211,92.25,17767
2012-01-04,95.91999816894531,95.91999816894531,96.4800033569336,94.75,95.80000305175781,14682
2012-01-05,94.73999786376953,94.73999786376953,95.91999816894531,94.37999725341797,95.38999938964844,9293
2012-01-06,95.86000061035156,95.86000061035156,95.91999816894531,94.4000015258789,95.0,7880
2012-01-09,96.44000244140625,96.44000244140625,96.9000015258789,93.22000122070312,96.0,17813
2012-01-10,96.95999908447266,96.95999908447266,97.08000183105469,95.69999694824219,96.5,10067
2012-01-11,96.87000274658203,96.87000274658203,97.27999877929688,95.19999694824219,96.95999908447266,10449
2012-01-12,95.69000244140625,95.69000244140625,97.5,94.12999725341797,96.56999969482422,18474
2012-01-13,95.47000122070312,95.47000122070312,95.9800033569336,94.5199966430664,95.55000305175781,0
2012-01-17,98.19000244140625,98.19000244140625,99.47000122070312,95.66999816894531,95.94000244140625,18922
2012-01-18,97.52999877929688,97.52999877929688,98.16000366210938,95.80000305175781,98.16000366210938,12563
2012-01-19,98.16999816894531,98.16999816894531,98.5,96.76000213623047,97.5,10788
2012-01-20,98.5999984741211,98.5999984741211,98.69999694824219,97.41000366210938,98.0,9072
2012-01-23,99.37000274658203,99.37000274658203,99.44000244140625,98.05999755859375,98.38999938964844,9314
2012-01-24,98.18000030517578,98.18000030517578,99.47000122070312,97.12999725341797,99.0,10234
2012-01-25,96.91999816894531,96.91999816894531,98.05000305175781,94.58999633789062,97.98999786376953,15156
2012-01-26,95.58999633789062,95.58999633789062,97.41000366210938,95.29000091552734,96.66000366210938,11201
2012-01-27,95.61000061035156,95.61000061035156,96.48999786376953,95.30000305175781,95.30000305175781,7465
2012-01-30,94.1500015258789,94.1500015258789,96.30000305175781,94.11000061035156,95.62999725341797,13539
2012-01-31,93.25,93.25,95.29000091552734,93.11000061035156,94.62000274658203,17923
2012-02-01,93.38999938964844,93.38999938964844,94.20999908447266,93.19999694824219,93.55999755859375,14151
2012-02-02,94.20999908447266,94.20999908447266,94.87999725341797,92.69000244140625,93.4000015258789,13208
2012-02-03,96.33999633789062,96.33999633789062,97.86000061035156,94.12000274658203,95.0,14224
2012-02-06,96.30999755859375,96.30999755859375,97.26000213623047,95.9000015258789,96.95999908447266,11567
2012-02-07,94.56999969482422,94.56999969482422,96.93000030517578,94.3499984741211,96.30999755859375,15812
2012-02-08,93.62000274658203,93.62000274658203,95.79000091552734,93.5199966430664,94.7699966430664,14168
2012-02-09,90.37999725341797,90.37999725341797,94.44000244140625,90.2300033569336,93.8499984741211,32582
2012-02-10,90.61000061035156,90.61000061035156,91.45999908447266,89.98999786376953,91.12000274658203,21883
2012-02-13,91.5199966430664,91.5199966430664,93.05000305175781,90.62000274658203,90.86000061035156,13911
2012-02-14,92.25,92.25,92.33999633789062,91.0,91.44999694824219,11858
2012-02-15,92.5,92.5,94.37000274658203,92.1500015258789,92.25,17971
2012-02-16,92.44999694824219,92.44999694824219,92.80000305175781,91.80000305175781,92.4000015258789,10562
2012-02-17,91.44999694824219,91.44999694824219,93.2699966430664,91.30999755859375,92.44999694824219,10690
2012-02-21,91.25,91.25,92.23999786376953,91.12000274658203,91.86000061035156,7736
2012-02-22,88.56999969482422,88.56999969482422,91.6500015258789,88.5,91.19999694824219,6876
2012-02-23,87.4800033569336,87.4800033569336,88.8499984741211,87.45999908447266,88.8499984741211,207
2012-02-24,89.8499984741211,89.8499984741211,90.11000061035156,88.22000122070312,88.4800033569336,146
2012-02-27,90.4000015258789,90.4000015258789,90.37999725341797,89.5999984741211,90.37000274658203,51
2012-02-28,91.66000366210938,91.66000366210938,92.12000274658203,90.97000122070312,90.97000122070312,11
2012-02-29,89.86000061035156,89.86000061035156,91.69999694824219,90.0999984741211,91.0,13
2012-03-01,88.45999908447266,88.45999908447266,90.0999984741211,87.37999725341797,90.0999984741211,14
2012-03-02,87.45999908447266,87.45999908447266,88.29000091552734,87.5999984741211,88.29000091552734,50
2012-03-05,92.70999908447266,92.70999908447266,96.20999908447266,90.0,96.20999908447266,10
2012-03-06,92.37000274658203,92.37000274658203,94.27999877929688,91.75,93.19999694824219,26
2012-03-07,91.37999725341797,91.37999725341797,92.16000366210938,91.37999725341797,92.05999755859375,66
2012-03-08,89.4800033569336,89.4800033569336,89.4800033569336,89.4800033569336,89.4800033569336,9095
2012-03-09,88.80000305175781,88.80000305175781,90.45999908447266,88.25,89.69999694824219,11966
2012-03-12,88.0,88.0,89.16000366210938,87.01000213623047,88.18000030517578,12929
2012-03-13,88.04000091552734,88.04000091552734,88.93000030517578,87.94000244140625,88.0,10676
2012-03-14,87.13999938964844,87.13999938964844,88.58999633789062,87.05000305175781,88.1500015258789,9570
2012-03-15,87.33999633789062,87.33999633789062,88.26000213623047,87.06999969482422,87.20999908447266,11189
2012-03-16,87.4800033569336,87.4800033569336,88.16999816894531,87.0,87.19999694824219,7715
2012-03-19,89.08000183105469,89.08000183105469,89.58000183105469,87.62000274658203,87.7300033569336,12708
2012-03-20,87.9000015258789,87.9000015258789,89.0999984741211,87.43000030517578,88.95999908447266,11116
2012-03-21,88.30999755859375,88.30999755859375,89.48999786376953,87.86000061035156,87.86000061035156,8954
2012-03-22,89.58000183105469,89.58000183105469,89.73999786376953,88.05000305175781,88.5,11366
2012-03-23,89.62999725341797,89.62999725341797,90.5,89.31999969482422,89.58000183105469,9235
2012-03-26,90.91000366210938,90.91000366210938,91.01000213623047,89.36000061035156,89.6500015258789,12810
2012-03-27,92.58999633789062,92.58999633789062,93.18000030517578,90.41000366210938,91.0,20582
2012-03-28,94.02999877929688,94.02999877929688,94.08000183105469,91.9000015258789,92.37999725341797,17031
2012-03-29,93.54000091552734,93.54000091552734,94.38999938964844,93.06999969482422,94.0,18052
2012-03-30,93.5199966430664,93.5199966430664,94.0,92.27999877929688,93.54000091552734,13361
2012-04-02,93.12000274658203,93.12000274658203,93.69999694824219,92.05000305175781,93.5199966430664,13827
2012-04-03,92.63999938964844,92.63999938964844,93.80000305175781,92.41000366210938,93.19000244140625,12710
2012-04-04,89.31999969482422,89.31999969482422,92.63999938964844,88.91999816894531,92.54000091552734,20871
2012-04-05,88.54000091552734,88.54000091552734,90.44000244140625,88.19999694824219,89.43000030517578,0
2012-04-09,89.4800033569336,89.4800033569336,90.23999786376953,88.5,88.54000091552734,15450
2012-04-10,89.7300033569336,89.7300033569336,90.9000015258789,89.33999633789062,89.52999877929688,26208
2012-04-11,91.37999725341797,91.37999725341797,92.62000274658203,89.69999694824219,89.7300033569336,21746
2012-04-12,93.0,93.0,93.30000305175781,91.0999984741211,91.41000366210938,19633
2012-04-13,92.08000183105469,92.08000183105469,93.75,91.01000213623047,93.01000213623047,29440
2012-04-16,88.08000183105469,88.08000183105469,92.12999725341797,88.08000183105469,92.0,19245
2012-04-17,89.43000030517578,89.43000030517578,90.12999725341797,87.41999816894531,88.04000091552734,10312
2012-04-18,91.93000030517578,91.93000030517578,93.43000030517578,89.5,89.72000122070312,13200
2012-04-19,91.52999877929688,91.52999877929688,93.11000061035156,90.55999755859375,92.29000091552734,3287
2012-04-20,90.04000091552734,90.04000091552734,91.68000030517578,89.69999694824219,91.2699966430664,3748
2012-04-23,90.4000015258789,90.4000015258789,91.1500015258789,89.30000305175781,90.05999755859375,2038
2012-04-24,89.36000061035156,89.36000061035156,91.4000015258789,88.5,89.91000366210938,46
2012-04-25,88.88999938964844,88.88999938964844,90.0,89.0,90.0,32
2012-04-26,90.30999755859375,90.30999755859375,90.3499984741211,88.95999908447266,89.0999984741211,50
2012-04-27,89.2300033569336,89.2300033569336,90.37000274658203,88.7699966430664,90.37000274658203,51
2012-04-30,87.25,87.25,87.37000274658203,85.11000061035156,87.37000274658203,20
2012-05-01,87.51000213623047,87.51000213623047,87.70999908447266,86.94999694824219,86.94999694824219,6
2012-05-02,87.45999908447266,87.45999908447266,87.45999908447266,87.45999908447266,87.45999908447266,6
2012-05-03,87.23999786376953,87.23999786376953,88.04000091552734,87.4000015258789,88.04000091552734,7
2012-05-04,86.06999969482422,86.06999969482422,87.83000183105469,86.70999908447266,87.2300033569336,15
2012-05-07,84.83999633789062,84.83999633789062,84.83999633789062,84.83999633789062,84.83999633789062,1
2012-05-08,84.51000213623047,84.51000213623047,85.33999633789062,85.33999633789062,85.33999633789062,14384
2012-05-09,85.81999969482422,85.81999969482422,87.33999633789062,85.30999755859375,87.33999633789062,14499
2012-05-10,81.81999969482422,81.81999969482422,86.30000305175781,81.81999969482422,85.8499984741211,28100
2012-05-11,78.97000122070312,78.97000122070312,81.76000213623047,77.16000366210938,81.5,26753
2012-05-14,78.81999969482422,78.81999969482422,79.9000015258789,77.8499984741211,78.7699966430664,15066
2012-05-15,79.16000366210938,79.16000366210938,80.6500015258789,78.5,78.72000122070312,14218
2012-05-16,76.97000122070312,76.97000122070312,79.33999633789062,76.8499984741211,79.19999694824219,16869
2012-05-17,76.6500015258789,76.6500015258789,78.2300033569336,76.26000213623047,77.0999984741211,11245
2012-05-18,77.98999786376953,77.98999786376953,78.12000274658203,76.47000122070312,76.75,9748
2012-05-21,77.5199966430664,77.5199966430664,79.05000305175781,76.48999786376953,77.98999786376953,12566
2012-05-22,74.5199966430664,74.5199966430664,78.01000213623047,74.5199966430664,77.8499984741211,14060
2012-05-23,71.51000213623047,71.51000213623047,74.26000213623047,70.52999877929688,74.1500015258789,19548
2012-05-24,73.94000244140625,73.94000244140625,74.5,71.87000274658203,72.0,16277
2012-05-25,73.62000274658203,73.62000274658203,74.76000213623047,72.6500015258789,74.30000305175781,0
2012-05-29,72.80000305175781,72.80000305175781,75.33000183105469,72.44999694824219,73.6500015258789,13381
2012-05-30,70.91000366210938,70.91000366210938,73.1500015258789,70.37999725341797,72.43000030517578,22236
2012-05-31,71.55000305175781,71.55000305175781,71.75,70.62000274658203,71.3499984741211,17611
2012-06-01,68.58999633789062,68.58999633789062,71.8499984741211,68.55000305175781,71.7300033569336,19847
2012-06-04,68.52999877929688,68.52999877929688,69.05999755859375,66.0999984741211,68.58999633789062,15999
2012-06-05,66.88999938964844,66.88999938964844,69.8499984741211,66.79000091552734,68.45999908447266,14678
2012-06-06,69.88999938964844,69.88999938964844,69.88999938964844,67.0999984741211,67.0999984741211,12304
2012-06-07,73.88999938964844,73.88999938964844,73.88999938964844,70.43000030517578,70.66000366210938,21433
2012-06-08,72.9000015258789,72.9000015258789,74.87999725341797,70.79000091552734,74.80000305175781,33782
2012-06-11,75.08999633789062,75.08999633789062,75.73999786376953,73.2699966430664,74.25,24880
2012-06-12,75.56999969482422,75.56999969482422,76.41999816894531,74.08999633789062,75.0,22701
2012-06-13,75.08999633789062,75.08999633789062,76.3499984741211,74.25,75.6500015258789,17800
2012-06-14,78.08999633789062,78.08999633789062,78.08999633789062,74.66000366210938,75.1500015258789,21462
2012-06-15,79.9800033569336,79.9800033569336,81.37000274658203,79.37000274658203,79.98999786376953,23806
2012-06-18,82.9800033569336,82.9800033569336,82.9800033569336,79.9800033569336,80.05000305175781,12498
2012-06-19,87.9800033569336,87.9800033569336,87.9800033569336,83.5,83.5,18191
2012-06-20,83.16999816894531,83.16999816894531,89.4800033569336,82.9800033569336,89.37999725341797,16640
2012-06-21,78.16999816894531,78.16999816894531,82.5,78.16999816894531,82.5,5096
2012-06-22,74.16999816894531,74.16999816894531,74.16999816894531,74.16999816894531,74.16999816894531,4570
2012-06-25,70.45999908447266,70.45999908447266,72.5,68.2300033569336,70.70999908447266,193
2012-06-26,68.30999755859375,68.30999755859375,70.62999725341797,68.30999755859375,70.3499984741211,31
2012-06-27,68.01000213623047,68.01000213623047,69.94999694824219,69.44999694824219,69.44999694824219,33
2012-06-28,70.30000305175781,70.30000305175781,69.5999984741211,67.69999694824219,68.5,40
2012-06-29,72.16000366210938,72.16000366210938,71.52999877929688,70.9800033569336,70.9800033569336,11
2012-07-02,72.1500015258789,72.1500015258789,72.1500015258789,72.1500015258789,72.1500015258789,11
2012-07-03,72.75,72.75,72.75,72.75,72.75,11
2012-07-05,70.91999816894531,70.91999816894531,70.91999816894531,70.91999816894531,70.91999816894531,11
2012-07-06,70.77999877929688,70.77999877929688,71.86000061035156,71.86000061035156,71.86000061035156,17
2012-07-09,70.83999633789062,70.83999633789062,70.83999633789062,70.83999633789062,70.83999633789062,68
2012-07-10,70.06999969482422,70.06999969482422,71.20999908447266,70.19999694824219,70.72000122070312,59
2012-07-11,70.63999938964844,70.63999938964844,71.41999816894531,69.45999908447266,70.45999908447266,265
2012-07-12,69.36000061035156,69.36000061035156,70.93000030517578,69.0999984741211,70.8499984741211,116
2012-07-13,71.76000213623047,71.76000213623047,71.88999938964844,69.80000305175781,69.80000305175781,146
2012-07-16,72.30000305175781,72.30000305175781,72.2699966430664,71.41999816894531,71.7300033569336,59
2012-07-17,70.11000061035156,70.11000061035156,71.81999969482422,70.01000213623047,71.77999877929688,82
2012-07-18,71.0999984741211,71.0999984741211,71.9000015258789,69.72000122070312,70.0,99
2012-07-19,71.79000091552734,71.79000091552734,72.19999694824219,71.05999755859375,71.16999816894531,114
2012-07-20,72.05999755859375,72.05999755859375,72.1500015258789,71.54000091552734,71.79000091552734,51
2012-07-23,71.3499984741211,71.3499984741211,71.8499984741211,70.62000274658203,71.73999786376953,50
2012-07-24,70.29000091552734,70.29000091552734,71.52999877929688,69.88999938964844,71.0,49
2012-07-25,69.0999984741211,69.0999984741211,70.81999969482422,68.94999694824219,70.81999969482422,69
2012-07-26,70.68000030517578,70.68000030517578,71.20999908447266,69.2300033569336,69.5999984741211,76
2012-07-27,70.7300033569336,70.7300033569336,71.98999786376953,70.3499984741211,70.37999725341797,94
2012-07-30,70.62000274658203,70.62000274658203,71.19999694824219,70.19000244140625,70.77999877929688,80
2012-07-31,70.58000183105469,70.58000183105469,71.4000015258789,70.22000122070312,71.22000122070312,54
2012-08-01,70.05999755859375,70.05999755859375,71.06999969482422,70.1500015258789,70.61000061035156,32
2012-08-02,70.44000244140625,70.44000244140625,70.47000122070312,69.86000061035156,70.11000061035156,26
2012-08-03,73.22000122070312,73.22000122070312,73.44000244140625,70.2699966430664,70.41000366210938,73
2012-08-06,75.12000274658203,75.12000274658203,74.9800033569336,73.01000213623047,73.02999877929688,65
2012-08-07,74.95999908447266,74.95999908447266,75.56999969482422,74.38999938964844,74.41000366210938,70
2012-08-08,75.5,75.5,75.80000305175781,73.86000061035156,74.87999725341797,54
2012-08-09,75.58999633789062,75.58999633789062,76.19999694824219,75.12000274658203,75.12000274658203,55
2012-08-10,72.9000015258789,72.9000015258789,75.5199966430664,72.68000030517578,75.5199966430664,128
2012-08-13,71.30000305175781,71.30000305175781,73.0999984741211,71.16999816894531,73.0999984741211,61
2012-08-14,71.58999633789062,71.58999633789062,72.30000305175781,71.37999725341797,72.19000244140625,26
2012-08-15,72.70999908447266,72.70999908447266,72.95999908447266,71.66999816894531,72.62000274658203,74
2012-08-16,72.37000274658203,72.37000274658203,72.86000061035156,72.19000244140625,72.69999694824219,35
2012-08-17,72.66000366210938,72.66000366210938,73.5,72.36000061035156,72.36000061035156,41
2012-08-20,74.16999816894531,74.16999816894531,74.69999694824219,72.76000213623047,72.77999877929688,39
2012-08-21,76.44999694824219,76.44999694824219,76.44999694824219,74.0,74.0,45
2012-08-22,76.06999969482422,76.06999969482422,76.0,74.4000015258789,75.91999816894531,64
2012-08-23,75.9000015258789,75.9000015258789,75.93000030517578,74.98999786376953,75.0,16
2012-08-24,74.44999694824219,74.44999694824219,75.97000122070312,74.05000305175781,75.31999969482422,63
2012-08-27,75.33000183105469,75.33000183105469,75.4800033569336,74.87000274658203,75.19999694824219,13
2012-08-28,74.79000091552734,74.79000091552734,74.88999938964844,74.5,74.7699966430664,17
2012-08-29,75.83000183105469,75.83000183105469,75.87000274658203,74.79000091552734,74.79000091552734,21
2012-08-30,76.1500015258789,76.1500015258789,76.4800033569336,75.29000091552734,75.61000061035156,25
2012-08-31,76.4800033569336,76.4800033569336,76.41999816894531,76.0199966430664,76.0999984741211,0
2012-09-04,75.02999877929688,75.02999877929688,76.55999755859375,74.69999694824219,76.55000305175781,39
2012-09-05,74.88999938964844,74.88999938964844,75.52999877929688,74.2699966430664,75.38999938964844,43
2012-09-06,75.58999633789062,75.58999633789062,75.5999984741211,74.94999694824219,75.41999816894531,44
2012-09-07,75.72000122070312,75.72000122070312,76.5,75.37000274658203,75.5999984741211,48
2012-09-10,74.9800033569336,74.9800033569336,75.93000030517578,74.98999786376953,75.73999786376953,15
2012-09-11,74.27999877929688,74.27999877929688,75.4000015258789,74.44999694824219,75.4000015258789,49
2012-09-12,72.83000183105469,72.83000183105469,75.0,72.41999816894531,74.66999816894531,49
2012-09-13,72.94999694824219,72.94999694824219,73.33999633789062,72.2699966430664,72.5999984741211,8
2012-09-14,75.38999938964844,75.38999938964844,75.47000122070312,73.6500015258789,73.6500015258789,51
2012-09-17,74.52999877929688,74.52999877929688,75.94000244140625,74.38999938964844,74.69999694824219,65
2012-09-18,74.9800033569336,74.9800033569336,75.37999725341797,74.94000244140625,75.33000183105469,34
2012-09-19,74.87999725341797,74.87999725341797,75.5,74.19999694824219,74.76000213623047,120
2012-09-20,73.73999786376953,73.73999786376953,74.44000244140625,73.70999908447266,74.44000244140625,20
2012-09-21,72.0,72.0,74.41999816894531,71.76000213623047,73.7699966430664,48
2012-09-24,71.01000213623047,71.01000213623047,72.25,71.25,72.0,8
2012-09-25,70.80999755859375,70.80999755859375,71.4000015258789,71.4000015258789,71.4000015258789,4
2012-09-26,69.5199966430664,69.5199966430664,69.5199966430664,69.5199966430664,69.5199966430664,8
2012-09-27,70.02999877929688,70.02999877929688,69.5,69.5,69.5,1
2012-09-28,69.1500015258789,69.1500015258789,70.62999725341797,70.62999725341797,70.62999725341797,2
2012-10-01,69.70999908447266,69.70999908447266,69.70999908447266,69.70999908447266,69.70999908447266,7
2012-10-02,70.30000305175781,70.30000305175781,70.30000305175781,70.30000305175781,70.30000305175781,7
2012-10-03,70.54000091552734,70.54000091552734,70.54000091552734,70.54000091552734,70.54000091552734,7
2012-10-04,70.4000015258789,70.4000015258789,70.4000015258789,70.4000015258789,70.4000015258789,7
2012-10-05,69.80000305175781,69.80000305175781,69.80000305175781,69.80000305175781,69.80000305175781,7
2012-10-08,70.43000030517578,70.43000030517578,70.5,70.0999984741211,70.0999984741211,4
2012-10-09,70.48999786376953,70.48999786376953,71.13999938964844,71.13999938964844,71.13999938964844,12049
2012-10-10,72.0999984741211,72.0999984741211,72.30999755859375,71.66000366210938,71.80999755859375,9836
2012-10-11,70.70999908447266,70.70999908447266,72.0,70.41000366210938,72.0,19584
2012-10-12,71.36000061035156,71.36000061035156,71.41999816894531,70.70999908447266,71.08000183105469,12284
2012-10-15,72.33999633789062,72.33999633789062,72.4000015258789,71.08999633789062,71.43000030517578,12283
2012-10-16,74.86000061035156,74.86000061035156,75.16999816894531,72.0,72.33999633789062,40295
2012-10-17,77.86000061035156,77.86000061035156,77.86000061035156,74.30000305175781,74.5999984741211,39246
2012-10-18,77.72000122070312,77.72000122070312,79.19000244140625,74.86000061035156,78.0999984741211,50431
2012-10-19,76.87999725341797,76.87999725341797,77.91999816894531,76.5199966430664,77.72000122070312,15349
2012-10-22,76.93000030517578,76.93000030517578,77.62999725341797,76.44999694824219,76.80000305175781,13643
2012-10-23,74.2699966430664,74.2699966430664,77.0,73.93000030517578,77.0,20023
2012-10-24,72.66999816894531,72.66999816894531,74.33999633789062,72.05999755859375,74.30000305175781,20259
2012-10-25,72.7300033569336,72.7300033569336,73.5,72.18000030517578,72.37999725341797,11448
2012-10-26,72.41999816894531,72.41999816894531,73.19000244140625,72.20999908447266,72.94999694824219,8734
2012-10-31,70.06999969482422,70.06999969482422,71.86000061035156,69.83000183105469,70.91999816894531,26554
2012-11-01,70.20999908447266,70.20999908447266,70.75,69.80000305175781,70.33999633789062,20359
2012-11-02,70.3499984741211,70.3499984741211,70.54000091552734,69.66000366210938,70.27999877929688,13790
2012-11-05,70.4000015258789,70.4000015258789,70.52999877929688,69.94999694824219,70.19999694824219,13328
2012-11-06,70.0999984741211,70.0999984741211,71.0999984741211,70.01000213623047,70.4000015258789,16275
2012-11-07,69.83000183105469,69.83000183105469,70.54000091552734,69.80000305175781,70.08000183105469,19384
2012-11-08,69.26000213623047,69.26000213623047,70.25,69.02999877929688,70.0,31178
2012-11-09,69.58000183105469,69.58000183105469,70.0199966430664,69.11000061035156,69.47000122070312,31079
2012-11-12,70.87999725341797,70.87999725341797,71.69000244140625,69.5999984741211,69.79000091552734,30647
2012-11-13,70.80999755859375,70.80999755859375,71.27999877929688,70.41000366210938,70.62999725341797,19644
2012-11-14,71.62999725341797,71.62999725341797,71.8499984741211,70.56999969482422,70.69999694824219,10968
2012-11-15,73.95999908447266,73.95999908447266,74.62999725341797,71.51000213623047,71.51000213623047,18139
2012-11-16,72.7300033569336,72.7300033569336,74.47000122070312,72.18000030517578,73.76000213623047,11861
2012-11-19,72.05000305175781,72.05000305175781,73.26000213623047,71.95999908447266,72.58000183105469,6154
2012-11-20,72.5,72.5,72.83999633789062,71.70999908447266,71.98999786376953,10315
2012-11-21,72.37999725341797,72.37999725341797,72.8499984741211,72.0999984741211,72.5,0
2012-11-23,69.83000183105469,69.83000183105469,72.37000274658203,69.5,72.25,4530
2012-11-26,71.26000213623047,71.26000213623047,71.76000213623047,70.12999725341797,70.44999694824219,197
2012-11-27,71.04000091552734,71.04000091552734,71.4800033569336,71.26000213623047,71.4800033569336,51
2012-11-28,71.2300033569336,71.2300033569336,71.30000305175781,70.70999908447266,70.70999908447266,39
2012-11-29,71.75,71.75,72.44999694824219,71.7300033569336,71.7300033569336,19
2012-11-30,72.6500015258789,72.6500015258789,72.4800033569336,72.08000183105469,72.08000183105469,22
2012-12-03,72.93000030517578,72.93000030517578,73.30000305175781,72.9000015258789,73.08999633789062,73
2012-12-04,71.91000366210938,71.91000366210938,72.01000213623047,71.63999938964844,71.94000244140625,10
2012-12-05,72.04000091552734,72.04000091552734,71.88999938964844,71.72000122070312,71.86000061035156,12
2012-12-06,72.23999786376953,72.23999786376953,72.29000091552734,72.25,72.25,10148
2012-12-07,73.79000091552734,73.79000091552734,73.91999816894531,73.0999984741211,73.54000091552734,8280
2012-12-10,73.4000015258789,73.4000015258789,74.33000183105469,73.2699966430664,73.8499984741211,10280
2012-12-11,74.9000015258789,74.9000015258789,74.98999786376953,73.37000274658203,73.41000366210938,19135
2012-12-12,75.12000274658203,75.12000274658203,75.52999877929688,74.52999877929688,74.73999786376953,16623
2012-12-13,74.55999755859375,74.55999755859375,75.19999694824219,74.37000274658203,75.0,12094
2012-12-14,75.08999633789062,75.08999633789062,75.16000366210938,74.4000015258789,74.5,10225
2012-12-17,75.8499984741211,75.8499984741211,76.25,75.01000213623047,75.01000213623047,15959
2012-12-18,75.94999694824219,75.94999694824219,76.29000091552734,75.25,75.7699966430664,10980
2012-12-19,75.88999938964844,75.88999938964844,76.05000305175781,75.41000366210938,75.94999694824219,7102
2012-12-20,75.83000183105469,75.83000183105469,75.87999725341797,75.05000305175781,75.76000213623047,10809
2012-12-21,76.18000030517578,76.18000030517578,76.27999877929688,75.29000091552734,75.5999984741211,8369
2012-12-24,76.4000015258789,76.4000015258789,76.5,75.98999786376953,76.18000030517578,0
2012-12-26,77.05999755859375,77.05999755859375,77.06999969482422,76.4000015258789,76.51000213623047,8091
2012-12-27,76.01000213623047,76.01000213623047,77.0999984741211,75.41999816894531,77.05999755859375,12362
2012-12-28,74.66000366210938,74.66000366210938,76.01000213623047,74.62000274658203,75.87999725341797,14499
2012-12-31,75.13999938964844,75.13999938964844,75.80999755859375,74.6500015258789,74.70999908447266,9050
2013-01-02,75.36000061035156,75.36000061035156,76.94999694824219,74.91000366210938,75.75,19174
2013-01-03,75.38999938964844,75.38999938964844,76.33999633789062,75.04000091552734,75.36000061035156,14431
2013-01-04,75.05000305175781,75.05000305175781,75.81999969482422,73.72000122070312,75.6500015258789,23658
2013-01-07,75.70999908447266,75.70999908447266,75.87000274658203,74.63999938964844,75.1500015258789,12385
2013-01-08,75.12000274658203,75.12000274658203,75.86000061035156,74.94000244140625,75.69999694824219,15354
2013-01-09,74.79000091552734,74.79000091552734,75.5,74.5999984741211,75.19999694824219,14329
2013-01-10,75.19999694824219,75.19999694824219,75.33000183105469,74.55000305175781,74.88999938964844,10664
2013-01-11,75.62000274658203,75.62000274658203,76.44000244140625,74.4000015258789,75.02999877929688,22215
2013-01-14,75.5199966430664,75.5199966430664,76.02999877929688,75.12000274658203,75.62000274658203,11905
2013-01-15,76.20999908447266,76.20999908447266,76.30000305175781,75.55000305175781,75.55000305175781,12828
2013-01-16,77.33000183105469,77.33000183105469,77.77999877929688,76.0999984741211,76.12000274658203,28335
2013-01-17,77.77999877929688,77.77999877929688,78.18000030517578,76.87999725341797,77.2699966430664,19075
2013-01-18,78.55000305175781,78.55000305175781,78.87999725341797,77.55000305175781,77.75,0
2013-01-22,79.93000030517578,79.93000030517578,80.19999694824219,78.22000122070312,78.4000015258789,30800
2013-01-23,80.4800033569336,80.4800033569336,80.51000213623047,78.94000244140625,79.9000015258789,23867
2013-01-24,82.88999938964844,82.88999938964844,84.0,80.0,80.0999984741211,42327
2013-01-25,80.5199966430664,80.5199966430664,82.75,80.4000015258789,82.33000183105469,25487
2013-01-28,81.05000305175781,81.05000305175781,81.37999725341797,80.18000030517578,80.72000122070312,14720
2013-01-29,82.38999938964844,82.38999938964844,83.87999725341797,81.44999694824219,81.44999694824219,24204
2013-01-30,82.95999908447266,82.95999908447266,83.08999633789062,82.05000305175781,82.30999755859375,16089
2013-01-31,82.94999694824219,82.94999694824219,83.33999633789062,82.08000183105469,82.95999908447266,19133
2013-02-01,82.9800033569336,82.9800033569336,83.44999694824219,82.30000305175781,83.0999984741211,23379
2013-02-04,81.73999786376953,81.73999786376953,82.9000015258789,81.30000305175781,82.9000015258789,24415
2013-02-05,81.51000213623047,81.51000213623047,81.87999725341797,80.79000091552734,81.6500015258789,18561
2013-02-06,81.72000122070312,81.72000122070312,81.95999908447266,80.98999786376953,81.70999908447266,15068
2013-02-07,81.4000015258789,81.4000015258789,82.12999725341797,80.5999984741211,81.51000213623047,30758
2013-02-08,82.66999816894531,82.66999816894531,83.02999877929688,81.01000213623047,81.2699966430664,29576
2013-02-11,82.91999816894531,82.91999816894531,83.31999969482422,82.2300033569336,82.55000305175781,25399
2013-02-12,81.80999755859375,81.80999755859375,82.9000015258789,81.5199966430664,82.9000015258789,26148
2013-02-13,80.81999969482422,80.81999969482422,81.69999694824219,80.05000305175781,81.69999694824219,27508
2013-02-14,81.0199966430664,81.0199966430664,81.63999938964844,80.63999938964844,80.75,16839
2013-02-15,81.31999969482422,81.31999969482422,82.12000274658203,80.55000305175781,81.06999969482422,0
2013-02-19,82.18000030517578,82.18000030517578,82.94999694824219,81.22000122070312,81.5,11284
2013-02-20,82.27999877929688,82.27999877929688,83.25,81.87999725341797,82.0999984741211,8862
2013-02-21,81.30999755859375,81.30999755859375,82.5999984741211,81.19999694824219,82.0999984741211,5510
2013-02-22,81.38999938964844,81.38999938964844,82.23999786376953,81.12000274658203,81.30000305175781,147
2013-02-25,80.22000122070312,80.22000122070312,81.69000244140625,80.33999633789062,81.23999786376953,320
2013-02-26,80.33000183105469,80.33000183105469,81.0999984741211,80.05999755859375,80.7699966430664,135
2013-02-27,82.7300033569336,82.7300033569336,83.25,81.5999984741211,81.61000061035156,20
2013-02-28,83.55999755859375,83.55999755859375,84.36000061035156,81.9000015258789,82.55000305175781,34
2013-03-01,83.68000030517578,83.68000030517578,84.05000305175781,83.4000015258789,83.9800033569336,9
2013-03-04,84.91000366210938,84.91000366210938,84.88999938964844,84.30000305175781,84.30000305175781,24
2013-03-05,85.97000122070312,85.97000122070312,86.13999938964844,85.68000030517578,86.13999938964844,66
2013-03-06,86.2300033569336,86.2300033569336,86.08999633789062,86.08999633789062,86.08999633789062,12436
2013-03-07,86.5,86.5,87.25,86.20999908447266,87.23999786376953,10935
2013-03-08,86.87999725341797,86.87999725341797,88.77999877929688,86.0999984741211,86.16999816894531,20996
2013-03-11,86.72000122070312,86.72000122070312,87.41000366210938,85.58999633789062,86.91999816894531,12421
2013-03-12,87.33000183105469,87.33000183105469,87.73999786376953,86.2300033569336,86.5999984741211,9488
2013-03-13,88.61000061035156,88.61000061035156,89.1500015258789,87.19999694824219,87.19999694824219,17083
2013-03-14,90.86000061035156,90.86000061035156,91.16999816894531,88.30999755859375,88.45999908447266,19526
2013-03-15,92.5,92.5,93.93000030517578,90.5,90.86000061035156,21647
2013-03-18,90.83000183105469,90.83000183105469,92.5,89.80000305175781,92.41000366210938,14836
2013-03-19,91.12999725341797,91.12999725341797,91.66999816894531,90.44999694824219,90.83000183105469,9216
2013-03-20,89.0999984741211,89.0999984741211,91.77999877929688,88.16999816894531,91.13999938964844,18741
2013-03-21,88.19999694824219,88.19999694824219,89.0999984741211,87.95999908447266,89.0999984741211,13114
2013-03-22,87.29000091552734,87.29000091552734,88.83000183105469,87.11000061035156,88.23999786376953,12955
2013-03-25,86.58999633789062,86.58999633789062,87.38999938964844,86.12000274658203,87.30000305175781,13865
2013-03-26,88.04000091552734,88.04000091552734,88.87999725341797,86.51000213623047,86.62999725341797,14266
2013-03-27,88.52999877929688,88.52999877929688,88.66000366210938,87.12999725341797,87.80000305175781,11378
2013-03-28,88.45999908447266,88.45999908447266,90.2699966430664,87.93000030517578,88.44000244140625,0
2013-04-01,87.38999938964844,87.38999938964844,89.27999877929688,87.26000213623047,88.70999908447266,18429
2013-04-02,88.87000274658203,88.87000274658203,89.69000244140625,87.20999908447266,87.38999938964844,23999
2013-04-03,89.22000122070312,89.22000122070312,89.69999694824219,88.72000122070312,88.87000274658203,16153
2013-04-04,88.33000183105469,88.33000183105469,89.36000061035156,87.80999755859375,89.27999877929688,23059
2013-04-05,86.79000091552734,86.79000091552734,88.33000183105469,86.55999755859375,88.30000305175781,25767
2013-04-08,85.37999725341797,85.37999725341797,87.38999938964844,85.22000122070312,86.79000091552734,30096
2013-04-09,84.63999938964844,84.63999938964844,85.86000061035156,84.37999725341797,85.37999725341797,28880
2013-04-10,85.37000274658203,85.37000274658203,86.52999877929688,84.63999938964844,84.63999938964844,26996
2013-04-11,84.66000366210938,84.66000366210938,86.2699966430664,84.58999633789062,85.38999938964844,21884
2013-04-12,85.58000183105469,85.58000183105469,86.02999877929688,83.45999908447266,84.5999984741211,33137
2013-04-15,84.33000183105469,84.33000183105469,86.19999694824219,84.19000244140625,85.80999755859375,14263
2013-04-16,83.3499984741211,83.3499984741211,85.0,83.31999969482422,84.19000244140625,13823
2013-04-17,84.6500015258789,84.6500015258789,85.45999908447266,82.97000122070312,83.4000015258789,9405
2013-04-18,83.4800033569336,83.4800033569336,84.86000061035156,83.30999755859375,84.51000213623047,6788
2013-04-19,83.4800033569336,83.4800033569336,84.08999633789062,83.12000274658203,83.5,3302
2013-04-22,84.33000183105469,84.33000183105469,84.4000015258789,83.3499984741211,83.69999694824219,2611
2013-04-23,82.68000030517578,82.68000030517578,84.36000061035156,82.54000091552734,84.33000183105469,4732
2013-04-24,81.0999984741211,81.0999984741211,83.06999969482422,80.81999969482422,82.75,435
2013-04-25,81.33000183105469,81.33000183105469,81.76000213623047,81.20999908447266,81.20999908447266,55
2013-04-26,82.25,82.25,82.41999816894531,81.11000061035156,82.16999816894531,67
2013-04-29,83.5999984741211,83.5999984741211,84.0,82.5,84.0,14
2013-04-30,85.52999877929688,85.52999877929688,85.06999969482422,82.9800033569336,83.30000305175781,97
2013-05-01,82.08999633789062,82.08999633789062,85.68000030517578,82.5999984741211,85.68000030517578,23
2013-05-02,83.83000183105469,83.83000183105469,84.75,82.1500015258789,82.16999816894531,9
2013-05-03,84.72000122070312,84.72000122070312,84.36000061035156,84.36000061035156,84.36000061035156,6
2013-05-06,85.30999755859375,85.30999755859375,85.80000305175781,84.37000274658203,85.2699966430664,15
2013-05-07,86.01000213623047,86.01000213623047,86.0,85.6500015258789,85.68000030517578,30
2013-05-08,86.19999694824219,86.19999694824219,85.94000244140625,84.94999694824219,84.94999694824219,20916
2013-05-09,87.91999816894531,87.91999816894531,88.4000015258789,86.61000061035156,87.5999984741211,16217
2013-05-10,86.4800033569336,86.4800033569336,87.87999725341797,85.44999694824219,87.70999908447266,14987
2013-05-13,86.04000091552734,86.04000091552734,86.75,85.0,86.5199966430664,13096
2013-05-14,86.91999816894531,86.91999816894531,87.12000274658203,85.45999908447266,85.93000030517578,14132
2013-05-15,86.44999694824219,86.44999694824219,86.88999938964844,85.61000061035156,86.8499984741211,11281
2013-05-16,86.02999877929688,86.02999877929688,86.76000213623047,85.69999694824219,86.19999694824219,8674
2013-05-17,86.41000366210938,86.41000366210938,86.5,85.54000091552734,86.02999877929688,11852
2013-05-20,85.77999877929688,85.77999877929688,86.91000366210938,85.31999969482422,86.3499984741211,12783
2013-05-21,83.86000061035156,83.86000061035156,85.75,83.81999969482422,85.58000183105469,19561
2013-05-22,83.41999816894531,83.41999816894531,84.81999969482422,83.31999969482422,84.04000091552734,14630
2013-05-23,81.77999877929688,81.77999877929688,83.87999725341797,81.5199966430664,83.41999816894531,28020
2013-05-24,81.48999786376953,81.48999786376953,82.37999725341797,81.02999877929688,81.77999877929688,0
2013-05-28,81.41999816894531,81.41999816894531,82.93000030517578,81.33000183105469,81.5,14836
2013-05-29,80.69999694824219,80.69999694824219,81.70999908447266,80.61000061035156,81.62000274658203,14580
2013-05-30,80.12999725341797,80.12999725341797,81.75,79.87000274658203,80.8499984741211,25399
2013-05-31,79.36000061035156,79.36000061035156,80.55999755859375,79.30000305175781,80.12999725341797,18281
2013-06-03,82.36000061035156,82.36000061035156,82.36000061035156,79.31999969482422,79.45999908447266,22638
2013-06-04,84.55999755859375,84.55999755859375,86.37999725341797,81.80000305175781,82.69999694824219,37456
2013-06-05,83.5199966430664,83.5199966430664,84.75,83.25,84.44999694824219,16510
2013-06-06,84.87000274658203,84.87000274658203,84.9800033569336,82.7300033569336,83.4000015258789,20670
2013-06-07,84.86000061035156,84.86000061035156,85.98999786376953,84.30999755859375,84.80000305175781,24490
2013-06-10,86.6500015258789,86.6500015258789,86.9000015258789,84.58999633789062,84.75,24144
2013-06-11,88.05999755859375,88.05999755859375,90.48999786376953,86.45999908447266,86.80000305175781,38886
2013-06-12,90.05999755859375,90.05999755859375,90.30999755859375,86.87999725341797,88.16999816894531,28544
2013-06-13,91.72000122070312,91.72000122070312,91.81999969482422,88.43000030517578,90.0,32773
2013-06-14,91.29000091552734,91.29000091552734,92.58000183105469,90.06999969482422,91.5,27103
2013-06-17,87.43000030517578,87.43000030517578,90.41000366210938,87.29000091552734,90.41000366210938,30873
2013-06-18,84.9800033569336,84.9800033569336,87.19999694824219,85.0,87.19999694824219,6933
2013-06-19,85.4000015258789,85.4000015258789,85.93000030517578,84.4000015258789,85.0199966430664,3924
2013-06-20,84.91999816894531,84.91999816894531,86.20999908447266,84.3499984741211,86.20999908447266,5224
2013-06-21,85.1500015258789,85.1500015258789,85.58999633789062,84.20999908447266,84.51000213623047,6230
2013-06-24,82.9800033569336,82.9800033569336,85.77999877929688,82.37999725341797,85.77999877929688,333
2013-06-25,85.08999633789062,85.08999633789062,84.44999694824219,83.16999816894531,84.04000091552734,28
2013-06-26,83.68000030517578,83.68000030517578,85.0999984741211,83.80000305175781,85.0999984741211,76
2013-06-27,83.12999725341797,83.12999725341797,83.79000091552734,83.2699966430664,83.2699966430664,546
2013-06-28,82.70999908447266,82.70999908447266,83.8499984741211,82.80999755859375,82.80999755859375,102
2013-07-01,84.29000091552734,84.29000091552734,82.75,82.73999786376953,82.75,5
2013-07-02,83.22000122070312,83.22000122070312,84.25,84.25,84.25,15
2013-07-03,84.38999938964844,84.38999938964844,84.38999938964844,84.38999938964844,84.38999938964844,1
2013-07-05,83.68000030517578,83.68000030517578,84.0,83.5,84.0,7
2013-07-08,83.83000183105469,83.83000183105469,83.75,83.45999908447266,83.75,10
2013-07-09,83.9000015258789,83.9000015258789,84.19000244140625,83.9000015258789,84.19000244140625,53
2013-07-10,87.30000305175781,87.30000305175781,87.0,86.5,86.5,7
2013-07-11,85.18000030517578,85.18000030517578,87.81999969482422,85.69999694824219,87.36000061035156,34
2013-07-12,85.12999725341797,85.12999725341797,85.19999694824219,84.41999816894531,85.19999694824219,32
2013-07-15,85.3499984741211,85.3499984741211,85.4800033569336,84.30000305175781,84.98999786376953,21
2013-07-16,84.66999816894531,84.66999816894531,84.66999816894531,84.66999816894531,84.66999816894531,21
2013-07-17,84.06999969482422,84.06999969482422,84.30000305175781,84.05000305175781,84.30000305175781,8
2013-07-18,84.98999786376953,84.98999786376953,85.5,83.55000305175781,83.95999908447266,33
2013-07-19,86.5199966430664,86.5199966430664,86.41999816894531,85.22000122070312,85.22000122070312,7
2013-07-22,86.38999938964844,86.38999938964844,86.25,86.16999816894531,86.16999816894531,6
2013-07-23,86.01000213623047,86.01000213623047,86.25,85.0999984741211,86.25,5
2013-07-24,86.16000366210938,86.16000366210938,86.16000366210938,86.16000366210938,86.16000366210938,5
2013-07-25,86.19000244140625,86.19000244140625,86.37000274658203,86.37000274658203,86.37000274658203,8
2013-07-26,85.37000274658203,85.37000274658203,86.33999633789062,85.13999938964844,86.33999633789062,15
2013-07-29,84.8499984741211,84.8499984741211,85.55999755859375,84.98999786376953,85.55999755859375,4
2013-07-30,85.4800033569336,85.4800033569336,85.5199966430664,85.08999633789062,85.16000366210938,10
2013-07-31,85.62999725341797,85.62999725341797,85.5999984741211,85.18000030517578,85.55000305175781,17
2013-08-01,85.87999725341797,85.87999725341797,85.6500015258789,85.16999816894531,85.37999725341797,10
2013-08-02,85.31999969482422,85.31999969482422,85.7300033569336,85.08000183105469,85.55000305175781,8
2013-08-05,85.4000015258789,85.4000015258789,85.7699966430664,85.25,85.25,7
2013-08-06,85.81999969482422,85.81999969482422,85.75,85.75,85.75,1
2013-08-07,88.52999877929688,88.52999877929688,88.55999755859375,86.19999694824219,86.19999694824219,27
2013-08-08,89.37999725341797,89.37999725341797,89.44999694824219,88.52999877929688,88.72000122070312,50
2013-08-09,89.05000305175781,89.05000305175781,89.12999725341797,88.86000061035156,89.12999725341797,18
2013-08-12,90.05999755859375,90.05999755859375,90.0,89.0199966430664,89.0199966430664,23
2013-08-13,91.58999633789062,91.58999633789062,92.0,90.06999969482422,90.19999694824219,20
2013-08-14,91.44999694824219,91.44999694824219,92.0,90.9800033569336,91.48999786376953,15
2013-08-15,91.63999938964844,91.63999938964844,91.62000274658203,90.75,90.75,8
2013-08-16,93.4000015258789,93.4000015258789,93.9000015258789,92.0,92.0,36
2013-08-19,92.76000213623047,92.76000213623047,93.4000015258789,92.5999984741211,93.4000015258789,20
2013-08-20,88.76000213623047,88.76000213623047,92.0,88.76000213623047,92.0,62
2013-08-21,83.91000366210938,83.91000366210938,88.0999984741211,83.83999633789062,87.94999694824219,83
2013-08-22,83.94999694824219,83.94999694824219,84.55999755859375,83.81999969482422,84.0,33
2013-08-23,84.23999786376953,84.23999786376953,85.22000122070312,85.0,85.0,44
2013-08-26,85.25,85.25,85.25,85.05000305175781,85.05999755859375,5
2013-08-27,84.5,84.5,85.36000061035156,85.30000305175781,85.30000305175781,3
2013-08-28,84.01000213623047,84.01000213623047,85.12000274658203,83.86000061035156,85.12000274658203,5
2013-08-29,83.5999984741211,83.5999984741211,84.05000305175781,84.0,84.01000213623047,13
2013-08-30,83.69999694824219,83.69999694824219,83.87999725341797,83.01000213623047,83.5,0
2013-09-03,82.81999969482422,82.81999969482422,84.0,82.80000305175781,83.94000244140625,6
2013-09-04,82.83000183105469,82.83000183105469,83.0,82.75,83.0,26
2013-09-05,82.4000015258789,82.4000015258789,82.8499984741211,82.30000305175781,82.70999908447266,36
2013-09-06,83.23999786376953,83.23999786376953,83.0999984741211,83.0,83.0,3
2013-09-09,83.70999908447266,83.70999908447266,84.18000030517578,83.11000061035156,83.11000061035156,18
2013-09-10,84.8499984741211,84.8499984741211,84.73999786376953,83.9000015258789,83.9000015258789,6
2013-09-11,84.80000305175781,84.80000305175781,85.01000213623047,84.5999984741211,84.5999984741211,4
2013-09-12,85.87999725341797,85.87999725341797,86.0,85.0,85.05000305175781,19
2013-09-13,85.20999908447266,85.20999908447266,85.79000091552734,85.0199966430664,85.79000091552734,29
2013-09-16,85.0,85.0,84.91000366210938,84.80000305175781,84.80000305175781,10
2013-09-17,84.7699966430664,84.7699966430664,85.12000274658203,84.83000183105469,85.12000274658203,16
2013-09-18,85.7300033569336,85.7300033569336,85.5,84.63999938964844,84.63999938964844,4
2013-09-19,85.33999633789062,85.33999633789062,85.5,85.0999984741211,85.5,7
2013-09-20,83.33000183105469,83.33000183105469,84.87999725341797,82.83999633789062,84.87999725341797,64
2013-09-23,83.01000213623047,83.01000213623047,83.51000213623047,82.83999633789062,82.87000274658203,39
2013-09-24,83.43000030517578,83.43000030517578,84.33999633789062,83.26000213623047,83.26000213623047,2
2013-09-25,83.7300033569336,83.7300033569336,83.7300033569336,83.7300033569336,83.7300033569336,2
2013-09-26,84.5,84.5,84.69000244140625,84.69000244140625,84.69000244140625,1
2013-09-27,85.66000366210938,85.66000366210938,85.66000366210938,85.66000366210938,85.66000366210938,1
2013-09-30,86.11000061035156,86.11000061035156,86.11000061035156,86.11000061035156,86.11000061035156,1
2013-10-01,84.94999694824219,84.94999694824219,86.36000061035156,84.36000061035156,86.11000061035156,3
2013-10-02,85.22000122070312,85.22000122070312,85.22000122070312,85.22000122070312,85.22000122070312,1
2013-10-03,85.79000091552734,85.79000091552734,85.79000091552734,85.79000091552734,85.79000091552734,1
2013-10-04,85.83000183105469,85.83000183105469,85.83000183105469,85.83000183105469,85.83000183105469,1
2013-10-07,82.56999969482422,82.56999969482422,82.56999969482422,82.56999969482422,82.56999969482422,1
2013-10-08,82.19000244140625,82.19000244140625,82.19000244140625,82.19000244140625,82.19000244140625,1
2013-10-09,81.94999694824219,81.94999694824219,81.94999694824219,81.94999694824219,81.94999694824219,14966
2013-10-10,83.16999816894531,83.16999816894531,84.26000213623047,83.12999725341797,83.33999633789062,10708
2013-10-11,83.37000274658203,83.37000274658203,84.08999633789062,83.16999816894531,83.2699966430664,10524
2013-10-14,83.61000061035156,83.61000061035156,83.97000122070312,83.37999725341797,83.51000213623047,7180
2013-10-15,83.70999908447266,83.70999908447266,84.08000183105469,83.41999816894531,83.80000305175781,8470
2013-10-16,83.16000366210938,83.16000366210938,83.9800033569336,82.93000030517578,83.75,11076
2013-10-17,83.81999969482422,83.81999969482422,83.91999816894531,82.56999969482422,83.25,11992
2013-10-18,83.11000061035156,83.11000061035156,84.4000015258789,82.83000183105469,83.8499984741211,11666
2013-10-21,83.05999755859375,83.05999755859375,83.4000015258789,82.80000305175781,83.11000061035156,8956
2013-10-22,82.44999694824219,82.44999694824219,83.11000061035156,82.44000244140625,83.05999755859375,8481
2013-10-23,80.69000244140625,80.69000244140625,82.83999633789062,80.5199966430664,82.5,26893
2013-10-24,79.20999908447266,79.20999908447266,80.8499984741211,78.76000213623047,80.80999755859375,21643
2013-10-25,79.08000183105469,79.08000183105469,80.13999938964844,78.80999755859375,79.20999908447266,19020
2013-10-28,78.6500015258789,78.6500015258789,79.48999786376953,78.5199966430664,79.08000183105469,15446
2013-10-29,78.33999633789062,78.33999633789062,78.9800033569336,78.29000091552734,78.80000305175781,13344
2013-10-30,77.83999633789062,77.83999633789062,78.7300033569336,77.68000030517578,78.37999725341797,18488
2013-10-31,77.18000030517578,77.18000030517578,79.08999633789062,77.11000061035156,77.95999908447266,23661
2013-11-01,76.58000183105469,76.58000183105469,77.62999725341797,76.54000091552734,77.1500015258789,12945
2013-11-04,75.94999694824219,75.94999694824219,77.12000274658203,75.8499984741211,76.58000183105469,13637
2013-11-05,75.94000244140625,75.94000244140625,76.25,75.2699966430664,76.05999755859375,17113
2013-11-06,77.06999969482422,77.06999969482422,78.94000244140625,75.9800033569336,76.08999633789062,21894
2013-11-07,76.76000213623047,76.76000213623047,77.73999786376953,76.22000122070312,77.06999969482422,16765
2013-11-08,76.87999725341797,76.87999725341797,77.87999725341797,75.8499984741211,76.76000213623047,24094
2013-11-11,76.97000122070312,76.97000122070312,77.63999938964844,76.47000122070312,76.87999725341797,21841
2013-11-12,77.87999725341797,77.87999725341797,78.44000244140625,76.87999725341797,76.87999725341797,29015
2013-11-13,77.97000122070312,77.97000122070312,78.5,77.70999908447266,77.87999725341797,20727
2013-11-14,76.5199966430664,76.5199966430664,77.97000122070312,76.2699966430664,77.9000015258789,14528
2013-11-15,77.12000274658203,77.12000274658203,77.4000015258789,76.5199966430664,76.62000274658203,6444
2013-11-18,76.37000274658203,76.37000274658203,77.23999786376953,76.30000305175781,77.08999633789062,4974
2013-11-19,75.87999725341797,75.87999725341797,76.5999984741211,75.69999694824219,76.26000213623047,7864
2013-11-20,75.62999725341797,75.62999725341797,77.44000244140625,75.37999725341797,75.76000213623047,6461
2013-11-21,74.79000091552734,74.79000091552734,76.05000305175781,74.5,75.77999877929688,4280
2013-11-22,75.20999908447266,75.20999908447266,75.37999725341797,73.79000091552734,75.25,238
2013-11-25,76.95999908447266,76.95999908447266,77.0999984741211,75.63999938964844,75.69999694824219,188
2013-11-26,77.8499984741211,77.8499984741211,78.0,77.0999984741211,77.0999984741211,57
2013-11-27,76.75,76.75,77.69999694824219,76.70999908447266,77.62999725341797,0
2013-11-29,78.13999938964844,78.13999938964844,77.05000305175781,77.05000305175781,77.05000305175781,15
2013-12-02,77.2699966430664,77.2699966430664,78.08999633789062,77.01000213623047,77.72000122070312,22
2013-12-03,77.41000366210938,77.41000366210938,77.41000366210938,77.41000366210938,77.41000366210938,12
2013-12-04,78.0199966430664,78.0199966430664,78.25,77.2699966430664,77.52999877929688,19
2013-12-05,77.81999969482422,77.81999969482422,78.23999786376953,76.83000183105469,77.62000274658203,30
2013-12-06,79.37999725341797,79.37999725341797,79.37999725341797,79.37999725341797,79.37999725341797,18495
2013-12-09,80.36000061035156,80.36000061035156,80.75,80.05000305175781,80.31999969482422,9929
2013-12-10,80.69000244140625,80.69000244140625,80.79000091552734,79.76000213623047,80.45999908447266,10019
2013-12-11,82.48999786376953,82.48999786376953,82.93000030517578,80.58000183105469,80.66999816894531,20681
2013-12-12,83.05999755859375,83.05999755859375,83.12999725341797,81.69000244140625,82.25,16125
2013-12-13,83.22000122070312,83.22000122070312,83.41999816894531,82.47000122070312,83.04000091552734,13640
2013-12-16,83.37999725341797,83.37999725341797,83.41999816894531,82.33999633789062,83.20999908447266,8935
2013-12-17,82.94999694824219,82.94999694824219,83.72000122070312,82.63999938964844,83.2699966430664,9410
2013-12-18,83.0,83.0,83.19999694824219,82.5,82.94999694824219,11256
2013-12-19,83.33000183105469,83.33000183105469,83.62000274658203,82.9000015258789,83.0,6247
2013-12-20,83.1500015258789,83.1500015258789,83.8499984741211,83.02999877929688,83.2300033569336,8432
2013-12-23,82.23999786376953,82.23999786376953,83.05999755859375,81.41999816894531,83.0,10325
2013-12-24,83.18000030517578,83.18000030517578,83.4000015258789,81.9000015258789,82.23999786376953,6542
2013-12-26,82.88999938964844,82.88999938964844,83.38999938964844,82.36000061035156,82.48999786376953,3544
2013-12-27,84.12000274658203,84.12000274658203,85.19999694824219,83.19999694824219,83.19999694824219,13071
2013-12-30,84.66000366210938,84.66000366210938,85.06999969482422,83.80000305175781,84.12000274658203,7942
2013-12-31,84.63999938964844,84.63999938964844,85.29000091552734,84.4000015258789,84.45999908447266,13322
2014-01-02,84.04000091552734,84.04000091552734,85.06999969482422,83.5,84.5999984741211,13322
2014-01-03,82.94000244140625,82.94000244140625,84.19000244140625,82.9000015258789,84.12000274658203,14675
2014-01-06,83.62999725341797,83.62999725341797,83.80000305175781,82.66000366210938,82.93000030517578,10483
2014-01-07,84.66999816894531,84.66999816894531,85.02999877929688,83.44999694824219,83.5999984741211,10036
2014-01-08,83.13999938964844,83.13999938964844,84.66999816894531,83.0199966430664,84.4800033569336,17182
2014-01-09,82.80999755859375,82.80999755859375,84.62999725341797,82.7300033569336,83.2300033569336,18664
2014-01-10,82.58999633789062,82.58999633789062,84.08000183105469,82.38999938964844,82.7699966430664,21658
2014-01-13,83.68000030517578,83.68000030517578,84.47000122070312,82.62000274658203,82.7300033569336,19117
2014-01-14,83.7300033569336,83.7300033569336,84.30999755859375,83.33999633789062,83.5199966430664,13658
2014-01-15,84.79000091552734,84.79000091552734,84.88999938964844,83.62999725341797,83.69999694824219,13694
2014-01-16,86.19000244140625,86.19000244140625,86.66999816894531,84.30999755859375,84.44999694824219,21984
2014-01-17,86.80000305175781,86.80000305175781,87.13999938964844,85.88999938964844,86.01000213623047,15651
2014-01-21,88.12999725341797,88.12999725341797,88.43000030517578,86.3499984741211,86.95999908447266,18799
2014-01-22,87.83999633789062,87.83999633789062,88.19999694824219,86.63999938964844,88.0,15216
2014-01-23,87.33000183105469,87.33000183105469,88.1500015258789,86.94999694824219,87.91000366210938,12794
2014-01-24,87.20999908447266,87.20999908447266,88.19000244140625,86.48999786376953,87.29000091552734,15950
2014-01-27,84.25,84.25,87.16000366210938,83.66000366210938,87.0,27931
2014-01-28,84.3499984741211,84.3499984741211,84.98999786376953,84.0199966430664,84.0199966430664,13969
2014-01-29,85.55000305175781,85.55000305175781,86.61000061035156,84.0,84.37000274658203,19038
2014-01-30,86.02999877929688,86.02999877929688,86.80999755859375,85.25,85.5,17488
2014-01-31,85.83000183105469,85.83000183105469,86.55000305175781,85.69999694824219,86.02999877929688,14060
2014-02-03,85.01000213623047,85.01000213623047,85.88999938964844,84.76000213623047,85.83000183105469,14496
2014-02-04,85.4000015258789,85.4000015258789,86.30000305175781,85.0999984741211,85.0999984741211,12337
2014-02-05,85.5199966430664,85.5199966430664,85.72000122070312,85.0999984741211,85.19999694824219,10455
2014-02-06,86.30999755859375,86.30999755859375,86.69000244140625,85.77999877929688,86.12999725341797,13359
2014-02-07,87.47000122070312,87.47000122070312,88.05000305175781,85.83999633789062,86.05000305175781,27901
2014-02-10,87.37000274658203,87.37000274658203,88.83999633789062,87.04000091552734,87.54000091552734,24619
2014-02-11,88.66999816894531,88.66999816894531,88.83999633789062,86.66000366210938,87.33999633789062,21177
2014-02-12,88.37000274658203,88.37000274658203,89.30999755859375,87.9800033569336,88.66999816894531,20438
2014-02-13,87.5999984741211,87.5999984741211,89.0,86.80000305175781,88.13999938964844,22706
2014-02-14,87.55000305175781,87.55000305175781,88.5199966430664,87.06999969482422,87.77999877929688,0
2014-02-18,87.91000366210938,87.91000366210938,88.23999786376953,87.30000305175781,88.0,9968
2014-02-19,86.97000122070312,86.97000122070312,88.05000305175781,86.80999755859375,87.91000366210938,8818
2014-02-20,86.37000274658203,86.37000274658203,87.30000305175781,86.23999786376953,87.0999984741211,4063
2014-02-21,87.08999633789062,87.08999633789062,88.05000305175781,86.29000091552734,86.29000091552734,5543
2014-02-24,87.91999816894531,87.91999816894531,89.0,87.06999969482422,87.06999969482422,459
2014-02-25,86.22000122070312,86.22000122070312,88.58000183105469,85.91000366210938,88.0,154
2014-02-26,85.37000274658203,85.37000274658203,86.72000122070312,85.27999877929688,86.22000122070312,53
2014-02-27,86.91000366210938,86.91000366210938,86.5,84.6500015258789,85.22000122070312,12
2014-02-28,86.58999633789062,86.58999633789062,86.16999816894531,86.01000213623047,86.16000366210938,8
2014-03-03,87.86000061035156,87.86000061035156,88.3499984741211,86.6500015258789,87.80000305175781,39
2014-03-04,88.31999969482422,88.31999969482422,88.3499984741211,88.0,88.0,7
2014-03-05,87.9000015258789,87.9000015258789,88.5,87.01000213623047,88.4000015258789,7
2014-03-06,90.0,90.0,89.5199966430664,87.55000305175781,88.80000305175781,9
2014-03-07,91.0199966430664,91.0199966430664,90.97000122070312,90.27999877929688,90.97000122070312,19176
2014-03-10,91.55999755859375,91.55999755859375,92.5999984741211,90.68000030517578,91.0999984741211,11048
2014-03-11,91.6500015258789,91.6500015258789,92.23999786376953,91.0,91.66999816894531,8691
2014-03-12,92.19999694824219,92.19999694824219,92.93000030517578,90.44000244140625,91.5,14492
2014-03-13,91.68000030517578,91.68000030517578,93.75,91.45999908447266,92.66000366210938,9960
2014-03-14,92.19000244140625,92.19000244140625,92.5999984741211,90.55999755859375,91.68000030517578,9681
2014-03-17,92.02999877929688,92.02999877929688,92.4800033569336,91.66000366210938,92.1500015258789,6623
2014-03-18,92.93000030517578,92.93000030517578,92.97000122070312,91.8499984741211,91.8499984741211,6271
2014-03-19,92.62000274658203,92.62000274658203,93.29000091552734,92.4800033569336,93.0,5740
2014-03-20,92.18000030517578,92.18000030517578,92.95999908447266,91.81999969482422,92.45999908447266,8206
2014-03-21,93.30999755859375,93.30999755859375,93.5999984741211,92.05000305175781,92.05000305175781,10418
2014-03-24,90.62999725341797,90.62999725341797,93.75,89.83999633789062,93.30999755859375,23983
2014-03-25,94.11000061035156,94.11000061035156,94.62999725341797,89.9000015258789,90.83000183105469,20574
2014-03-26,91.66000366210938,91.66000366210938,97.3499984741211,90.83000183105469,94.12000274658203,33075
2014-03-27,92.55999755859375,92.55999755859375,93.91000366210938,91.5999984741211,91.5999984741211,12021
2014-03-28,93.73999786376953,93.73999786376953,93.80000305175781,92.25,92.45999908447266,11523
2014-03-31,93.5199966430664,93.5199966430664,94.80000305175781,92.51000213623047,93.91000366210938,12739
2014-04-01,92.06999969482422,92.06999969482422,93.2300033569336,91.81999969482422,93.02999877929688,16392
2014-04-02,91.51000213623047,91.51000213623047,92.9800033569336,91.20999908447266,92.08999633789062,14469
2014-04-03,90.9800033569336,90.9800033569336,91.7300033569336,90.61000061035156,91.51000213623047,13614
2014-04-04,92.4000015258789,92.4000015258789,93.2300033569336,90.80000305175781,90.93000030517578,13727
2014-04-07,90.62000274658203,90.62000274658203,92.86000061035156,90.52999877929688,92.4000015258789,19156
2014-04-08,91.79000091552734,91.79000091552734,92.44000244140625,90.56999969482422,90.62000274658203,15419
2014-04-09,90.44000244140625,90.44000244140625,92.31999969482422,90.30999755859375,91.66000366210938,25148
2014-04-10,89.0199966430664,89.0199966430664,91.2300033569336,88.9800033569336,90.44000244140625,27173
2014-04-11,89.0199966430664,89.0199966430664,90.01000213623047,88.62999725341797,89.0199966430664,19867
2014-04-14,90.91000366210938,90.91000366210938,91.66999816894531,89.5199966430664,90.0,10503
2014-04-15,89.91999816894531,89.91999816894531,91.58000183105469,89.13999938964844,91.0,9311
2014-04-16,91.04000091552734,91.04000091552734,91.2300033569336,90.05999755859375,90.4000015258789,7064
2014-04-17,90.16999816894531,90.16999816894531,91.31999969482422,90.05000305175781,90.95999908447266,10243
2014-04-21,89.69000244140625,89.69000244140625,90.80000305175781,89.3499984741211,90.30000305175781,4233
2014-04-22,91.01000213623047,91.01000213623047,91.16000366210938,89.66000366210938,89.66000366210938,2653
2014-04-23,92.9000015258789,92.9000015258789,93.20999908447266,89.75,91.01000213623047,7703
2014-04-24,92.66000366210938,92.66000366210938,92.98999786376953,91.30000305175781,92.9800033569336,82
2014-04-25,92.94999694824219,92.94999694824219,93.11000061035156,92.5999984741211,92.9800033569336,6
2014-04-28,92.37999725341797,92.37999725341797,92.91000366210938,92.0999984741211,92.91000366210938,32
2014-04-29,94.26000213623047,94.26000213623047,94.44999694824219,92.5,92.58999633789062,48
2014-04-30,94.13999938964844,94.13999938964844,94.5999984741211,94.30999755859375,94.30999755859375,47
2014-05-01,94.06999969482422,94.06999969482422,94.47000122070312,93.0,94.44000244140625,28
2014-05-02,94.19000244140625,94.19000244140625,94.88999938964844,93.95999908447266,94.5,76
2014-05-05,94.62000274658203,94.62000274658203,94.6500015258789,94.23999786376953,94.3499984741211,59
2014-05-06,93.69999694824219,93.69999694824219,94.19000244140625,92.70999908447266,94.0,31
2014-05-07,91.83999633789062,91.83999633789062,94.04000091552734,92.0,94.04000091552734,13493
2014-05-08,93.05000305175781,93.05000305175781,94.2699966430664,92.2699966430664,92.55999755859375,11252
2014-05-09,92.36000061035156,92.36000061035156,93.70999908447266,92.0,93.05000305175781,7364
2014-05-12,91.30000305175781,91.30000305175781,92.5,90.5,92.37999725341797,13564
2014-05-13,90.93000030517578,90.93000030517578,91.54000091552734,90.51000213623047,91.30000305175781,9139
2014-05-14,90.69999694824219,90.69999694824219,92.12999725341797,90.61000061035156,90.93000030517578,10137
2014-05-15,90.36000061035156,90.36000061035156,91.29000091552734,90.0999984741211,90.69999694824219,11690
2014-05-16,89.81999969482422,89.81999969482422,90.83999633789062,89.76000213623047,90.44000244140625,9479
2014-05-19,89.1500015258789,89.1500015258789,89.93000030517578,89.12000274658203,89.80000305175781,12557
2014-05-20,89.0,89.0,89.73999786376953,88.70999908447266,89.19999694824219,12946
2014-05-21,89.29000091552734,89.29000091552734,90.62999725341797,88.93000030517578,89.0,12532
2014-05-22,87.77999877929688,87.77999877929688,90.66000366210938,87.76000213623047,89.29000091552734,22957
2014-05-23,86.30999755859375,86.30999755859375,88.16999816894531,85.26000213623047,87.9000015258789,0
2014-05-27,84.97000122070312,84.97000122070312,86.5,84.8499984741211,86.5,14245
2014-05-28,84.87000274658203,84.87000274658203,85.7699966430664,83.86000061035156,85.26000213623047,17218
2014-05-29,86.1500015258789,86.1500015258789,86.94000244140625,84.5199966430664,84.87000274658203,19013
2014-05-30,86.2699966430664,86.2699966430664,86.69000244140625,85.41000366210938,86.26000213623047,16044
2014-06-02,86.4800033569336,86.4800033569336,86.70999908447266,85.63999938964844,86.2699966430664,16798
2014-06-03,87.36000061035156,87.36000061035156,88.5999984741211,86.11000061035156,86.58999633789062,19815
2014-06-04,86.08000183105469,86.08000183105469,87.81999969482422,85.91999816894531,87.47000122070312,16787
2014-06-05,85.5,85.5,86.3499984741211,85.44000244140625,86.08000183105469,13740
2014-06-06,84.77999877929688,84.77999877929688,85.68000030517578,84.72000122070312,85.55000305175781,17449
2014-06-09,84.55000305175781,84.55000305175781,84.94999694824219,84.06999969482422,84.69999694824219,15990
2014-06-10,86.30000305175781,86.30000305175781,86.66000366210938,84.44999694824219,84.55000305175781,28882
2014-06-11,85.51000213623047,85.51000213623047,86.9000015258789,85.08000183105469,86.44000244140625,23142
2014-06-12,85.62000274658203,85.62000274658203,86.5999984741211,84.80999755859375,85.37999725341797,21647
2014-06-13,86.9800033569336,86.9800033569336,87.0999984741211,85.41999816894531,86.0,15361
2014-06-16,87.6500015258789,87.6500015258789,88.44000244140625,87.0,87.0,12489
2014-06-17,90.05999755859375,90.05999755859375,90.37000274658203,87.62000274658203,87.6500015258789,17880
2014-06-18,91.1500015258789,91.1500015258789,91.43000030517578,90.0199966430664,90.0199966430664,9426
2014-06-19,88.36000061035156,88.36000061035156,91.2300033569336,87.80000305175781,91.0999984741211,10523
2014-06-20,88.16000366210938,88.16000366210938,88.7699966430664,87.05999755859375,87.94000244140625,7762
2014-06-23,87.5199966430664,87.5199966430664,88.58000183105469,84.16000366210938,88.0999984741211,12722
2014-06-24,81.80999755859375,81.80999755859375,85.30000305175781,81.33000183105469,84.36000061035156,361
2014-06-25,81.80000305175781,81.80000305175781,83.75,81.25,82.88999938964844,113
2014-06-26,80.37000274658203,80.37000274658203,81.1500015258789,80.2699966430664,81.1500015258789,50
2014-06-27,80.88999938964844,80.88999938964844,81.41000366210938,80.69999694824219,81.2699966430664,13
2014-06-30,79.20999908447266,79.20999908447266,80.77999877929688,79.0999984741211,80.77999877929688,28
2014-07-01,77.08000183105469,77.08000183105469,78.25,77.19999694824219,78.0199966430664,44
2014-07-02,76.69000244140625,76.69000244140625,76.75,76.75,76.75,1
2014-07-03,76.22000122070312,76.22000122070312,76.22000122070312,76.22000122070312,76.22000122070312,5
2014-07-07,74.83000183105469,74.83000183105469,75.63999938964844,75.63999938964844,75.63999938964844,152
2014-07-08,75.0,75.0,75.62000274658203,75.0999984741211,75.62000274658203,88
2014-07-09,74.97000122070312,74.97000122070312,75.0,74.58999633789062,74.58999633789062,63
2014-07-10,68.9000015258789,68.9000015258789,70.4000015258789,69.05999755859375,70.4000015258789,62
2014-07-11,68.73999786376953,68.73999786376953,69.41000366210938,68.26000213623047,68.66999816894531,42
2014-07-14,68.5999984741211,68.5999984741211,69.48999786376953,68.4000015258789,69.01000213623047,24
2014-07-15,68.25,68.25,68.72000122070312,67.83999633789062,68.5999984741211,30
2014-07-16,68.38999938964844,68.38999938964844,69.0999984741211,68.25,68.25,17
2014-07-17,68.44999694824219,68.44999694824219,68.7699966430664,68.30000305175781,68.4800033569336,12
2014-07-18,68.62999725341797,68.62999725341797,68.5999984741211,68.3499984741211,68.3499984741211,2
2014-07-21,68.5199966430664,68.5199966430664,68.7699966430664,68.38999938964844,68.38999938964844,3
2014-07-22,68.80000305175781,68.80000305175781,69.55999755859375,68.6500015258789,68.6500015258789,33
2014-07-23,68.7699966430664,68.7699966430664,68.87999725341797,68.80000305175781,68.80000305175781,5
2014-07-24,66.4000015258789,66.4000015258789,68.87999725341797,66.0999984741211,68.87999725341797,56
2014-07-25,65.16000366210938,65.16000366210938,66.70999908447266,64.4000015258789,66.54000091552734,50
2014-07-28,65.36000061035156,65.36000061035156,65.5199966430664,65.08999633789062,65.36000061035156,20
2014-07-29,64.44000244140625,64.44000244140625,65.30000305175781,63.970001220703125,65.30000305175781,17
2014-07-30,63.34000015258789,63.34000015258789,64.76000213623047,63.06999969482422,64.76000213623047,29
2014-07-31,62.09000015258789,62.09000015258789,63.29999923706055,61.900001525878906,63.29999923706055,28
2014-08-01,62.4900016784668,62.4900016784668,62.970001220703125,61.34000015258789,62.33000183105469,24
2014-08-04,63.91999816894531,63.91999816894531,64.20999908447266,62.5099983215332,62.5099983215332,19
2014-08-05,63.459999084472656,63.459999084472656,64.37000274658203,63.34000015258789,64.31999969482422,13
2014-08-06,63.970001220703125,63.970001220703125,64.16999816894531,63.810001373291016,63.869998931884766,20
2014-08-07,63.56999969482422,63.56999969482422,63.95000076293945,63.40999984741211,63.95000076293945,12
2014-08-08,63.810001373291016,63.810001373291016,64.1500015258789,63.529998779296875,63.75,6
2014-08-11,64.12999725341797,64.12999725341797,64.8499984741211,63.91999816894531,63.91999816894531,19
2014-08-12,63.029998779296875,63.029998779296875,64.4000015258789,63.0099983215332,64.12999725341797,12
2014-08-13,64.0199966430664,64.0199966430664,64.66000366210938,63.279998779296875,63.279998779296875,59
2014-08-14,63.88999938964844,63.88999938964844,64.4000015258789,63.54999923706055,64.37000274658203,7
2014-08-15,63.599998474121094,63.599998474121094,64.33000183105469,63.630001068115234,63.88999938964844,9
2014-08-18,63.34000015258789,63.34000015258789,63.72999954223633,63.16999816894531,63.54999923706055,17
2014-08-19,63.470001220703125,63.470001220703125,63.5,63.33000183105469,63.43000030517578,12
2014-08-20,65.31999969482422,65.31999969482422,65.4800033569336,63.59000015258789,63.59000015258789,26
2014-08-21,66.5,66.5,67.63999938964844,65.63999938964844,65.63999938964844,112
2014-08-22,67.45999908447266,67.45999908447266,67.5,66.55000305175781,66.5999984741211,22
2014-08-25,67.66000366210938,67.66000366210938,67.93000030517578,66.93000030517578,67.45999908447266,28
2014-08-26,68.26000213623047,68.26000213623047,68.30999755859375,67.52999877929688,67.66000366210938,12
2014-08-27,68.30000305175781,68.30000305175781,68.4800033569336,67.68000030517578,68.26000213623047,10
2014-08-28,67.13999938964844,67.13999938964844,68.44000244140625,66.58000183105469,68.30000305175781,41
2014-08-29,67.5999984741211,67.5999984741211,68.02999877929688,66.56999969482422,67.31999969482422,33
2014-09-02,66.33999633789062,66.33999633789062,66.55000305175781,66.05000305175781,66.55000305175781,21
2014-09-03,66.69999694824219,66.69999694824219,66.36000061035156,66.05000305175781,66.26000213623047,19
2014-09-04,66.7699966430664,66.7699966430664,66.9800033569336,66.75,66.91999816894531,15
2014-09-05,66.08000183105469,66.08000183105469,66.81999969482422,65.55000305175781,66.81999969482422,11
2014-09-08,66.55999755859375,66.55999755859375,66.98999786376953,65.75,66.30000305175781,11
2014-09-09,67.77999877929688,67.77999877929688,68.55000305175781,66.55999755859375,66.55999755859375,57
2014-09-10,70.13999938964844,70.13999938964844,70.4800033569336,67.77999877929688,67.77999877929688,41
2014-09-11,70.79000091552734,70.79000091552734,71.1500015258789,69.9800033569336,70.13999938964844,89
2014-09-12,70.61000061035156,70.61000061035156,71.48999786376953,69.80000305175781,71.1500015258789,28
2014-09-15,68.18000030517578,68.18000030517578,70.86000061035156,68.20999908447266,70.86000061035156,88
2014-09-16,68.27999877929688,68.27999877929688,68.30000305175781,67.76000213623047,68.29000091552734,6
2014-09-17,69.9000015258789,69.9000015258789,70.30000305175781,68.5999984741211,68.87000274658203,21
2014-09-18,66.9000015258789,66.9000015258789,69.19000244140625,66.9000015258789,69.19000244140625,44
2014-09-19,65.98999786376953,65.98999786376953,65.80999755859375,65.37999725341797,65.51000213623047,17
2014-09-22,64.86000061035156,64.86000061035156,65.0,63.25,65.0,29
2014-09-23,62.93000030517578,62.93000030517578,64.8499984741211,62.93000030517578,64.8499984741211,105
2014-09-24,61.65999984741211,61.65999984741211,62.939998626708984,60.58000183105469,60.58000183105469,3
2014-09-25,61.4900016784668,61.4900016784668,61.4900016784668,61.4900016784668,61.4900016784668,3
2014-09-26,62.47999954223633,62.47999954223633,63.68000030517578,63.599998474121094,63.68000030517578,3
2014-09-29,62.060001373291016,62.060001373291016,62.060001373291016,62.060001373291016,62.060001373291016,3
2014-09-30,61.959999084472656,61.959999084472656,61.959999084472656,61.959999084472656,61.959999084472656,3
2014-10-01,62.7599983215332,62.7599983215332,62.7599983215332,62.7599983215332,62.7599983215332,3
2014-10-02,62.45000076293945,62.45000076293945,62.45000076293945,62.45000076293945,62.45000076293945,3
2014-10-03,63.06999969482422,63.06999969482422,63.06999969482422,63.06999969482422,63.06999969482422,3
2014-10-06,64.9800033569336,64.9800033569336,64.9800033569336,64.9800033569336,64.9800033569336,3
2014-10-07,65.83000183105469,65.83000183105469,65.83000183105469,65.83000183105469,65.83000183105469,3
2014-10-08,65.51000213623047,65.51000213623047,66.62000274658203,66.62000274658203,66.62000274658203,1
2014-10-09,64.55000305175781,64.55000305175781,64.55000305175781,64.55000305175781,64.55000305175781,15056
2014-10-10,64.0999984741211,64.0999984741211,65.5,63.599998474121094,63.939998626708984,18229
2014-10-13,65.0199966430664,65.0199966430664,65.41000366210938,64.13999938964844,64.25,8549
2014-10-14,64.16000366210938,64.16000366210938,65.6500015258789,64.01000213623047,65.30000305175781,13406
2014-10-15,63.709999084472656,63.709999084472656,64.45999908447266,63.290000915527344,64.37999725341797,12354
2014-10-16,63.560001373291016,63.560001373291016,64.19000244140625,63.459999084472656,63.709999084472656,9211
2014-10-17,63.0,63.0,64.13999938964844,62.959999084472656,63.72999954223633,12984
2014-10-20,62.290000915527344,62.290000915527344,63.400001525878906,62.22999954223633,63.150001525878906,11724
2014-10-21,62.790000915527344,62.790000915527344,63.630001068115234,62.099998474121094,62.290000915527344,11975
2014-10-22,62.68000030517578,62.68000030517578,63.40999984741211,62.43000030517578,63.0,8770
2014-10-23,63.040000915527344,63.040000915527344,63.29999923706055,61.97999954223633,62.540000915527344,11940
2014-10-24,63.810001373291016,63.810001373291016,64.66000366210938,62.72999954223633,63.040000915527344,14930
2014-10-27,63.66999816894531,63.66999816894531,64.26000213623047,63.310001373291016,63.79999923706055,8910
2014-10-28,64.47000122070312,64.47000122070312,64.5,63.209999084472656,63.529998779296875,9377
2014-10-29,65.3499984741211,65.3499984741211,65.98999786376953,64.16999816894531,64.4000015258789,21599
2014-10-30,64.5,64.5,66.05000305175781,64.33000183105469,65.33999633789062,20783
2014-10-31,64.44999694824219,64.44999694824219,64.81999969482422,63.2599983215332,64.44000244140625,20546
2014-11-03,64.25,64.25,64.87999725341797,63.66999816894531,64.44999694824219,15511
2014-11-04,62.79999923706055,62.79999923706055,64.33999633789062,62.7400016784668,64.04000091552734,19665
2014-11-05,62.709999084472656,62.709999084472656,63.119998931884766,62.02000045776367,63.09000015258789,17564
2014-11-06,63.189998626708984,63.189998626708984,63.349998474121094,62.52000045776367,62.810001373291016,12322
2014-11-07,63.959999084472656,63.959999084472656,64.37999725341797,62.630001068115234,63.189998626708984,22369
2014-11-10,62.43000030517578,62.43000030517578,65.7699966430664,62.279998779296875,63.97999954223633,37777
2014-11-11,63.29999923706055,63.29999923706055,64.5,62.29999923706055,62.29999923706055,22427
2014-11-12,61.939998626708984,61.939998626708984,63.650001525878906,61.900001525878906,63.189998626708984,23406
2014-11-13,59.72999954223633,59.72999954223633,62.529998779296875,59.5099983215332,61.939998626708984,20229
2014-11-14,59.79999923706055,59.79999923706055,60.369998931884766,59.599998474121094,59.7599983215332,16487
2014-11-17,58.810001373291016,58.810001373291016,59.65999984741211,58.65999984741211,59.560001373291016,9178
2014-11-18,59.970001220703125,59.970001220703125,60.099998474121094,58.560001373291016,58.84000015258789,7155
2014-11-19,59.11000061035156,59.11000061035156,59.97999954223633,58.9900016784668,59.959999084472656,5192
2014-11-20,58.540000915527344,58.540000915527344,59.97999954223633,57.84000015258789,58.900001525878906,3937
2014-11-21,59.7599983215332,59.7599983215332,59.790000915527344,58.5099983215332,58.61000061035156,233
2014-11-24,59.15999984741211,59.15999984741211,59.689998626708984,59.0099983215332,59.36000061035156,106
2014-11-25,59.65999984741211,59.65999984741211,59.959999084472656,59.25,59.25,11
2014-11-26,61.40999984741211,61.40999984741211,62.0,59.689998626708984,59.689998626708984,180
2014-11-28,60.959999084472656,60.959999084472656,61.7400016784668,61.43000030517578,61.43000030517578,7
2014-12-01,60.18000030517578,60.18000030517578,61.279998779296875,60.040000915527344,61.2599983215332,26
2014-12-02,60.75,60.75,61.029998779296875,60.08000183105469,61.029998779296875,22
2014-12-03,61.0099983215332,61.0099983215332,61.0,60.75,61.0,22
2014-12-04,61.52000045776367,61.52000045776367,61.84000015258789,61.400001525878906,61.81999969482422,49
2014-12-05,60.540000915527344,60.540000915527344,62.20000076293945,60.900001525878906,62.189998626708984,15
2014-12-08,60.209999084472656,60.209999084472656,60.79999923706055,60.79999923706055,60.79999923706055,10525
2014-12-09,59.880001068115234,59.880001068115234,60.400001525878906,59.15999984741211,59.310001373291016,14304
2014-12-10,59.56999969482422,59.56999969482422,60.79999923706055,59.40999984741211,59.72999954223633,17971
2014-12-11,60.47999954223633,60.47999954223633,61.08000183105469,59.56999969482422,59.56999969482422,20552
2014-12-12,60.540000915527344,60.540000915527344,61.25,60.41999816894531,60.47999954223633,10354
2014-12-15,60.650001525878906,60.650001525878906,61.130001068115234,60.5099983215332,60.599998474121094,7299
2014-12-16,59.779998779296875,59.779998779296875,60.790000915527344,59.709999084472656,60.56999969482422,12673
2014-12-17,60.650001525878906,60.650001525878906,60.900001525878906,59.4900016784668,59.849998474121094,11354
2014-12-18,60.81999969482422,60.81999969482422,60.9900016784668,60.18000030517578,60.720001220703125,10048
2014-12-19,60.88999938964844,60.88999938964844,60.959999084472656,60.310001373291016,60.619998931884766,7914
2014-12-22,62.040000915527344,62.040000915527344,62.16999816894531,60.459999084472656,60.5099983215332,17240
2014-12-23,61.81999969482422,61.81999969482422,62.84000015258789,61.560001373291016,62.040000915527344,14889
2014-12-24,61.779998779296875,61.779998779296875,62.150001525878906,61.529998779296875,61.65999984741211,4163
2014-12-26,61.630001068115234,61.630001068115234,61.95000076293945,61.56999969482422,61.779998779296875,3386
2014-12-29,62.0099983215332,62.0099983215332,62.290000915527344,61.36000061035156,61.54999923706055,8121
2014-12-30,61.97999954223633,61.97999954223633,62.15999984741211,61.810001373291016,62.0,8429
2014-12-31,60.27000045776367,60.27000045776367,62.08000183105469,60.220001220703125,61.9900016784668,20112
2015-01-02,59.58000183105469,59.58000183105469,60.369998931884766,59.470001220703125,60.27000045776367,15585
2015-01-05,60.709999084472656,60.709999084472656,61.13999938964844,59.61000061035156,59.61000061035156,14335
2015-01-06,60.20000076293945,60.20000076293945,61.25,60.099998474121094,60.54999923706055,12978
2015-01-07,60.43000030517578,60.43000030517578,60.52000045776367,59.84000015258789,60.099998474121094,9853
2015-01-08,60.560001373291016,60.560001373291016,60.63999938964844,60.20000076293945,60.43000030517578,8747
2015-01-09,60.7599983215332,60.7599983215332,60.86000061035156,60.310001373291016,60.5,10366
2015-01-12,59.72999954223633,59.72999954223633,60.75,59.5099983215332,60.70000076293945,16287
2015-01-13,60.150001525878906,60.150001525878906,60.2599983215332,59.540000915527344,59.720001220703125,10849
2015-01-14,58.97999954223633,58.97999954223633,60.04999923706055,58.65999984741211,60.04999923706055,23748
2015-01-15,59.4900016784668,59.4900016784668,60.27000045776367,58.84000015258789,59.04999923706055,17320
2015-01-16,59.22999954223633,59.22999954223633,59.849998474121094,59.15999984741211,59.40999984741211,0
2015-01-20,57.790000915527344,57.790000915527344,59.38999938964844,57.77000045776367,59.20000076293945,25648
2015-01-21,58.0099983215332,58.0099983215332,58.22999954223633,57.66999816894531,57.79999923706055,14441
2015-01-22,57.7599983215332,57.7599983215332,58.400001525878906,57.58000183105469,58.0,12728
2015-01-23,57.29999923706055,57.29999923706055,58.66999816894531,57.04999923706055,57.77000045776367,22252
2015-01-26,58.619998931884766,58.619998931884766,58.790000915527344,57.2599983215332,57.400001525878906,18519
2015-01-27,58.779998779296875,58.779998779296875,58.88999938964844,58.040000915527344,58.380001068115234,13861
2015-01-28,59.439998626708984,59.439998626708984,59.47999954223633,58.11000061035156,58.40999984741211,17413
2015-01-29,59.56999969482422,59.56999969482422,59.779998779296875,59.099998474121094,59.11000061035156,18780
2015-01-30,59.36000061035156,59.36000061035156,59.68000030517578,59.04999923706055,59.540000915527344,14353
2015-02-02,59.88999938964844,59.88999938964844,60.08000183105469,58.880001068115234,59.099998474121094,22069
2015-02-03,61.45000076293945,61.45000076293945,61.5099983215332,59.88999938964844,59.900001525878906,35393
2015-02-04,61.22999954223633,61.22999954223633,61.70000076293945,61.02000045776367,61.47999954223633,23836
2015-02-05,61.790000915527344,61.790000915527344,61.91999816894531,60.54999923706055,61.0,32951
2015-02-06,61.59000015258789,61.59000015258789,61.97999954223633,60.90999984741211,61.790000915527344,25927
2015-02-09,62.29999923706055,62.29999923706055,62.810001373291016,61.25,61.630001068115234,23707
2015-02-10,62.5099983215332,62.5099983215332,63.439998626708984,62.130001068115234,62.54999923706055,24613
2015-02-11,62.02000045776367,62.02000045776367,62.56999969482422,61.709999084472656,62.4900016784668,18817
2015-02-12,62.47999954223633,62.47999954223633,62.560001373291016,61.529998779296875,62.20000076293945,18555
2015-02-13,62.70000076293945,62.70000076293945,62.93000030517578,62.43000030517578,62.540000915527344,14659
2015-02-17,63.79999923706055,63.79999923706055,64.0,62.310001373291016,62.61000061035156,14182
2015-02-18,64.62000274658203,64.62000274658203,64.7300033569336,63.54999923706055,63.689998626708984,9019
2015-02-19,64.44000244140625,64.44000244140625,65.33000183105469,64.19999694824219,64.62999725341797,7138
2015-02-20,64.66999816894531,64.66999816894531,64.73999786376953,63.970001220703125,64.4000015258789,6167
2015-02-23,64.75,64.75,67.55000305175781,63.900001525878906,65.5,145
2015-02-24,64.76000213623047,64.76000213623047,65.48999786376953,64.75,64.75,220
2015-02-25,65.5199966430664,65.5199966430664,65.41999816894531,64.2699966430664,64.5,163
2015-02-26,65.16999816894531,65.16999816894531,66.25,65.2699966430664,65.5999984741211,45
2015-02-27,64.7300033569336,64.7300033569336,65.3499984741211,64.0,65.0999984741211,190
2015-03-02,64.62999725341797,64.62999725341797,64.97000122070312,64.8499984741211,64.86000061035156,3
2015-03-03,63.72999954223633,63.72999954223633,64.19999694824219,63.709999084472656,63.900001525878906,41
2015-03-04,63.61000061035156,63.61000061035156,63.4900016784668,63.0,63.06999969482422,28
2015-03-05,63.209999084472656,63.209999084472656,63.83000183105469,63.560001373291016,63.77000045776367,21
2015-03-06,62.95000076293945,62.95000076293945,62.84000015258789,62.11000061035156,62.5,3
2015-03-09,61.91999816894531,61.91999816894531,61.91999816894531,61.91999816894531,61.91999816894531,12695
2015-03-10,60.869998931884766,60.869998931884766,62.36000061035156,60.810001373291016,62.20000076293945,25517
2015-03-11,60.33000183105469,60.33000183105469,61.119998931884766,60.279998779296875,61.04999923706055,19557
2015-03-12,61.220001220703125,61.220001220703125,61.58000183105469,60.2599983215332,60.34000015258789,18740
2015-03-13,60.5,60.5,61.58000183105469,60.41999816894531,61.150001525878906,13189
2015-03-16,60.4900016784668,60.4900016784668,61.220001220703125,60.310001373291016,60.70000076293945,10494
2015-03-17,60.209999084472656,60.209999084472656,60.869998931884766,60.189998626708984,60.40999984741211,10646
2015-03-18,62.47999954223633,62.47999954223633,62.650001525878906,59.83000183105469,60.20000076293945,25261
2015-03-19,62.95000076293945,62.95000076293945,63.40999984741211,61.720001220703125,62.529998779296875,26628
2015-03-20,62.81999969482422,62.81999969482422,63.2599983215332,62.29999923706055,62.63999938964844,13394
2015-03-23,64.05000305175781,64.05000305175781,64.55000305175781,62.36000061035156,62.59000015258789,17662
2015-03-24,63.90999984741211,63.90999984741211,64.4000015258789,63.61000061035156,64.0,16722
2015-03-25,63.15999984741211,63.15999984741211,64.08999633789062,62.7599983215332,63.95000076293945,13549
2015-03-26,63.08000183105469,63.08000183105469,63.47999954223633,62.65999984741211,63.0,10715
2015-03-27,63.54999923706055,63.54999923706055,63.939998626708984,62.79999923706055,62.83000183105469,8316
2015-03-30,62.52000045776367,62.52000045776367,64.18000030517578,62.369998931884766,63.54999923706055,16678
2015-03-31,63.099998474121094,63.099998474121094,63.939998626708984,62.16999816894531,62.59000015258789,22154
2015-04-01,62.58000183105469,62.58000183105469,63.2599983215332,62.439998626708984,62.95000076293945,11977
2015-04-02,63.689998626708984,63.689998626708984,63.88999938964844,62.58000183105469,62.58000183105469,14596
2015-04-06,65.33999633789062,65.33999633789062,65.45999908447266,63.75,63.84000015258789,19375
2015-04-07,66.41999816894531,66.41999816894531,66.66000366210938,65.16999816894531,65.33999633789062,24149
2015-04-08,66.7300033569336,66.7300033569336,67.19000244140625,66.16999816894531,66.41999816894531,27518
2015-04-09,66.22000122070312,66.22000122070312,67.12999725341797,66.11000061035156,66.75,32619
2015-04-10,65.05999755859375,65.05999755859375,66.61000061035156,64.80999755859375,66.44000244140625,34976
2015-04-13,65.12999725341797,65.12999725341797,65.69999694824219,64.58000183105469,65.11000061035156,20680
2015-04-14,64.69000244140625,64.69000244140625,65.41000366210938,64.43000030517578,65.12999725341797,20713
2015-04-15,64.58999633789062,64.58999633789062,65.12000274658203,64.3499984741211,64.63999938964844,16634
2015-04-16,64.01000213623047,64.01000213623047,64.93000030517578,63.470001220703125,64.72000122070312,14093
2015-04-17,63.290000915527344,63.290000915527344,64.4000015258789,63.15999984741211,64.36000061035156,9602
2015-04-20,63.040000915527344,63.040000915527344,63.709999084472656,62.720001220703125,63.29999923706055,3481
2015-04-21,62.630001068115234,62.630001068115234,63.11000061035156,62.5099983215332,63.099998474121094,2937
2015-04-22,62.4900016784668,62.4900016784668,63.2400016784668,62.20000076293945,62.810001373291016,2480
2015-04-23,64.58999633789062,64.58999633789062,65.48999786376953,62.349998474121094,62.5099983215332,1937
2015-04-24,66.5,66.5,66.88999938964844,64.9000015258789,64.9000015258789,191
2015-04-27,66.38999938964844,66.38999938964844,67.5999984741211,66.70999908447266,67.08999633789062,14
2015-04-28,66.62000274658203,66.62000274658203,67.12000274658203,65.11000061035156,66.0,36
2015-04-29,67.31999969482422,67.31999969482422,67.31999969482422,67.31999969482422,67.31999969482422,1
2015-04-30,68.12000274658203,68.12000274658203,68.0999984741211,68.0999984741211,68.0999984741211,8
2015-05-01,66.8499984741211,66.8499984741211,67.02999877929688,64.63999938964844,66.98999786376953,9
2015-05-04,66.91000366210938,66.91000366210938,66.91000366210938,66.91000366210938,66.91000366210938,1
2015-05-05,66.98999786376953,66.98999786376953,67.36000061035156,67.36000061035156,67.36000061035156,13173
2015-05-07,65.52999877929688,65.52999877929688,66.01000213623047,64.95999908447266,65.95999908447266,15823
2015-05-08,66.16000366210938,66.16000366210938,66.22000122070312,65.27999877929688,65.52999877929688,10415
2015-05-11,65.38999938964844,65.38999938964844,66.30999755859375,64.6500015258789,66.16000366210938,16368
2015-05-12,65.0199966430664,65.0199966430664,65.56999969482422,64.56999969482422,65.38999938964844,13573
2015-05-13,65.7699966430664,65.7699966430664,65.80000305175781,64.8499984741211,65.19000244140625,13012
2015-05-14,66.52999877929688,66.52999877929688,66.7300033569336,65.58999633789062,65.88999938964844,13462
2015-05-15,66.83999633789062,66.83999633789062,66.87000274658203,66.11000061035156,66.63999938964844,9234
2015-05-18,64.91999816894531,64.91999816894531,66.93000030517578,64.87000274658203,66.83999633789062,19854
2015-05-19,64.3499984741211,64.3499984741211,65.23999786376953,64.05000305175781,64.87999725341797,24167
2015-05-20,64.1500015258789,64.1500015258789,64.80999755859375,63.709999084472656,64.16999816894531,21417
2015-05-21,63.72999954223633,63.72999954223633,64.93000030517578,63.619998931884766,64.16000366210938,19732
2015-05-22,63.29999923706055,63.29999923706055,64.12000274658203,63.279998779296875,63.70000076293945,16455
2015-05-26,63.310001373291016,63.310001373291016,64.66000366210938,63.27000045776367,63.33000183105469,18285
2015-05-27,63.04999923706055,63.04999923706055,63.88999938964844,63.029998779296875,63.31999969482422,17617
2015-05-28,64.33000183105469,64.33000183105469,64.54000091552734,63.029998779296875,63.040000915527344,15804
2015-05-29,64.3499984741211,64.3499984741211,66.58999633789062,64.2699966430664,64.75,38272
2015-06-01,63.75,63.75,65.1500015258789,63.689998626708984,64.3499984741211,21056
2015-06-02,63.599998474121094,63.599998474121094,64.29000091552734,63.33000183105469,63.599998474121094,14801
2015-06-03,65.23999786376953,65.23999786376953,65.38999938964844,63.439998626708984,63.7400016784668,21577
2015-06-04,65.12000274658203,65.12000274658203,65.94999694824219,64.94000244140625,65.44000244140625,19018
2015-06-05,64.01000213623047,64.01000213623047,65.19999694824219,63.93000030517578,65.12000274658203,20682
2015-06-08,64.80000305175781,64.80000305175781,65.05000305175781,64.16999816894531,64.41000366210938,18740
2015-06-09,64.55000305175781,64.55000305175781,65.2699966430664,64.4800033569336,64.80000305175781,20357
2015-06-10,64.88999938964844,64.88999938964844,65.16000366210938,64.51000213623047,64.72000122070312,27759
2015-06-11,63.529998779296875,63.529998779296875,64.95999908447266,63.4900016784668,64.95999908447266,26151
2015-06-12,64.06999969482422,64.06999969482422,64.94000244140625,63.52000045776367,63.88999938964844,20084
2015-06-15,63.209999084472656,63.209999084472656,64.31999969482422,62.599998474121094,64.30000305175781,21035
2015-06-16,64.43000030517578,64.43000030517578,65.01000213623047,62.72999954223633,63.310001373291016,12558
2015-06-17,63.880001068115234,63.880001068115234,64.70999908447266,63.529998779296875,64.66000366210938,9991
2015-06-18,64.08000183105469,64.08000183105469,64.43000030517578,63.810001373291016,64.19999694824219,4186
2015-06-19,63.31999969482422,63.31999969482422,64.0,62.79999923706055,64.0,3856
2015-06-22,64.02999877929688,64.02999877929688,64.12999725341797,63.099998474121094,63.59000015258789,5194
2015-06-23,63.58000183105469,63.58000183105469,64.05000305175781,62.97999954223633,64.0,3434
2015-06-24,63.7599983215332,63.7599983215332,64.33999633789062,62.5,63.25,159
2015-06-25,64.87999725341797,64.87999725341797,65.08999633789062,64.27999877929688,64.27999877929688,26
2015-06-26,67.16000366210938,67.16000366210938,67.0,65.56999969482422,65.56999969482422,21
2015-06-29,66.80000305175781,66.80000305175781,67.37999725341797,66.9000015258789,67.0999984741211,33
2015-06-30,67.51000213623047,67.51000213623047,65.8499984741211,64.94999694824219,64.94999694824219,14
2015-07-01,66.08999633789062,66.08999633789062,67.01000213623047,67.01000213623047,67.01000213623047,1
2015-07-02,66.36000061035156,66.36000061035156,67.52999877929688,67.5199966430664,67.5199966430664,3
2015-07-06,66.43000030517578,66.43000030517578,66.94999694824219,66.94000244140625,66.94999694824219,4
2015-07-07,65.52999877929688,65.52999877929688,65.47000122070312,65.0,65.37999725341797,10
2015-07-08,64.58999633789062,64.58999633789062,64.58999633789062,64.58999633789062,64.58999633789062,2
2015-07-09,64.83000183105469,64.83000183105469,64.83000183105469,64.83000183105469,64.83000183105469,24
2015-07-10,65.51000213623047,65.51000213623047,67.0,65.55999755859375,66.16999816894531,16
2015-07-13,65.7300033569336,65.7300033569336,65.75,65.30000305175781,65.51000213623047,11
2015-07-14,66.16999816894531,66.16999816894531,66.0999984741211,65.5,65.51000213623047,61
2015-07-15,65.31999969482422,65.31999969482422,66.16999816894531,65.0,65.9800033569336,29
2015-07-16,65.30000305175781,65.30000305175781,65.51000213623047,64.87000274658203,65.51000213623047,18
2015-07-17,65.87000274658203,65.87000274658203,65.91000366210938,65.30000305175781,65.30000305175781,33
2015-07-20,65.8499984741211,65.8499984741211,66.72000122070312,65.08999633789062,65.56999969482422,41
2015-07-21,65.4000015258789,65.4000015258789,65.69000244140625,65.69000244140625,65.69000244140625,3
2015-07-22,65.63999938964844,65.63999938964844,65.72000122070312,65.04000091552734,65.33999633789062,10
2015-07-23,65.91999816894531,65.91999816894531,66.25,65.4000015258789,65.5999984741211,17
2015-07-24,65.83999633789062,65.83999633789062,66.08000183105469,65.62999725341797,66.08000183105469,6
2015-07-27,64.30999755859375,64.30999755859375,65.83999633789062,64.02999877929688,65.83999633789062,62
2015-07-28,64.37999725341797,64.37999725341797,64.58999633789062,63.29999923706055,64.12999725341797,88
2015-07-29,63.88999938964844,63.88999938964844,64.19999694824219,63.709999084472656,64.12999725341797,19
2015-07-30,63.65999984741211,63.65999984741211,64.20999908447266,63.88999938964844,63.88999938964844,5
2015-07-31,64.01000213623047,64.01000213623047,64.33999633789062,63.40999984741211,63.5099983215332,16
2015-08-03,65.36000061035156,65.36000061035156,65.5,63.310001373291016,64.05999755859375,311
2015-08-04,64.91000366210938,64.91000366210938,65.48999786376953,65.01000213623047,65.25,10
2015-08-05,64.75,64.75,65.0199966430664,64.81999969482422,65.0199966430664,6
2015-08-06,63.5,63.5,64.75,63.5099983215332,64.75,49
2015-08-07,62.77000045776367,62.77000045776367,63.40999984741211,62.689998626708984,63.40999984741211,36
2015-08-10,63.119998931884766,63.119998931884766,63.5,62.400001525878906,62.77000045776367,32
2015-08-11,62.709999084472656,62.709999084472656,63.119998931884766,62.72999954223633,63.119998931884766,9
2015-08-12,65.70999908447266,65.70999908447266,65.70999908447266,61.77000045776367,62.709999084472656,103
2015-08-13,67.1500015258789,67.1500015258789,67.9000015258789,65.70999908447266,65.8499984741211,86
2015-08-14,67.16000366210938,67.16000366210938,67.68000030517578,66.91999816894531,67.41000366210938,15
2015-08-17,67.9800033569336,67.9800033569336,68.30000305175781,67.29000091552734,67.37999725341797,21
2015-08-18,67.93000030517578,67.93000030517578,68.0,67.31999969482422,67.69000244140625,15
2015-08-19,67.36000061035156,67.36000061035156,67.88999938964844,66.75,67.76000213623047,21
2015-08-20,67.66000366210938,67.66000366210938,67.72000122070312,67.0,67.44000244140625,9
2015-08-21,67.63999938964844,67.63999938964844,67.11000061035156,67.0199966430664,67.11000061035156,3
2015-08-24,64.63999938964844,64.63999938964844,66.70999908447266,64.63999938964844,66.70999908447266,18
2015-08-25,63.7599983215332,63.7599983215332,64.63999938964844,63.209999084472656,64.44999694824219,11
2015-08-26,62.560001373291016,62.560001373291016,63.209999084472656,62.310001373291016,63.209999084472656,13
2015-08-27,63.83000183105469,63.83000183105469,63.189998626708984,63.060001373291016,63.060001373291016,4
2015-08-28,63.75,63.75,64.23999786376953,63.7400016784668,63.83000183105469,8
2015-08-31,63.7400016784668,63.7400016784668,64.0999984741211,64.0999984741211,64.0999984741211,1
2015-09-01,63.58000183105469,63.58000183105469,63.72999954223633,63.36000061035156,63.650001525878906,5
2015-09-02,63.18000030517578,63.18000030517578,63.0,62.779998779296875,62.83000183105469,3
2015-09-03,63.119998931884766,63.119998931884766,63.279998779296875,62.900001525878906,62.900001525878906,5
2015-09-04,63.06999969482422,63.06999969482422,63.0,62.5,62.5,9
2015-09-08,63.290000915527344,63.290000915527344,62.5,62.5,62.5,2
2015-09-09,63.31999969482422,63.31999969482422,63.939998626708984,63.150001525878906,63.150001525878906,3
2015-09-10,63.47999954223633,63.47999954223633,63.720001220703125,63.25,63.720001220703125,4
2015-09-11,64.08999633789062,64.08999633789062,65.02999877929688,62.380001068115234,63.34000015258789,19
2015-09-14,63.5099983215332,63.5099983215332,64.44000244140625,63.5099983215332,64.23999786376953,6
2015-09-15,62.81999969482422,62.81999969482422,63.45000076293945,62.45000076293945,63.45000076293945,11
2015-09-16,62.380001068115234,62.380001068115234,63.349998474121094,62.290000915527344,63.349998474121094,15
2015-09-17,61.83000183105469,61.83000183105469,62.310001373291016,61.310001373291016,62.310001373291016,13
2015-09-18,59.849998474121094,59.849998474121094,61.79999923706055,59.529998779296875,61.79999923706055,20
2015-09-21,59.75,59.75,60.40999984741211,59.15999984741211,59.2599983215332,19
2015-09-22,58.72999954223633,58.72999954223633,60.68000030517578,58.56999969482422,60.0,66
2015-09-23,58.70000076293945,58.70000076293945,59.58000183105469,58.47999954223633,58.75,14
2015-09-24,59.040000915527344,59.040000915527344,59.040000915527344,59.040000915527344,59.040000915527344,14
2015-09-25,59.63999938964844,59.63999938964844,60.209999084472656,60.209999084472656,60.209999084472656,1
2015-09-28,59.79999923706055,59.79999923706055,60.310001373291016,60.29999923706055,60.29999923706055,8
2015-09-29,60.04999923706055,60.04999923706055,60.04999923706055,60.04999923706055,60.04999923706055,8
2015-09-30,59.4900016784668,59.4900016784668,59.4900016784668,59.4900016784668,59.4900016784668,8
2015-10-01,59.650001525878906,59.650001525878906,59.650001525878906,59.650001525878906,59.650001525878906,8
2015-10-02,59.20000076293945,59.20000076293945,59.20000076293945,59.20000076293945,59.20000076293945,0
2015-10-05,60.93000030517578,60.93000030517578,60.93000030517578,60.93000030517578,60.93000030517578,1
2015-10-06,61.13999938964844,61.13999938964844,61.13999938964844,61.13999938964844,61.13999938964844,7
2015-10-07,61.939998626708984,61.939998626708984,61.93000030517578,61.90999984741211,61.90999984741211,7
2015-10-08,61.61000061035156,61.61000061035156,61.61000061035156,61.61000061035156,61.61000061035156,12617
2015-10-09,61.61000061035156,61.61000061035156,62.2400016784668,60.970001220703125,61.58000183105469,11195
2015-10-12,61.689998626708984,61.689998626708984,62.189998626708984,61.5099983215332,61.81999969482422,34360
2015-10-13,63.86000061035156,63.86000061035156,64.16000366210938,61.529998779296875,61.650001525878906,17317
2015-10-14,63.7599983215332,63.7599983215332,64.08000183105469,63.40999984741211,63.86000061035156,13481
2015-10-15,63.439998626708984,63.439998626708984,63.7599983215332,63.150001525878906,63.75,13481
2015-10-16,63.849998474121094,63.849998474121094,63.95000076293945,62.869998931884766,63.54999923706055,13521
2015-10-19,63.2400016784668,63.2400016784668,64.06999969482422,62.959999084472656,63.95000076293945,9200
2015-10-20,63.779998779296875,63.779998779296875,63.869998931884766,63.15999984741211,63.470001220703125,21090
2015-10-21,64.2300033569336,64.2300033569336,64.66000366210938,63.650001525878906,63.650001525878906,23118
2015-10-22,62.52000045776367,62.52000045776367,64.69000244140625,62.369998931884766,64.2300033569336,23118
2015-10-23,62.7599983215332,62.7599983215332,63.06999969482422,62.41999816894531,62.75,14207
2015-10-26,62.130001068115234,62.130001068115234,62.75,61.90999984741211,62.68000030517578,11875
2015-10-27,62.34000015258789,62.34000015258789,63.18000030517578,62.18000030517578,62.36000061035156,9990
2015-10-28,62.66999816894531,62.66999816894531,62.900001525878906,62.20000076293945,62.34000015258789,13095
2015-10-29,62.31999969482422,62.31999969482422,62.91999816894531,62.15999984741211,62.689998626708984,13095
2015-10-30,63.31999969482422,63.31999969482422,63.439998626708984,62.36000061035156,62.36000061035156,17159
2015-11-02,63.290000915527344,63.290000915527344,63.439998626708984,62.13999938964844,63.34000015258789,19523
2015-11-03,62.56999969482422,62.56999969482422,63.849998474121094,62.52000045776367,63.369998931884766,28525
2015-11-04,61.939998626708984,61.939998626708984,62.88999938964844,61.79999923706055,62.63999938964844,16099
2015-11-05,61.95000076293945,61.95000076293945,62.29999923706055,61.7599983215332,62.130001068115234,16099
2015-11-06,61.65999984741211,61.65999984741211,62.20000076293945,61.650001525878906,62.130001068115234,24812
2015-11-09,61.900001525878906,61.900001525878906,62.06999969482422,61.61000061035156,61.869998931884766,27620
2015-11-10,61.93000030517578,61.93000030517578,62.90999984741211,61.61000061035156,61.939998626708984,18490
2015-11-11,62.18000030517578,62.18000030517578,62.59000015258789,61.869998931884766,61.939998626708984,23749
2015-11-12,61.84000015258789,61.84000015258789,62.470001220703125,61.720001220703125,62.18000030517578,23749
2015-11-13,61.68000030517578,61.68000030517578,62.02000045776367,61.36000061035156,61.84000015258789,21637
2015-11-16,61.7400016784668,61.7400016784668,62.849998474121094,61.2599983215332,61.58000183105469,11525
2015-11-17,61.529998779296875,61.529998779296875,62.25,61.439998626708984,61.880001068115234,6027
2015-11-18,61.52000045776367,61.52000045776367,61.95000076293945,61.4900016784668,61.599998474121094,6009
2015-11-19,61.58000183105469,61.58000183105469,62.220001220703125,61.52000045776367,61.54999923706055,6009
2015-11-20,60.040000915527344,60.040000915527344,61.97999954223633,59.81999969482422,61.790000915527344,627
2015-11-23,60.15999984741211,60.15999984741211,60.95000076293945,59.720001220703125,59.9900016784668,69
2015-11-24,60.599998474121094,60.599998474121094,60.88999938964844,60.400001525878906,60.4900016784668,69
2015-11-25,61.97999954223633,61.97999954223633,62.34000015258789,60.75,60.75,23
2015-11-27,62.630001068115234,62.630001068115234,62.75,62.4900016784668,62.75,26
2015-11-30,61.29999923706055,61.29999923706055,62.45000076293945,61.470001220703125,62.45000076293945,7
2015-12-01,62.20000076293945,62.20000076293945,62.209999084472656,60.040000915527344,60.040000915527344,14
2015-12-02,62.11000061035156,62.11000061035156,62.209999084472656,62.0099983215332,62.209999084472656,6
2015-12-03,61.86000061035156,61.86000061035156,62.650001525878906,60.43000030517578,61.0,6
2015-12-04,63.22999954223633,63.22999954223633,62.79999923706055,62.779998779296875,62.779998779296875,23
2015-12-07,62.400001525878906,62.400001525878906,63.4900016784668,61.29999923706055,63.25,23
2015-12-08,62.27000045776367,62.27000045776367,62.27000045776367,62.27000045776367,62.27000045776367,21955
2015-12-09,64.80999755859375,64.80999755859375,65.2300033569336,64.02999877929688,64.44000244140625,19836
2015-12-10,63.77000045776367,63.77000045776367,64.83999633789062,63.58000183105469,64.80999755859375,19836
2015-12-11,63.709999084472656,63.709999084472656,63.90999984741211,63.43000030517578,63.77000045776367,15514
2015-12-14,63.380001068115234,63.380001068115234,63.90999984741211,62.97999954223633,63.810001373291016,12648
2015-12-15,63.310001373291016,63.310001373291016,64.0,63.029998779296875,63.380001068115234,11373
2015-12-16,63.25,63.25,63.619998931884766,63.060001373291016,63.279998779296875,13021
2015-12-17,62.9900016784668,62.9900016784668,63.45000076293945,62.869998931884766,63.25,13021
2015-12-18,63.689998626708984,63.689998626708984,63.93000030517578,62.95000076293945,62.9900016784668,10939
2015-12-21,63.31999969482422,63.31999969482422,64.16000366210938,63.16999816894531,63.81999969482422,7117
2015-12-22,63.15999984741211,63.15999984741211,63.70000076293945,63.060001373291016,63.31999969482422,11440
2015-12-23,62.77000045776367,62.77000045776367,63.369998931884766,62.75,63.15999984741211,11440
2015-12-24,63.65999984741211,63.65999984741211,63.939998626708984,62.72999954223633,62.81999969482422,12204
2015-12-28,63.970001220703125,63.970001220703125,64.44000244140625,63.38999938964844,63.65999984741211,9168
2015-12-29,63.869998931884766,63.869998931884766,64.25,63.81999969482422,64.0999984741211,6365
2015-12-30,63.970001220703125,63.970001220703125,64.13999938964844,63.779998779296875,63.869998931884766,6365
2015-12-31,63.279998779296875,63.279998779296875,63.90999984741211,63.04999923706055,63.90999984741211,22710
2016-01-04,62.61000061035156,62.61000061035156,63.54999923706055,62.5099983215332,63.279998779296875,11960
2016-01-05,62.68000030517578,62.68000030517578,62.86000061035156,62.5099983215332,62.59000015258789,24620
2016-01-06,62.0,62.0,62.68000030517578,61.86000061035156,62.61000061035156,29785
2016-01-07,61.43000030517578,61.43000030517578,62.189998626708984,61.209999084472656,61.90999984741211,29785
2016-01-08,61.400001525878906,61.400001525878906,61.900001525878906,61.310001373291016,61.52000045776367,21495
2016-01-11,61.5,61.5,62.279998779296875,61.150001525878906,61.400001525878906,19567
2016-01-12,61.59000015258789,61.59000015258789,62.279998779296875,61.45000076293945,61.5,15722
2016-01-13,62.13999938964844,62.13999938964844,62.43000030517578,61.5,61.5,14959
2016-01-14,61.900001525878906,61.900001525878906,62.459999084472656,61.75,62.02000045776367,14959
2016-01-15,61.40999984741211,61.40999984741211,62.02000045776367,61.34000015258789,61.90999984741211,26376
2016-01-19,62.470001220703125,62.470001220703125,62.93000030517578,61.29999923706055,61.400001525878906,17131
2016-01-20,61.970001220703125,61.970001220703125,62.459999084472656,61.52000045776367,62.45000076293945,13073
2016-01-21,62.09000015258789,62.09000015258789,62.45000076293945,61.75,61.970001220703125,13073
2016-01-22,62.45000076293945,62.45000076293945,62.75,62.04999923706055,62.09000015258789,17642
2016-01-25,61.599998474121094,61.599998474121094,62.4900016784668,61.40999984741211,62.369998931884766,23330
2016-01-26,61.40999984741211,61.40999984741211,61.75,60.959999084472656,61.45000076293945,18450
2016-01-27,60.86000061035156,60.86000061035156,61.470001220703125,60.70000076293945,61.349998474121094,19927
2016-01-28,61.36000061035156,61.36000061035156,61.52000045776367,60.66999816894531,60.86000061035156,19927
2016-01-29,61.130001068115234,61.130001068115234,61.88999938964844,60.7599983215332,61.34000015258789,23581
2016-02-01,61.790000915527344,61.790000915527344,62.0,60.849998474121094,60.849998474121094,26371
2016-02-02,62.29999923706055,62.29999923706055,62.5,61.4900016784668,61.61000061035156,22309
2016-02-03,61.939998626708984,61.939998626708984,62.59000015258789,61.77000045776367,62.13999938964844,32085
2016-02-04,60.22999954223633,60.22999954223633,61.88999938964844,59.9900016784668,61.88999938964844,32085
2016-02-05,59.970001220703125,59.970001220703125,60.59000015258789,59.83000183105469,60.25,31368
2016-02-08,59.599998474121094,59.599998474121094,60.119998931884766,58.75,59.95000076293945,31771
2016-02-09,58.63999938964844,58.63999938964844,59.75,58.25,59.56999969482422,27184
2016-02-10,58.880001068115234,58.880001068115234,58.939998626708984,58.349998474121094,58.619998931884766,33682
2016-02-11,58.41999816894531,58.41999816894531,59.029998779296875,57.849998474121094,58.880001068115234,33682
2016-02-12,58.900001525878906,58.900001525878906,59.15999984741211,58.150001525878906,58.349998474121094,25941
2016-02-16,59.849998474121094,59.849998474121094,60.439998626708984,58.959999084472656,59.0,11154
2016-02-17,59.869998931884766,59.869998931884766,60.29999923706055,59.54999923706055,59.72999954223633,11134
2016-02-18,59.90999984741211,59.90999984741211,60.84000015258789,59.689998626708984,59.790000915527344,11134
2016-02-19,60.0099983215332,60.0099983215332,60.41999816894531,59.79999923706055,60.099998474121094,6224
2016-02-22,57.7400016784668,57.7400016784668,60.650001525878906,57.400001525878906,60.040000915527344,265
2016-02-23,58.16999816894531,58.16999816894531,60.0,58.0,58.75,15
2016-02-24,57.70000076293945,57.70000076293945,58.209999084472656,57.15999984741211,58.189998626708984,15
2016-02-25,58.15999984741211,58.15999984741211,58.06999969482422,57.970001220703125,58.0099983215332,15
2016-02-26,57.91999816894531,57.91999816894531,58.310001373291016,58.040000915527344,58.060001373291016,11
2016-02-29,58.0099983215332,58.0099983215332,58.36000061035156,56.970001220703125,58.36000061035156,12
2016-03-01,58.25,58.25,58.400001525878906,56.97999954223633,58.2599983215332,14
2016-03-02,58.040000915527344,58.040000915527344,59.31999969482422,58.84000015258789,58.84000015258789,14
2016-03-03,58.41999816894531,58.41999816894531,58.75,58.65999984741211,58.65999984741211,6
2016-03-04,58.93000030517578,58.93000030517578,58.93000030517578,58.93000030517578,58.93000030517578,6
2016-03-07,58.91999816894531,58.91999816894531,60.380001068115234,59.20000076293945,59.27000045776367,43
2016-03-08,58.209999084472656,58.209999084472656,58.209999084472656,58.209999084472656,58.209999084472656,12235
2016-03-09,56.59000015258789,56.59000015258789,56.900001525878906,56.0,56.84000015258789,16081
2016-03-10,56.83000183105469,56.83000183105469,56.9900016784668,55.65999984741211,56.630001068115234,19997
2016-03-11,57.150001525878906,57.150001525878906,57.45000076293945,56.4900016784668,56.560001373291016,14839
2016-03-14,58.290000915527344,58.290000915527344,58.369998931884766,57.150001525878906,57.150001525878906,16431
2016-03-15,58.2400016784668,58.2400016784668,58.4900016784668,58.0,58.29999923706055,14671
2016-03-16,58.31999969482422,58.31999969482422,58.5099983215332,57.52000045776367,58.0,13075
2016-03-17,58.36000061035156,58.36000061035156,58.88999938964844,58.220001220703125,58.369998931884766,13033
2016-03-18,57.15999984741211,57.15999984741211,58.54999923706055,56.81999969482422,58.36000061035156,16803
2016-03-21,58.16999816894531,58.16999816894531,58.58000183105469,57.060001373291016,57.099998474121094,15255
2016-03-22,58.369998931884766,58.369998931884766,58.439998626708984,57.619998931884766,58.029998779296875,9404
2016-03-23,58.38999938964844,58.38999938964844,58.58000183105469,57.95000076293945,58.369998931884766,10193
2016-03-24,57.720001220703125,57.720001220703125,58.310001373291016,57.33000183105469,58.2599983215332,14117
2016-03-28,57.79999923706055,57.79999923706055,57.9900016784668,57.20000076293945,57.63999938964844,9276
2016-03-29,57.380001068115234,57.380001068115234,57.939998626708984,57.220001220703125,57.939998626708984,9398
2016-03-30,57.66999816894531,57.66999816894531,57.91999816894531,57.279998779296875,57.290000915527344,15717
2016-03-31,58.439998626708984,58.439998626708984,58.59000015258789,57.0099983215332,57.5099983215332,23174
2016-04-01,59.20000076293945,59.20000076293945,59.38999938964844,58.150001525878906,58.2599983215332,24099
2016-04-04,58.959999084472656,58.959999084472656,59.47999954223633,58.72999954223633,59.290000915527344,18583
2016-04-05,58.900001525878906,58.900001525878906,59.18000030517578,58.540000915527344,58.959999084472656,12698
2016-04-06,58.75,58.75,59.279998779296875,58.650001525878906,58.849998474121094,12425
2016-04-07,59.029998779296875,59.029998779296875,59.369998931884766,58.560001373291016,58.779998779296875,25924
2016-04-08,60.06999969482422,60.06999969482422,60.58000183105469,59.04999923706055,59.220001220703125,32550
2016-04-11,60.709999084472656,60.709999084472656,60.83000183105469,60.279998779296875,60.439998626708984,26295
2016-04-12,61.5099983215332,61.5099983215332,61.849998474121094,60.16999816894531,60.900001525878906,32962
2016-04-13,61.630001068115234,61.630001068115234,62.369998931884766,61.310001373291016,61.61000061035156,29080
2016-04-14,60.63999938964844,60.63999938964844,61.91999816894531,59.93000030517578,61.709999084472656,22590
2016-04-15,60.029998779296875,60.029998779296875,60.560001373291016,59.16999816894531,60.099998474121094,19734
2016-04-18,62.150001525878906,62.150001525878906,62.16999816894531,59.61000061035156,59.79999923706055,14895
2016-04-19,62.689998626708984,62.689998626708984,63.11000061035156,61.5,62.15999984741211,7123
2016-04-20,63.79999923706055,63.79999923706055,64.37999725341797,61.81999969482422,62.75,4732
2016-04-21,63.4900016784668,63.4900016784668,64.2699966430664,62.75,63.9900016784668,3787
2016-04-22,63.08000183105469,63.08000183105469,64.41999816894531,62.20000076293945,63.68000030517578,3961
2016-04-25,64.7699966430664,64.7699966430664,65.94000244140625,63.150001525878906,63.88999938964844,262
2016-04-26,63.459999084472656,63.459999084472656,64.98999786376953,63.45000076293945,64.98999786376953,92
2016-04-27,64.06999969482422,64.06999969482422,63.83000183105469,63.43000030517578,63.790000915527344,46
2016-04-28,63.689998626708984,63.689998626708984,63.70000076293945,63.43000030517578,63.45000076293945,7
2016-04-29,63.7599983215332,63.7599983215332,63.5099983215332,63.2599983215332,63.5099983215332,17
2016-05-02,64.36000061035156,64.36000061035156,64.36000061035156,64.36000061035156,64.36000061035156,17
2016-05-03,63.04999923706055,63.04999923706055,62.619998931884766,62.5,62.619998931884766,48
2016-05-04,62.16999816894531,62.16999816894531,62.5,62.5,62.5,5
2016-05-05,61.630001068115234,61.630001068115234,62.5,61.810001373291016,62.5,9
2016-05-06,61.630001068115234,61.630001068115234,62.0,62.0,62.0,13453
2016-05-09,61.33000183105469,61.33000183105469,62.060001373291016,61.18000030517578,61.810001373291016,17289
2016-05-10,60.900001525878906,60.900001525878906,61.970001220703125,60.599998474121094,61.540000915527344,25523
2016-05-11,60.599998474121094,60.599998474121094,61.75,60.54999923706055,61.060001373291016,21782
2016-05-12,60.72999954223633,60.72999954223633,61.369998931884766,60.54999923706055,60.650001525878906,18753
2016-05-13,60.619998931884766,60.619998931884766,61.040000915527344,60.25,60.65999984741211,15887
2016-05-16,60.9900016784668,60.9900016784668,61.52000045776367,60.619998931884766,60.68000030517578,14579
2016-05-17,62.20000076293945,62.20000076293945,62.5,61.0,61.0,20819
2016-05-18,62.04999923706055,62.04999923706055,62.880001068115234,61.400001525878906,62.09000015258789,16864
2016-05-19,61.06999969482422,61.06999969482422,62.150001525878906,60.599998474121094,62.099998474121094,19268
2016-05-20,61.66999816894531,61.66999816894531,62.06999969482422,61.06999969482422,61.220001220703125,12922
2016-05-23,61.45000076293945,61.45000076293945,61.83000183105469,61.099998474121094,61.66999816894531,10702
2016-05-24,63.0099983215332,63.0099983215332,63.20000076293945,61.150001525878906,61.380001068115234,26363
2016-05-25,62.900001525878906,62.900001525878906,63.41999816894531,62.369998931884766,63.04999923706055,14261
2016-05-26,64.33000183105469,64.33000183105469,64.55000305175781,62.849998474121094,62.88999938964844,25673
2016-05-27,64.27999877929688,64.27999877929688,64.58999633789062,63.58000183105469,64.33000183105469,0
2016-05-31,63.939998626708984,63.939998626708984,64.45999908447266,62.900001525878906,64.27999877929688,18683
2016-06-01,63.16999816894531,63.16999816894531,64.08000183105469,62.939998626708984,64.08000183105469,21251
2016-06-02,62.869998931884766,62.869998931884766,63.66999816894531,62.810001373291016,63.16999816894531,16995
2016-06-03,63.91999816894531,63.91999816894531,64.11000061035156,63.060001373291016,63.22999954223633,20000
2016-06-06,65.55000305175781,65.55000305175781,65.9000015258789,63.810001373291016,63.849998474121094,30604
2016-06-07,65.8499984741211,65.8499984741211,66.16000366210938,65.19999694824219,65.55999755859375,30693
2016-06-08,65.77999877929688,65.77999877929688,66.5,65.5,65.86000061035156,29558
2016-06-09,64.95999908447266,64.95999908447266,65.66999816894531,64.45999908447266,65.66999816894531,19792
2016-06-10,64.75,64.75,65.51000213623047,64.4800033569336,65.05000305175781,22770
2016-06-13,63.790000915527344,63.790000915527344,66.25,63.709999084472656,65.02999877929688,21498
2016-06-14,63.040000915527344,63.040000915527344,63.790000915527344,62.58000183105469,63.790000915527344,19664
2016-06-15,62.599998474121094,62.599998474121094,63.4900016784668,62.52000045776367,63.220001220703125,13954
2016-06-16,63.29999923706055,63.29999923706055,63.77000045776367,62.29999923706055,62.720001220703125,10404
2016-06-17,64.56999969482422,64.56999969482422,65.0999984741211,63.11000061035156,63.27000045776367,8268
2016-06-20,64.38999938964844,64.38999938964844,65.3499984741211,63.939998626708984,64.55000305175781,4391
2016-06-21,62.849998474121094,62.849998474121094,64.69000244140625,62.45000076293945,64.55999755859375,5816
2016-06-22,62.939998626708984,62.939998626708984,63.45000076293945,62.529998779296875,62.83000183105469,3682
2016-06-23,64.87999725341797,64.87999725341797,65.44999694824219,62.91999816894531,62.939998626708984,3490
2016-06-24,64.5,64.5,64.94000244140625,63.70000076293945,63.900001525878906,358
2016-06-27,63.47999954223633,63.47999954223633,65.48999786376953,63.290000915527344,65.48999786376953,487
2016-06-28,64.66000366210938,64.66000366210938,65.0,64.36000061035156,64.36000061035156,10
2016-06-29,64.5,64.5,64.76000213623047,64.76000213623047,64.76000213623047,1
2016-06-30,62.81999969482422,62.81999969482422,63.08000183105469,63.08000183105469,63.08000183105469,1
2016-07-01,63.619998931884766,63.619998931884766,63.619998931884766,63.619998931884766,63.619998931884766,1
2016-07-05,63.75,63.75,62.91999816894531,62.91999816894531,62.91999816894531,47
2016-07-06,63.779998779296875,63.779998779296875,63.540000915527344,63.400001525878906,63.400001525878906,2
2016-07-07,63.66999816894531,63.66999816894531,63.66999816894531,63.66999816894531,63.66999816894531,13
2016-07-08,65.91999816894531,65.91999816894531,66.69999694824219,64.8499984741211,64.8499984741211,19
2016-07-11,68.13999938964844,68.13999938964844,68.1500015258789,66.37000274658203,66.37000274658203,71
2016-07-12,71.13999938964844,71.13999938964844,71.13999938964844,67.9000015258789,68.26000213623047,54
2016-07-13,73.37999725341797,73.37999725341797,75.13999938964844,71.5,71.5,156
2016-07-14,73.81999969482422,73.81999969482422,74.62000274658203,72.38999938964844,73.13999938964844,53
2016-07-15,73.86000061035156,73.86000061035156,74.51000213623047,73.33999633789062,73.33999633789062,70
2016-07-18,73.62999725341797,73.62999725341797,74.44000244140625,73.55000305175781,73.66999816894531,31
2016-07-19,72.95999908447266,72.95999908447266,73.94000244140625,72.47000122070312,73.54000091552734,13
2016-07-20,71.94999694824219,71.94999694824219,72.91999816894531,71.16999816894531,72.91999816894531,33
2016-07-21,72.66000366210938,72.66000366210938,73.47000122070312,71.77999877929688,71.87999725341797,30
2016-07-22,72.5199966430664,72.5199966430664,72.75,71.72000122070312,72.75,24
2016-07-25,72.12000274658203,72.12000274658203,72.58999633789062,71.69999694824219,72.4800033569336,17
2016-07-26,73.62999725341797,73.62999725341797,74.41999816894531,72.4800033569336,72.4800033569336,24
2016-07-27,73.83000183105469,73.83000183105469,75.0,73.31999969482422,74.52999877929688,71
2016-07-28,73.0199966430664,73.0199966430664,73.8499984741211,71.37000274658203,73.8499984741211,46
2016-07-29,74.16000366210938,74.16000366210938,74.0,71.76000213623047,72.69000244140625,20
2016-08-01,74.16999816894531,74.16999816894531,74.91000366210938,73.9800033569336,74.16000366210938,72
2016-08-02,73.66999816894531,73.66999816894531,74.23999786376953,72.94000244140625,74.23999786376953,69
2016-08-03,73.83999633789062,73.83999633789062,73.81999969482422,73.19999694824219,73.66999816894531,17
2016-08-04,75.86000061035156,75.86000061035156,76.16000366210938,73.52999877929688,73.52999877929688,67
2016-08-05,76.63999938964844,76.63999938964844,77.80000305175781,75.61000061035156,76.16000366210938,82
2016-08-08,76.05999755859375,76.05999755859375,77.0999984741211,75.98999786376953,77.01000213623047,28
2016-08-09,73.05999755859375,73.05999755859375,74.5,73.05999755859375,74.5,58
2016-08-10,71.16000366210938,71.16000366210938,72.27999877929688,71.0199966430664,72.0,53
2016-08-11,71.2699966430664,71.2699966430664,71.7699966430664,70.75,71.16000366210938,56
2016-08-12,69.87999725341797,69.87999725341797,71.88999938964844,69.80000305175781,71.30999755859375,45
2016-08-15,68.08999633789062,68.08999633789062,70.5199966430664,68.01000213623047,70.4800033569336,51
2016-08-16,68.01000213623047,68.01000213623047,68.08999633789062,66.2300033569336,68.08999633789062,51
2016-08-17,68.36000061035156,68.36000061035156,68.95999908447266,68.2300033569336,68.61000061035156,59
2016-08-18,68.5,68.5,69.55000305175781,68.37000274658203,68.37000274658203,23
2016-08-19,67.56999969482422,67.56999969482422,68.61000061035156,67.29000091552734,68.61000061035156,47
2016-08-22,67.91999816894531,67.91999816894531,68.56999969482422,67.1500015258789,67.1500015258789,27
2016-08-23,68.12000274658203,68.12000274658203,68.68000030517578,68.18000030517578,68.56999969482422,13
2016-08-24,67.41000366210938,67.41000366210938,68.08000183105469,67.30000305175781,68.08000183105469,15
2016-08-25,67.75,67.75,68.08000183105469,67.08000183105469,67.08000183105469,5
2016-08-26,67.70999908447266,67.70999908447266,68.44999694824219,67.87000274658203,67.87000274658203,13
2016-08-29,66.69000244140625,66.69000244140625,67.08999633789062,66.45999908447266,67.0,19
2016-08-30,65.97000122070312,65.97000122070312,66.2699966430664,65.72000122070312,66.2699966430664,11
2016-08-31,65.31999969482422,65.31999969482422,65.69999694824219,65.22000122070312,65.22000122070312,10
2016-09-01,68.01000213623047,68.01000213623047,68.08000183105469,65.98999786376953,66.0,28
2016-09-02,67.51000213623047,67.51000213623047,68.02999877929688,67.0999984741211,67.9000015258789,0
2016-09-06,69.05999755859375,69.05999755859375,69.12999725341797,67.52999877929688,67.52999877929688,33
2016-09-07,69.52999877929688,69.52999877929688,69.08000183105469,68.7300033569336,69.0199966430664,22
2016-09-08,69.25,69.25,69.29000091552734,68.91000366210938,69.19999694824219,18
2016-09-09,68.87999725341797,68.87999725341797,68.98999786376953,68.0199966430664,68.98999786376953,19
2016-09-12,66.97000122070312,66.97000122070312,69.12000274658203,66.87000274658203,68.9000015258789,179
2016-09-13,67.19999694824219,67.19999694824219,67.27999877929688,66.47000122070312,67.25,32
2016-09-14,68.08000183105469,68.08000183105469,67.79000091552734,67.79000091552734,67.79000091552734,1
2016-09-15,68.37999725341797,68.37999725341797,68.3499984741211,67.58000183105469,67.62000274658203,8
2016-09-16,67.73999786376953,67.73999786376953,68.5,67.61000061035156,68.48999786376953,8
2016-09-19,68.9800033569336,68.9800033569336,69.4800033569336,69.0999984741211,69.16000366210938,9
2016-09-20,70.81999969482422,70.81999969482422,69.5,68.48999786376953,68.48999786376953,13
2016-09-21,71.80999755859375,71.80999755859375,71.76000213623047,70.36000061035156,70.48999786376953,10
2016-09-22,71.16999816894531,71.16999816894531,72.18000030517578,71.05000305175781,72.0999984741211,168
2016-09-23,69.08000183105469,69.08000183105469,70.70999908447266,68.19000244140625,70.70999908447266,106
2016-09-26,69.16000366210938,69.16000366210938,69.83999633789062,69.3499984741211,69.3499984741211,6
2016-09-27,69.38999938964844,69.38999938964844,69.38999938964844,69.38999938964844,69.38999938964844,6
2016-09-28,68.12999725341797,68.12999725341797,68.12999725341797,68.12999725341797,68.12999725341797,6
2016-09-29,67.94999694824219,67.94999694824219,67.80000305175781,67.80000305175781,67.80000305175781,2
2016-09-30,68.29000091552734,68.29000091552734,68.29000091552734,68.29000091552734,68.29000091552734,2
2016-10-03,68.7300033569336,68.7300033569336,68.7300033569336,68.7300033569336,68.7300033569336,2
2016-10-04,69.87999725341797,69.87999725341797,69.87999725341797,69.87999725341797,69.87999725341797,2
2016-10-05,68.02999877929688,68.02999877929688,68.02999877929688,68.02999877929688,68.02999877929688,2
2016-10-06,67.70999908447266,67.70999908447266,68.12000274658203,68.12000274658203,68.12000274658203,4
2016-10-07,67.19000244140625,67.19000244140625,67.19000244140625,67.19000244140625,67.19000244140625,13571
2016-10-11,67.13999938964844,67.13999938964844,68.04000091552734,67.0199966430664,67.69999694824219,13367
2016-10-12,68.97000122070312,68.97000122070312,69.79000091552734,66.76000213623047,67.13999938964844,32011
2016-10-13,69.30999755859375,69.30999755859375,70.05000305175781,68.4000015258789,68.70999908447266,18468
2016-10-14,70.56999969482422,70.56999969482422,70.73999786376953,69.30999755859375,69.5999984741211,16639
2016-10-17,71.19000244140625,71.19000244140625,71.26000213623047,69.8499984741211,70.48999786376953,17697
2016-10-18,71.1500015258789,71.1500015258789,71.69999694824219,70.66999816894531,71.23999786376953,17765
2016-10-19,71.0999984741211,71.0999984741211,71.2699966430664,70.22000122070312,71.16999816894531,14870
2016-10-20,69.80000305175781,69.80000305175781,71.79000091552734,68.94999694824219,71.11000061035156,23410
2016-10-21,69.06999969482422,69.06999969482422,69.91000366210938,68.61000061035156,69.80000305175781,14234
2016-10-24,68.7699966430664,68.7699966430664,69.19000244140625,68.52999877929688,68.95999908447266,11938
2016-10-25,68.48999786376953,68.48999786376953,69.13999938964844,68.08000183105469,69.13999938964844,14410
2016-10-26,69.26000213623047,69.26000213623047,69.87999725341797,68.22000122070312,68.2300033569336,18598
2016-10-27,69.76000213623047,69.76000213623047,70.0,68.77999877929688,69.05000305175781,13591
2016-10-28,70.81999969482422,70.81999969482422,71.08999633789062,69.25,69.61000061035156,16853
2016-10-31,68.86000061035156,68.86000061035156,70.8499984741211,68.73999786376953,70.72000122070312,22346
2016-11-01,68.19999694824219,68.19999694824219,68.91999816894531,68.0999984741211,68.76000213623047,21303
2016-11-02,68.5999984741211,68.5999984741211,68.77999877929688,68.06999969482422,68.25,16883
2016-11-03,68.06999969482422,68.06999969482422,69.19000244140625,67.81999969482422,68.55999755859375,22862
2016-11-04,68.52999877929688,68.52999877929688,69.04000091552734,67.69999694824219,68.0,15211
2016-11-07,68.44999694824219,68.44999694824219,69.47000122070312,68.05999755859375,68.12999725341797,29296
2016-11-08,68.75,68.75,70.11000061035156,68.19000244140625,68.54000091552734,32036
2016-11-09,68.29000091552734,68.29000091552734,69.29000091552734,67.87000274658203,68.58000183105469,30563
2016-11-10,69.19999694824219,69.19999694824219,69.79000091552734,68.16000366210938,68.29000091552734,40751
2016-11-14,68.9000015258789,68.9000015258789,69.01000213623047,67.97000122070312,68.5,17564
2016-11-15,70.69000244140625,70.69000244140625,71.33999633789062,69.08999633789062,69.0999984741211,20454
2016-11-16,72.12999725341797,72.12999725341797,72.27999877929688,70.37000274658203,70.66000366210938,11319
2016-11-17,73.37999725341797,73.37999725341797,73.48999786376953,70.9800033569336,72.26000213623047,8212
2016-11-18,73.4000015258789,73.4000015258789,73.62000274658203,72.66999816894531,73.5,6004
2016-11-21,73.5999984741211,73.5999984741211,73.70999908447266,73.11000061035156,73.25,6364
2016-11-22,73.72000122070312,73.72000122070312,73.8499984741211,72.79000091552734,73.5999984741211,6605
2016-11-23,73.08000183105469,73.08000183105469,73.55000305175781,72.0,73.30000305175781,0
2016-11-25,72.6500015258789,72.6500015258789,72.80000305175781,71.95999908447266,72.18000030517578,155
2016-11-28,73.2699966430664,73.2699966430664,73.31999969482422,72.01000213623047,72.01000213623047,83
2016-11-29,72.37999725341797,72.37999725341797,73.5,72.25,73.5,157
2016-11-30,72.45999908447266,72.45999908447266,72.62000274658203,72.13999938964844,72.62000274658203,291
2016-12-01,71.80000305175781,71.80000305175781,73.0,71.80000305175781,72.5,226
2016-12-02,71.9800033569336,71.9800033569336,72.5,71.29000091552734,71.5999984741211,56
2016-12-05,72.30999755859375,72.30999755859375,72.5,72.41000366210938,72.5,54
2016-12-06,72.38999938964844,72.38999938964844,72.5,71.7300033569336,72.47000122070312,86
2016-12-07,72.11000061035156,72.11000061035156,72.11000061035156,72.11000061035156,72.11000061035156,12163
2016-12-08,71.41999816894531,71.41999816894531,71.94999694824219,70.9000015258789,71.05000305175781,16269
2016-12-09,70.80000305175781,70.80000305175781,71.80999755859375,70.30000305175781,71.25,16199
2016-12-12,71.69000244140625,71.69000244140625,71.77999877929688,70.6500015258789,70.7699966430664,16427
2016-12-13,72.04000091552734,72.04000091552734,72.43000030517578,71.19000244140625,71.55000305175781,19279
2016-12-14,71.47000122070312,71.47000122070312,72.30000305175781,71.30999755859375,72.04000091552734,12087
2016-12-15,71.66999816894531,71.66999816894531,71.7699966430664,71.0999984741211,71.31999969482422,10507
2016-12-16,71.04000091552734,71.04000091552734,71.69000244140625,70.9000015258789,71.66000366210938,11852
2016-12-19,69.56999969482422,69.56999969482422,71.0,69.52999877929688,70.9000015258789,28062
2016-12-20,69.33999633789062,69.33999633789062,69.83999633789062,69.31999969482422,69.54000091552734,13966
2016-12-21,70.12999725341797,70.12999725341797,70.91999816894531,69.33999633789062,69.33999633789062,22467
2016-12-22,70.19999694824219,70.19999694824219,70.7699966430664,69.76000213623047,70.12999725341797,10518
2016-12-23,69.87000274658203,69.87000274658203,70.54000091552734,69.8499984741211,70.19000244140625,7551
2016-12-27,69.73999786376953,69.73999786376953,70.23999786376953,69.5199966430664,69.7699966430664,8108
2016-12-28,69.75,69.75,70.0,69.5999984741211,69.83000183105469,7756
2016-12-29,70.5,70.5,71.13999938964844,69.63999938964844,69.75,14684
2016-12-30,70.6500015258789,70.6500015258789,71.95999908447266,70.43000030517578,70.68000030517578,16443
2017-01-03,71.77999877929688,71.77999877929688,71.8499984741211,71.13999938964844,71.19000244140625,12604
2017-01-04,74.08000183105469,74.08000183105469,74.2300033569336,71.56999969482422,71.77999877929688,37372
2017-01-05,73.77999877929688,73.77999877929688,75.37000274658203,73.61000061035156,74.16999816894531,28247
2017-01-06,73.98999786376953,73.98999786376953,74.19000244140625,72.9000015258789,73.93000030517578,19467
2017-01-09,72.98999786376953,72.98999786376953,74.18000030517578,72.80999755859375,73.98999786376953,17978
2017-01-10,73.19000244140625,73.19000244140625,73.69999694824219,72.81999969482422,72.98999786376953,15295
2017-01-11,73.13999938964844,73.13999938964844,73.80999755859375,72.98999786376953,73.25,16131
2017-01-12,72.33999633789062,72.33999633789062,73.80000305175781,72.25,73.25,21926
2017-01-13,72.2699966430664,72.2699966430664,72.75,72.0,72.33999633789062,0
2017-01-17,72.11000061035156,72.11000061035156,72.87000274658203,71.80999755859375,72.2699966430664,16974
2017-01-18,72.26000213623047,72.26000213623047,72.55000305175781,72.0199966430664,72.12000274658203,12813
2017-01-19,72.69000244140625,72.69000244140625,73.29000091552734,72.2699966430664,72.38999938964844,13939
2017-01-20,73.04000091552734,73.04000091552734,73.43000030517578,72.72000122070312,72.86000061035156,12811
2017-01-23,74.62999725341797,74.62999725341797,74.94000244140625,73.02999877929688,73.13999938964844,25740
2017-01-24,73.56999969482422,73.56999969482422,75.0,72.52999877929688,74.63999938964844,30919
2017-01-25,73.87999725341797,73.87999725341797,74.16999816894531,73.13999938964844,73.27999877929688,15003
2017-01-26,74.19000244140625,74.19000244140625,74.93000030517578,73.66999816894531,73.94000244140625,16782
2017-01-27,74.8499984741211,74.8499984741211,74.97000122070312,74.19000244140625,74.19000244140625,13319
2017-01-30,74.13999938964844,74.13999938964844,75.31999969482422,74.05999755859375,74.9000015258789,17741
2017-01-31,74.94000244140625,74.94000244140625,75.12999725341797,74.0999984741211,74.16000366210938,17121
2017-02-01,76.44000244140625,76.44000244140625,76.55999755859375,74.91000366210938,75.0,25699
2017-02-02,76.91000366210938,76.91000366210938,77.4000015258789,75.72000122070312,76.36000061035156,32545
2017-02-03,76.41000366210938,76.41000366210938,77.1500015258789,76.20999908447266,76.73999786376953,21823
2017-02-06,75.62999725341797,75.62999725341797,76.5,75.55999755859375,76.45999908447266,21502
2017-02-07,75.08999633789062,75.08999633789062,76.08999633789062,75.05000305175781,75.75,38502
2017-02-08,75.25,75.25,75.72000122070312,75.06999969482422,75.2300033569336,30984
2017-02-09,75.58000183105469,75.58000183105469,76.12999725341797,75.25,75.43000030517578,31003
2017-02-10,75.81999969482422,75.81999969482422,76.2300033569336,75.55000305175781,75.58999633789062,36960
2017-02-13,76.61000061035156,76.61000061035156,76.94999694824219,75.88999938964844,75.9000015258789,31297
2017-02-14,76.31999969482422,76.31999969482422,76.7300033569336,75.9000015258789,76.6500015258789,20888
2017-02-15,75.70999908447266,75.70999908447266,76.6500015258789,75.62999725341797,76.31999969482422,14067
2017-02-16,75.01000213623047,75.01000213623047,75.83000183105469,74.95999908447266,75.7300033569336,20907
2017-02-17,73.4800033569336,73.4800033569336,75.1500015258789,73.0199966430664,75.05999755859375,0
2017-02-21,73.5199966430664,73.5199966430664,73.94999694824219,73.37000274658203,73.4800033569336,8263
2017-02-22,74.13999938964844,74.13999938964844,74.88999938964844,73.80000305175781,74.19999694824219,241
2017-02-23,75.0199966430664,75.0199966430664,75.38999938964844,74.95999908447266,75.04000091552734,30
2017-02-24,75.41999816894531,75.41999816894531,75.98999786376953,75.9000015258789,75.97000122070312,30
2017-02-27,74.97000122070312,74.97000122070312,74.97000122070312,74.97000122070312,74.97000122070312,30
2017-02-28,75.33000183105469,75.33000183105469,75.79000091552734,75.0,75.79000091552734,26
2017-03-01,76.8499984741211,76.8499984741211,75.44999694824219,75.33999633789062,75.33999633789062,6
2017-03-02,75.69000244140625,75.69000244140625,78.0,76.83999633789062,76.83999633789062,49
2017-03-03,77.27999877929688,77.27999877929688,77.0,75.98999786376953,77.0,8
2017-03-06,78.38999938964844,78.38999938964844,78.27999877929688,78.12000274658203,78.12000274658203,8
2017-03-07,77.27999877929688,77.27999877929688,78.5,77.33999633789062,78.44000244140625,16
2017-03-08,76.9000015258789,76.9000015258789,77.33999633789062,77.0,77.33999633789062,4
2017-03-09,76.62999725341797,76.62999725341797,76.62999725341797,76.62999725341797,76.62999725341797,17308
2017-03-10,77.29000091552734,77.29000091552734,78.0,77.1500015258789,78.0,11745
2017-03-13,76.87000274658203,76.87000274658203,77.58000183105469,76.80999755859375,77.1500015258789,11301
2017-03-14,77.1500015258789,77.1500015258789,77.33999633789062,76.80000305175781,76.91999816894531,10516
2017-03-15,78.08000183105469,78.08000183105469,78.26000213623047,77.16999816894531,77.33000183105469,11838
2017-03-16,78.16999816894531,78.16999816894531,78.88999938964844,78.0,78.08000183105469,12108
2017-03-17,78.36000061035156,78.36000061035156,78.5999984741211,77.9000015258789,78.08999633789062,9344
2017-03-20,77.33000183105469,77.33000183105469,78.73999786376953,77.30000305175781,78.33000183105469,13703
2017-03-21,76.83999633789062,76.83999633789062,77.4800033569336,76.68000030517578,77.33000183105469,19422
2017-03-22,77.33999633789062,77.33999633789062,78.18000030517578,76.66999816894531,76.76000213623047,16630
2017-03-23,77.2699966430664,77.2699966430664,77.97000122070312,77.2300033569336,77.61000061035156,11262
2017-03-24,77.47000122070312,77.47000122070312,78.1500015258789,77.16999816894531,77.2699966430664,14929
2017-03-27,76.94000244140625,76.94000244140625,77.7300033569336,76.9000015258789,77.47000122070312,15269
2017-03-28,76.87999725341797,76.87999725341797,77.51000213623047,76.69999694824219,77.0,14264
2017-03-29,76.13999938964844,76.13999938964844,77.08000183105469,76.0999984741211,76.98999786376953,18145
2017-03-30,76.2300033569336,76.2300033569336,76.54000091552734,76.0999984741211,76.1500015258789,14905
2017-03-31,77.33000183105469,77.33000183105469,77.4000015258789,75.80000305175781,76.2300033569336,24305
2017-04-03,75.47000122070312,75.47000122070312,78.06999969482422,75.44000244140625,77.30999755859375,34359
2017-04-04,74.8499984741211,74.8499984741211,75.72000122070312,74.55000305175781,75.43000030517578,31054
2017-04-05,74.87000274658203,74.87000274658203,75.19000244140625,74.6500015258789,74.6500015258789,18912
2017-04-06,74.51000213623047,74.51000213623047,75.06999969482422,74.4800033569336,74.83999633789062,17788
2017-04-07,73.45999908447266,73.45999908447266,74.5999984741211,73.37999725341797,74.51000213623047,34565
2017-04-10,75.1500015258789,75.1500015258789,75.29000091552734,73.3499984741211,73.5,29831
2017-04-11,75.01000213623047,75.01000213623047,75.80000305175781,74.41000366210938,75.11000061035156,31026
2017-04-12,74.7300033569336,74.7300033569336,75.16000366210938,74.58000183105469,74.87999725341797,24969
2017-04-13,75.62000274658203,75.62000274658203,75.73999786376953,74.66000366210938,74.80000305175781,21190
2017-04-17,77.02999877929688,77.02999877929688,77.19000244140625,75.18000030517578,75.18000030517578,11335
2017-04-18,76.81999969482422,76.81999969482422,77.48999786376953,76.27999877929688,77.26000213623047,15916
2017-04-19,77.66999816894531,77.66999816894531,77.75,76.58000183105469,76.80999755859375,7448
2017-04-20,80.06999969482422,80.06999969482422,80.66999816894531,77.66999816894531,77.66999816894531,5840
2017-04-21,78.98999786376953,78.98999786376953,80.30000305175781,78.4800033569336,80.0,3875
2017-04-24,80.08999633789062,80.08999633789062,80.0199966430664,79.18000030517578,79.5,194
2017-04-25,80.70999908447266,80.70999908447266,80.06999969482422,79.0,79.94000244140625,67
2017-04-26,80.69000244140625,80.69000244140625,81.19999694824219,80.6500015258789,80.83999633789062,24
2017-04-27,79.31999969482422,79.31999969482422,79.91000366210938,79.2300033569336,79.91000366210938,22
2017-04-28,80.2300033569336,80.2300033569336,79.31999969482422,79.31999969482422,79.31999969482422,25
2017-05-01,80.44999694824219,80.44999694824219,80.44999694824219,80.44999694824219,80.44999694824219,5
2017-05-02,80.83000183105469,80.83000183105469,80.83000183105469,80.83000183105469,80.83000183105469,5
2017-05-03,80.69000244140625,80.69000244140625,80.91000366210938,80.58999633789062,80.91000366210938,10
2017-05-04,80.83000183105469,80.83000183105469,81.55999755859375,80.20999908447266,80.20999908447266,13
2017-05-05,79.76000213623047,79.76000213623047,80.63999938964844,79.94999694824219,80.63999938964844,44
2017-05-08,76.77999877929688,76.77999877929688,77.4800033569336,77.4800033569336,77.4800033569336,14903
2017-05-09,77.43000030517578,77.43000030517578,77.81999969482422,77.06999969482422,77.19000244140625,16111
2017-05-10,76.48999786376953,76.48999786376953,77.56999969482422,76.36000061035156,77.52999877929688,24655
2017-05-11,79.18000030517578,79.18000030517578,79.20999908447266,76.16999816894531,76.33999633789062,44527
2017-05-12,82.18000030517578,82.18000030517578,82.18000030517578,79.1500015258789,79.22000122070312,27101
2017-05-15,85.31999969482422,85.31999969482422,87.18000030517578,82.5199966430664,83.02999877929688,69381
2017-05-16,81.31999969482422,81.31999969482422,85.18000030517578,81.31999969482422,85.13999938964844,31029
2017-05-17,80.16999816894531,80.16999816894531,83.04000091552734,79.62999725341797,81.31999969482422,24376
2017-05-18,79.23999786376953,79.23999786376953,80.62999725341797,78.83999633789062,80.36000061035156,17955
2017-05-19,79.44999694824219,79.44999694824219,79.5,78.41999816894531,79.4000015258789,21349
2017-05-22,78.38999938964844,78.38999938964844,79.5,78.30000305175781,79.5,14469
2017-05-23,77.22000122070312,77.22000122070312,78.43000030517578,77.0999984741211,78.4000015258789,20876
2017-05-24,77.54000091552734,77.54000091552734,78.72000122070312,77.0999984741211,77.36000061035156,17306
2017-05-25,77.16000366210938,77.16000366210938,78.13999938964844,77.0999984741211,77.51000213623047,16718
2017-05-26,77.08999633789062,77.08999633789062,77.5999984741211,77.01000213623047,77.2699966430664,0
2017-05-30,77.26000213623047,77.26000213623047,77.66999816894531,76.9000015258789,77.0999984741211,12771
2017-05-31,76.9800033569336,76.9800033569336,77.3499984741211,76.70999908447266,77.08999633789062,13114
2017-06-01,77.62999725341797,77.62999725341797,77.80999755859375,76.80999755859375,76.95999908447266,16436
2017-06-02,76.69000244140625,76.69000244140625,77.7699966430664,76.56999969482422,77.72000122070312,17229
2017-06-05,76.30999755859375,76.30999755859375,77.02999877929688,76.27999877929688,76.75,15982
2017-06-06,76.0199966430664,76.0199966430664,76.66000366210938,75.91000366210938,76.30999755859375,18116
2017-06-07,75.79000091552734,75.79000091552734,76.22000122070312,75.6500015258789,76.05999755859375,15283
2017-06-08,76.55000305175781,76.55000305175781,76.75,75.61000061035156,75.9000015258789,18102
2017-06-09,75.69000244140625,75.69000244140625,76.48999786376953,75.55000305175781,76.4800033569336,21986
2017-06-12,75.12999725341797,75.12999725341797,75.75,75.08999633789062,75.72000122070312,21492
2017-06-13,74.4800033569336,74.4800033569336,75.13999938964844,74.30999755859375,75.0999984741211,23922
2017-06-14,73.5,73.5,74.83000183105469,73.4000015258789,74.47000122070312,16499
2017-06-15,71.91000366210938,71.91000366210938,73.5,71.2699966430664,73.5,21242
2017-06-16,71.87999725341797,71.87999725341797,72.54000091552734,70.9000015258789,71.87999725341797,18987
2017-06-19,71.38999938964844,71.38999938964844,73.4000015258789,71.1500015258789,71.8499984741211,7237
2017-06-20,71.3499984741211,71.3499984741211,71.6500015258789,70.80000305175781,71.54000091552734,4059
2017-06-21,70.88999938964844,70.88999938964844,71.94000244140625,70.76000213623047,71.33000183105469,4915
2017-06-22,71.13999938964844,71.13999938964844,71.38999938964844,70.68000030517578,71.0,4839
2017-06-23,72.6500015258789,72.6500015258789,73.0999984741211,71.02999877929688,71.23999786376953,4606
2017-06-26,73.68000030517578,73.68000030517578,73.9800033569336,71.45999908447266,73.54000091552734,116
2017-06-27,74.44000244140625,74.44000244140625,74.5999984741211,74.33999633789062,74.5199966430664,92
2017-06-28,74.41000366210938,74.41000366210938,74.56999969482422,73.7699966430664,73.9000015258789,9
2017-06-29,74.0,74.0,74.44999694824219,74.0,74.19999694824219,13
2017-06-30,75.30999755859375,75.30999755859375,75.30999755859375,75.30999755859375,75.30999755859375,13
2017-07-03,73.69000244140625,73.69000244140625,73.69000244140625,73.69000244140625,73.69000244140625,13
2017-07-05,73.86000061035156,73.86000061035156,73.62000274658203,73.62000274658203,73.62000274658203,2
2017-07-06,75.01000213623047,75.01000213623047,75.22000122070312,74.4800033569336,74.4800033569336,18
2017-07-07,75.29000091552734,75.29000091552734,75.29000091552734,75.29000091552734,75.29000091552734,23
2017-07-10,67.72000122070312,67.72000122070312,71.41999816894531,67.55999755859375,69.5,125
2017-07-11,68.1500015258789,68.1500015258789,68.29000091552734,66.97000122070312,67.55999755859375,57
2017-07-12,68.12999725341797,68.12999725341797,68.45999908447266,67.43000030517578,67.9000015258789,65
2017-07-13,66.54000091552734,66.54000091552734,68.3499984741211,66.48999786376953,68.3499984741211,54
2017-07-14,67.18000030517578,67.18000030517578,67.75,66.48999786376953,66.54000091552734,18
2017-07-17,68.56999969482422,68.56999969482422,68.6500015258789,67.05999755859375,67.52999877929688,14
2017-07-18,68.86000061035156,68.86000061035156,69.0999984741211,67.8499984741211,68.5,13
2017-07-19,68.76000213623047,68.76000213623047,69.45999908447266,68.69999694824219,69.2300033569336,14
2017-07-20,69.55000305175781,69.55000305175781,69.7699966430664,69.37000274658203,69.5199966430664,10
2017-07-21,69.13999938964844,69.13999938964844,69.45999908447266,68.5199966430664,69.05999755859375,22
2017-07-24,69.0,69.0,69.3499984741211,69.06999969482422,69.3499984741211,4
2017-07-25,69.55000305175781,69.55000305175781,69.47000122070312,69.47000122070312,69.47000122070312,1
2017-07-26,69.0199966430664,69.0199966430664,69.8499984741211,68.23999786376953,69.5,200
2017-07-27,70.5,70.5,72.0199966430664,69.33000183105469,69.33000183105469,256
2017-07-28,70.22000122070312,70.22000122070312,70.68000030517578,69.81999969482422,69.81999969482422,5
2017-07-31,70.5,70.5,71.12999725341797,69.83000183105469,70.33999633789062,12
2017-08-01,71.16999816894531,71.16999816894531,71.16999816894531,70.51000213623047,70.7300033569336,19
2017-08-02,71.75,71.75,71.8499984741211,71.16999816894531,71.16999816894531,12
2017-08-03,71.55000305175781,71.55000305175781,72.43000030517578,71.2300033569336,72.1500015258789,38
2017-08-04,70.98999786376953,70.98999786376953,72.22000122070312,70.4000015258789,72.0,86
2017-08-07,71.22000122070312,71.22000122070312,71.5199966430664,70.98999786376953,70.98999786376953,11
2017-08-08,71.91000366210938,71.91000366210938,71.94000244140625,70.62000274658203,71.37999725341797,75
2017-08-09,71.81999969482422,71.81999969482422,71.94000244140625,71.29000091552734,71.37000274658203,10
2017-08-10,69.26000213623047,69.26000213623047,71.61000061035156,68.8499984741211,71.61000061035156,54
2017-08-11,69.23999786376953,69.23999786376953,69.8499984741211,69.06999969482422,69.11000061035156,13
2017-08-14,68.5,68.5,69.23999786376953,68.4000015258789,69.23999786376953,11
2017-08-15,67.68000030517578,67.68000030517578,68.29000091552734,67.66999816894531,68.29000091552734,7
2017-08-16,67.55000305175781,67.55000305175781,67.72000122070312,67.5,67.5999984741211,12
2017-08-17,67.44999694824219,67.44999694824219,67.3499984741211,67.25,67.3499984741211,19
2017-08-18,67.79000091552734,67.79000091552734,67.79000091552734,67.79000091552734,67.79000091552734,0
2017-08-21,68.70999908447266,68.70999908447266,68.77999877929688,67.51000213623047,67.91000366210938,69
2017-08-22,68.87999725341797,68.87999725341797,69.06999969482422,68.76000213623047,68.76000213623047,2
2017-08-23,69.5999984741211,69.5999984741211,70.52999877929688,69.11000061035156,69.11000061035156,15
2017-08-24,70.16999816894531,70.16999816894531,70.20999908447266,69.44000244140625,69.5,35
2017-08-25,68.61000061035156,68.61000061035156,70.25,68.62000274658203,70.25,22
2017-08-28,70.33000183105469,70.33000183105469,70.19000244140625,68.61000061035156,68.61000061035156,28
2017-08-29,70.55999755859375,70.55999755859375,70.8499984741211,70.1500015258789,70.26000213623047,37
2017-08-30,71.47000122070312,71.47000122070312,71.5199966430664,70.8499984741211,70.8499984741211,24
2017-08-31,71.4800033569336,71.4800033569336,71.52999877929688,71.13999938964844,71.23999786376953,12
2017-09-01,72.55000305175781,72.55000305175781,72.70999908447266,71.88999938964844,71.9000015258789,28
2017-09-05,75.26000213623047,75.26000213623047,75.55000305175781,72.94999694824219,72.94999694824219,93
2017-09-06,75.26000213623047,75.26000213623047,75.79000091552734,75.0,75.79000091552734,43
2017-09-07,75.02999877929688,75.02999877929688,75.0999984741211,74.5,74.70999908447266,19
2017-09-08,75.58999633789062,75.58999633789062,76.1500015258789,75.19000244140625,75.19999694824219,23
2017-09-11,73.70999908447266,73.70999908447266,75.56999969482422,72.58999633789062,75.56999969482422,72
2017-09-12,70.70999908447266,70.70999908447266,73.47000122070312,70.70999908447266,73.37999725341797,17
2017-09-13,69.9800033569336,69.9800033569336,70.30000305175781,69.61000061035156,70.30000305175781,56
2017-09-14,69.77999877929688,69.77999877929688,69.86000061035156,69.0199966430664,69.86000061035156,35
2017-09-15,70.12999725341797,70.12999725341797,70.26000213623047,69.94999694824219,69.94999694824219,4
2017-09-18,70.41000366210938,70.41000366210938,70.94000244140625,69.47000122070312,69.47000122070312,45
2017-09-19,69.9800033569336,69.9800033569336,70.94000244140625,70.41000366210938,70.69000244140625,20
2017-09-20,70.04000091552734,70.04000091552734,71.11000061035156,69.63999938964844,70.5199966430664,38
2017-09-21,69.04000091552734,69.04000091552734,69.04000091552734,69.04000091552734,69.04000091552734,1
2017-09-22,69.08999633789062,69.08999633789062,69.30000305175781,68.80000305175781,69.11000061035156,25
2017-09-25,70.08999633789062,70.08999633789062,70.08999633789062,70.08999633789062,70.08999633789062,0
2017-09-26,69.37999725341797,69.37999725341797,69.37999725341797,69.37999725341797,69.37999725341797,0
2017-09-27,69.27999877929688,69.27999877929688,69.27999877929688,69.27999877929688,69.27999877929688,0
2017-09-28,69.5999984741211,69.5999984741211,69.5999984741211,69.5999984741211,69.5999984741211,0
2017-09-29,69.08000183105469,69.08000183105469,69.08000183105469,69.08000183105469,69.08000183105469,0
2017-10-02,68.19999694824219,68.19999694824219,68.19999694824219,68.19999694824219,68.19999694824219,0
2017-10-03,68.1500015258789,68.1500015258789,68.1500015258789,68.1500015258789,68.1500015258789,0
2017-10-04,69.43000030517578,69.43000030517578,69.43000030517578,69.43000030517578,69.43000030517578,0
2017-10-05,68.9000015258789,68.9000015258789,68.9000015258789,68.9000015258789,68.9000015258789,0
2017-10-06,69.47000122070312,69.47000122070312,69.47000122070312,69.47000122070312,69.47000122070312,55
2017-10-09,69.58000183105469,69.58000183105469,69.58000183105469,69.58000183105469,69.58000183105469,9241
2017-10-10,68.94999694824219,68.94999694824219,69.87999725341797,68.61000061035156,69.0,12927
2017-10-11,68.7300033569336,68.7300033569336,69.44999694824219,68.45999908447266,69.23999786376953,8776
2017-10-12,67.83999633789062,67.83999633789062,69.11000061035156,67.66000366210938,68.83000183105469,17355
2017-10-13,68.62000274658203,68.62000274658203,68.94000244140625,67.66999816894531,67.73999786376953,10971
2017-10-16,67.52999877929688,67.52999877929688,68.87999725341797,67.52999877929688,68.54000091552734,15596
2017-10-17,67.7699966430664,67.7699966430664,68.5999984741211,67.44999694824219,67.56999969482422,14237
2017-10-18,67.62999725341797,67.62999725341797,68.16999816894531,67.54000091552734,67.80999755859375,10302
2017-10-19,67.30999755859375,67.30999755859375,67.87999725341797,67.26000213623047,67.81999969482422,12914
2017-10-20,66.87999725341797,66.87999725341797,67.58000183105469,66.83999633789062,67.30000305175781,16514
2017-10-23,69.72000122070312,69.72000122070312,69.79000091552734,66.88999938964844,66.88999938964844,33450
2017-10-24,69.54000091552734,69.54000091552734,70.22000122070312,69.0199966430664,69.44000244140625,21156
2017-10-25,69.30999755859375,69.30999755859375,69.9000015258789,69.12000274658203,69.56999969482422,11524
2017-10-26,68.19000244140625,68.19000244140625,69.2699966430664,68.0999984741211,69.25,14473
2017-10-27,68.19999694824219,68.19999694824219,68.48999786376953,67.80000305175781,68.48999786376953,12315
2017-10-30,68.63999938964844,68.63999938964844,69.19999694824219,67.94999694824219,68.0,15684
2017-10-31,68.37999725341797,68.37999725341797,68.91000366210938,68.11000061035156,68.70999908447266,17214
2017-11-01,68.16999816894531,68.16999816894531,69.05000305175781,68.0999984741211,68.68000030517578,19933
2017-11-02,69.08000183105469,69.08000183105469,69.30000305175781,68.11000061035156,68.4000015258789,21896
2017-11-03,68.72000122070312,68.72000122070312,69.37000274658203,68.3499984741211,69.05999755859375,17444
2017-11-06,68.8499984741211,68.8499984741211,69.12000274658203,68.2300033569336,68.86000061035156,23635
2017-11-07,68.06999969482422,68.06999969482422,68.88999938964844,68.01000213623047,68.8499984741211,29271
2017-11-08,68.62999725341797,68.62999725341797,69.1500015258789,68.05999755859375,68.06999969482422,33534
2017-11-09,68.29000091552734,68.29000091552734,69.4800033569336,68.18000030517578,68.77999877929688,31783
2017-11-10,69.05000305175781,69.05000305175781,69.18000030517578,68.3499984741211,68.38999938964844,20774
2017-11-13,68.87999725341797,68.87999725341797,69.68000030517578,68.8499984741211,69.0,24703
2017-11-14,68.5999984741211,68.5999984741211,69.38999938964844,68.58000183105469,68.9000015258789,19455
2017-11-15,68.80999755859375,68.80999755859375,68.91000366210938,68.58999633789062,68.62999725341797,12974
2017-11-16,69.20999908447266,69.20999908447266,69.5,68.79000091552734,68.91999816894531,11003
2017-11-17,69.77999877929688,69.77999877929688,70.08000183105469,69.20999908447266,69.20999908447266,10903
2017-11-20,71.37000274658203,71.37000274658203,71.5,69.79000091552734,69.80000305175781,8351
2017-11-21,70.9000015258789,70.9000015258789,72.5199966430664,70.4000015258789,71.06999969482422,7045
2017-11-22,70.73999786376953,70.73999786376953,72.41000366210938,70.5,70.9000015258789,4609
2017-11-24,72.2300033569336,72.2300033569336,72.33999633789062,70.5999984741211,70.80000305175781,126
2017-11-27,72.1500015258789,72.1500015258789,72.6500015258789,71.83999633789062,71.91000366210938,131
2017-11-28,74.05000305175781,74.05000305175781,73.94000244140625,72.0,72.19999694824219,141
2017-11-29,75.5199966430664,75.5199966430664,75.47000122070312,72.44999694824219,72.44999694824219,97
2017-11-30,75.04000091552734,75.04000091552734,75.54000091552734,74.5,75.54000091552734,77
2017-12-01,75.43000030517578,75.43000030517578,75.81999969482422,75.0,75.75,74
2017-12-04,75.02999877929688,75.02999877929688,75.33999633789062,75.0,75.0,36
2017-12-05,74.95999908447266,74.95999908447266,75.41999816894531,74.80000305175781,75.0,35
2017-12-06,75.16999816894531,75.16999816894531,75.16999816894531,75.16999816894531,75.16999816894531,13354
2017-12-07,74.2300033569336,74.2300033569336,74.2699966430664,72.0999984741211,72.83999633789062,26597
2017-12-08,73.72000122070312,73.72000122070312,74.27999877929688,73.62000274658203,74.0999984741211,21103
2017-12-11,73.0,73.0,73.83000183105469,72.80000305175781,73.72000122070312,16646
2017-12-12,72.91000366210938,72.91000366210938,74.19000244140625,72.76000213623047,72.86000061035156,22039
2017-12-13,74.12999725341797,74.12999725341797,74.2300033569336,72.91000366210938,72.91000366210938,16151
2017-12-14,75.33000183105469,75.33000183105469,75.55999755859375,73.9000015258789,74.08999633789062,21761
2017-12-15,75.91999816894531,75.91999816894531,76.75,75.04000091552734,75.05999755859375,30467
2017-12-18,75.19999694824219,75.19999694824219,76.44999694824219,75.12999725341797,75.9800033569336,15719
2017-12-19,75.02999877929688,75.02999877929688,75.91999816894531,74.93000030517578,75.30000305175781,15357
2017-12-20,75.70999908447266,75.70999908447266,75.94999694824219,74.94999694824219,75.0,12087
2017-12-21,77.94000244140625,77.94000244140625,78.06999969482422,75.41000366210938,75.62999725341797,24539
2017-12-22,77.87000274658203,77.87000274658203,78.06999969482422,77.0,77.3499984741211,17795
2017-12-26,77.43000030517578,77.43000030517578,78.16000366210938,77.16999816894531,77.9000015258789,8623
2017-12-27,78.94999694824219,78.94999694824219,78.98999786376953,77.25,77.5,18514
2017-12-28,78.80000305175781,78.80000305175781,79.44999694824219,78.5999984741211,78.73999786376953,12897
2017-12-29,78.62999725341797,78.62999725341797,78.93000030517578,78.22000122070312,78.75,14101
2018-01-02,77.5,77.5,79.29000091552734,77.30000305175781,78.63999938964844,20981
2018-01-03,78.11000061035156,78.11000061035156,78.29000091552734,77.37000274658203,77.51000213623047,13372
2018-01-04,79.25,79.25,79.38999938964844,78.05999755859375,78.11000061035156,15374
2018-01-05,78.01000213623047,78.01000213623047,80.05000305175781,77.80999755859375,79.1500015258789,24676
2018-01-08,78.13999938964844,78.13999938964844,78.79000091552734,77.93000030517578,78.0999984741211,16891
2018-01-09,78.3499984741211,78.3499984741211,78.69999694824219,78.02999877929688,78.08000183105469,12810
2018-01-10,79.6500015258789,79.6500015258789,79.93000030517578,78.33000183105469,78.3499984741211,16686
2018-01-11,82.6500015258789,82.6500015258789,82.6500015258789,79.41999816894531,79.55000305175781,34198
2018-01-12,81.68000030517578,81.68000030517578,84.6500015258789,80.30000305175781,82.8499984741211,43200
2018-01-16,81.43000030517578,81.43000030517578,82.05000305175781,80.62000274658203,81.81999969482422,19313
2018-01-17,82.13999938964844,82.13999938964844,82.22000122070312,80.95999908447266,81.30000305175781,13635
2018-01-18,82.62999725341797,82.62999725341797,83.94000244140625,81.81999969482422,82.01000213623047,26971
2018-01-19,83.41999816894531,83.41999816894531,83.76000213623047,82.36000061035156,82.52999877929688,19303
2018-01-22,83.41000366210938,83.41000366210938,83.94999694824219,83.0,83.3499984741211,17156
2018-01-23,82.26000213623047,82.26000213623047,83.68000030517578,82.01000213623047,83.41999816894531,21793
2018-01-24,82.2699966430664,82.2699966430664,82.7300033569336,81.61000061035156,82.06999969482422,25404
2018-01-25,81.87999725341797,81.87999725341797,82.8499984741211,81.7699966430664,82.27999877929688,18011
2018-01-26,80.4800033569336,80.4800033569336,81.9800033569336,80.31999969482422,81.86000061035156,26965
2018-01-29,78.36000061035156,78.36000061035156,80.62000274658203,78.1500015258789,80.5199966430664,36663
2018-01-30,77.02999877929688,77.02999877929688,78.93000030517578,76.95999908447266,78.36000061035156,29236
2018-01-31,77.27999877929688,77.27999877929688,78.19999694824219,76.5199966430664,77.23999786376953,38453
2018-02-01,78.3499984741211,78.3499984741211,79.93000030517578,77.16000366210938,77.30000305175781,37574
2018-02-02,77.30000305175781,77.30000305175781,78.81999969482422,77.2300033569336,78.44999694824219,30885
2018-02-05,76.56999969482422,76.56999969482422,77.91000366210938,76.44999694824219,77.36000061035156,25997
2018-02-06,76.19000244140625,76.19000244140625,76.80000305175781,75.8499984741211,76.55000305175781,24696
2018-02-07,75.95999908447266,75.95999908447266,76.93000030517578,75.81999969482422,76.11000061035156,27161
2018-02-08,76.62000274658203,76.62000274658203,77.5199966430664,75.88999938964844,75.91000366210938,37960
2018-02-09,76.68000030517578,76.68000030517578,77.2699966430664,75.73999786376953,77.0,27401
2018-02-12,76.44999694824219,76.44999694824219,77.47000122070312,76.0999984741211,76.68000030517578,27908
2018-02-13,76.37999725341797,76.37999725341797,76.5,75.66000366210938,76.41000366210938,18895
2018-02-14,75.5999984741211,75.5999984741211,76.44999694824219,75.41000366210938,76.44999694824219,14711
2018-02-15,75.41000366210938,75.41000366210938,76.29000091552734,75.11000061035156,75.5999984741211,7781
2018-02-16,75.72000122070312,75.72000122070312,75.87000274658203,75.12999725341797,75.33999633789062,0
2018-02-20,77.51000213623047,77.51000213623047,78.30999755859375,75.5999984741211,75.69999694824219,8757
2018-02-21,78.91000366210938,78.91000366210938,79.0999984741211,77.44999694824219,77.5,7830
2018-02-22,80.54000091552734,80.54000091552734,81.33999633789062,78.41999816894531,78.8499984741211,257
2018-02-23,81.44999694824219,81.44999694824219,81.5,80.25,80.75,158
2018-02-26,81.69999694824219,81.69999694824219,81.75,80.55000305175781,81.75,34
2018-02-27,81.76000213623047,81.76000213623047,81.75,81.0,81.0,29
2018-02-28,81.6500015258789,81.6500015258789,81.75,81.5,81.75,21
2018-03-01,82.56999969482422,82.56999969482422,81.80000305175781,81.5,81.80000305175781,12
2018-03-02,82.72000122070312,82.72000122070312,82.69999694824219,82.5,82.69999694824219,59
2018-03-05,85.41000366210938,85.41000366210938,83.80999755859375,82.5999984741211,83.80999755859375,4
2018-03-06,83.83999633789062,83.83999633789062,87.75,85.20999908447266,87.75,19
2018-03-07,84.19999694824219,84.19999694824219,84.19999694824219,84.19999694824219,84.19999694824219,22478
2018-03-08,85.12000274658203,85.12000274658203,85.25,82.95999908447266,83.26000213623047,22263
2018-03-09,84.5199966430664,84.5199966430664,85.55000305175781,84.2300033569336,84.94000244140625,15189
2018-03-12,83.27999877929688,83.27999877929688,85.02999877929688,82.87999725341797,84.48999786376953,14497
2018-03-13,82.9800033569336,82.9800033569336,84.20999908447266,82.04000091552734,83.19000244140625,19947
2018-03-14,83.44000244140625,83.44000244140625,83.87000274658203,82.41000366210938,83.38999938964844,11018
2018-03-15,83.52999877929688,83.52999877929688,83.86000061035156,82.6500015258789,83.58999633789062,12456
2018-03-16,82.8499984741211,82.8499984741211,83.69999694824219,82.41999816894531,83.69999694824219,10030
2018-03-19,81.2300033569336,81.2300033569336,82.98999786376953,81.19000244140625,82.98999786376953,16728
2018-03-20,83.08000183105469,83.08000183105469,83.3499984741211,80.94999694824219,81.1500015258789,19576
2018-03-21,82.58999633789062,82.58999633789062,83.86000061035156,82.54000091552734,82.9800033569336,13920
2018-03-22,82.1500015258789,82.1500015258789,83.20999908447266,81.7699966430664,82.66000366210938,12699
2018-03-23,81.83000183105469,81.83000183105469,82.38999938964844,81.38999938964844,82.27999877929688,14903
2018-03-26,81.77999877929688,81.77999877929688,82.56999969482422,81.5,82.08000183105469,14523
2018-03-27,82.0199966430664,82.0199966430664,82.7699966430664,81.72000122070312,81.87999725341797,13131
2018-03-28,80.73999786376953,80.73999786376953,82.12999725341797,80.66999816894531,82.0,17420
2018-03-29,81.45999908447266,81.45999908447266,82.19999694824219,80.68000030517578,80.73999786376953,18621
2018-04-02,80.97000122070312,80.97000122070312,82.70999908447266,80.91999816894531,81.80000305175781,15144
2018-04-03,82.0199966430664,82.0199966430664,82.80999755859375,80.97000122070312,80.97000122070312,22369
2018-04-04,79.63999938964844,79.63999938964844,82.30999755859375,78.62000274658203,82.0999984741211,43856
2018-04-05,82.56999969482422,82.56999969482422,82.63999938964844,79.44999694824219,79.5,35612
2018-04-06,82.54000091552734,82.54000091552734,83.45999908447266,81.80000305175781,82.0,26500
2018-04-09,82.91000366210938,82.91000366210938,83.69000244140625,82.69999694824219,82.88999938964844,28417
2018-04-10,83.52999877929688,83.52999877929688,83.58999633789062,82.30999755859375,82.87999725341797,30865
2018-04-11,83.83000183105469,83.83000183105469,84.04000091552734,83.30999755859375,83.66000366210938,22891
2018-04-12,83.69000244140625,83.69000244140625,83.97000122070312,83.16999816894531,83.83000183105469,20127
2018-04-13,83.41000366210938,83.41000366210938,84.44999694824219,83.05999755859375,83.83000183105469,26393
2018-04-16,83.25,83.25,84.04000091552734,83.0,83.25,12700
2018-04-17,83.12999725341797,83.12999725341797,83.58000183105469,82.05999755859375,83.27999877929688,9763
2018-04-18,82.73999786376953,82.73999786376953,83.38999938964844,82.5,83.27999877929688,6160
2018-04-19,82.97000122070312,82.97000122070312,83.16000366210938,82.55999755859375,82.70999908447266,3536
2018-04-20,85.47000122070312,85.47000122070312,85.62999725341797,83.0,83.0,5827
2018-04-23,83.19000244140625,83.19000244140625,86.44000244140625,82.9000015258789,85.69999694824219,3444
2018-04-24,82.26000213623047,82.26000213623047,84.47000122070312,82.93000030517578,83.25,246
2018-04-25,84.76000213623047,84.76000213623047,84.56999969482422,82.88999938964844,83.16999816894531,19
2018-04-26,84.98999786376953,84.98999786376953,85.0,84.62999725341797,85.0,6
2018-04-27,85.33000183105469,85.33000183105469,85.33000183105469,85.33000183105469,85.33000183105469,0
2018-04-30,84.68000030517578,84.68000030517578,84.62999725341797,84.43000030517578,84.62999725341797,3
2018-05-01,85.12000274658203,85.12000274658203,85.30000305175781,84.66000366210938,84.66000366210938,17
2018-05-02,85.01000213623047,85.01000213623047,85.37999725341797,84.6500015258789,85.33000183105469,12
2018-05-03,84.44999694824219,84.44999694824219,84.8499984741211,84.75,84.75,5
2018-05-04,86.3499984741211,86.3499984741211,86.0,84.9000015258789,84.9000015258789,13
2018-05-07,85.98999786376953,85.98999786376953,87.69000244140625,86.6500015258789,87.69000244140625,3
2018-05-08,85.37999725341797,85.37999725341797,85.37999725341797,85.37999725341797,85.37999725341797,18277
2018-05-09,85.86000061035156,85.86000061035156,86.04000091552734,85.18000030517578,85.6500015258789,12916
2018-05-10,84.55999755859375,84.55999755859375,86.16999816894531,84.05000305175781,86.01000213623047,21069
2018-05-11,84.62000274658203,84.62000274658203,84.95999908447266,83.5,84.55999755859375,19111
2018-05-14,83.69999694824219,83.69999694824219,84.9000015258789,83.5,84.69999694824219,15145
2018-05-15,83.76000213623047,83.76000213623047,84.38999938964844,83.36000061035156,84.11000061035156,15675
2018-05-16,84.3499984741211,84.3499984741211,85.38999938964844,83.62999725341797,83.87999725341797,15890
2018-05-17,85.02999877929688,85.02999877929688,85.69000244140625,84.05000305175781,84.4800033569336,15148
2018-05-18,86.55000305175781,86.55000305175781,87.5999984741211,85.05000305175781,85.12000274658203,20707
2018-05-21,88.41999816894531,88.41999816894531,88.7300033569336,87.0999984741211,87.30000305175781,25290
2018-05-22,87.3499984741211,87.3499984741211,89.87999725341797,86.62999725341797,88.5999984741211,22417
2018-05-23,86.95999908447266,86.95999908447266,87.75,86.72000122070312,87.33999633789062,19700
2018-05-24,87.45999908447266,87.45999908447266,87.8499984741211,86.63999938964844,87.18000030517578,20915
2018-05-25,89.20999908447266,89.20999908447266,89.69000244140625,87.1500015258789,87.69000244140625,25564
2018-05-29,93.20999908447266,93.20999908447266,93.20999908447266,89.56999969482422,89.69000244140625,13547
2018-05-30,92.48999786376953,92.48999786376953,96.4000015258789,91.22000122070312,94.20999908447266,46735
2018-05-31,93.1500015258789,93.1500015258789,93.75,91.73999786376953,92.4800033569336,23262
2018-06-01,93.30000305175781,93.30000305175781,94.48999786376953,92.72000122070312,93.16000366210938,25665
2018-06-04,92.0999984741211,92.0999984741211,94.5199966430664,92.06999969482422,93.30000305175781,20224
2018-06-05,89.83999633789062,89.83999633789062,92.27999877929688,89.7300033569336,92.23999786376953,23560
2018-06-06,90.94999694824219,90.94999694824219,91.70999908447266,89.3499984741211,89.75,17261
2018-06-07,93.72000122070312,93.72000122070312,94.94999694824219,90.44999694824219,91.30000305175781,33503
2018-06-08,94.94000244140625,94.94000244140625,95.83999633789062,93.58999633789062,93.97000122070312,31101
2018-06-11,94.75,94.75,96.5,94.0,95.55000305175781,22047
2018-06-12,95.20999908447266,95.20999908447266,95.8499984741211,94.66999816894531,95.19000244140625,21458
2018-06-13,93.80999755859375,93.80999755859375,95.66000366210938,93.20999908447266,95.30000305175781,26904
2018-06-14,93.41000366210938,93.41000366210938,94.5,92.61000061035156,93.6500015258789,13682
2018-06-15,90.72000122070312,90.72000122070312,93.13999938964844,90.5,93.13999938964844,21715
2018-06-18,87.31999969482422,87.31999969482422,90.55000305175781,86.80000305175781,90.55000305175781,9387
2018-06-19,83.31999969482422,83.31999969482422,88.1500015258789,83.31999969482422,87.4000015258789,9421
2018-06-20,83.20999908447266,83.20999908447266,85.69999694824219,83.0999984741211,83.25,6148
2018-06-21,83.20999908447266,83.20999908447266,84.19999694824219,83.01000213623047,83.4000015258789,3585
2018-06-22,85.43000030517578,85.43000030517578,85.80000305175781,83.0999984741211,83.25,2639
2018-06-25,85.94000244140625,85.94000244140625,86.4800033569336,84.19999694824219,85.5,52
2018-06-26,85.04000091552734,85.04000091552734,86.31999969482422,84.08999633789062,85.79000091552734,12
2018-06-27,85.75,85.75,86.12000274658203,86.08000183105469,86.12000274658203,3
2018-06-28,84.93000030517578,84.93000030517578,85.6500015258789,85.1500015258789,85.6500015258789,13
2018-06-29,85.37999725341797,85.37999725341797,86.02999877929688,85.05999755859375,85.41000366210938,12
2018-07-02,84.5,84.5,84.44000244140625,84.44000244140625,84.44000244140625,51
2018-07-03,84.54000091552734,84.54000091552734,84.44000244140625,84.44000244140625,84.44000244140625,7
2018-07-05,83.7300033569336,83.7300033569336,84.44000244140625,83.7300033569336,84.44000244140625,17
2018-07-06,86.37999725341797,86.37999725341797,84.94999694824219,84.12000274658203,84.12000274658203,3
2018-07-09,87.16000366210938,87.16000366210938,87.16000366210938,87.16000366210938,87.16000366210938,26
2018-07-10,87.5,87.5,86.83000183105469,86.30999755859375,86.66000366210938,12
2018-07-11,85.23999786376953,85.23999786376953,86.58000183105469,85.20999908447266,86.58000183105469,61
2018-07-12,89.23999786376953,89.23999786376953,89.23999786376953,86.12999725341797,86.12999725341797,44
2018-07-13,88.9000015258789,88.9000015258789,89.88999938964844,88.0199966430664,89.75,54
2018-07-16,88.87999725341797,88.87999725341797,89.31999969482422,88.68000030517578,89.0,14
2018-07-17,89.19999694824219,89.19999694824219,89.3499984741211,87.94999694824219,88.66999816894531,30
2018-07-18,88.83000183105469,88.83000183105469,89.22000122070312,88.80000305175781,88.80000305175781,6
2018-07-19,88.30000305175781,88.30000305175781,88.80999755859375,88.30000305175781,88.80999755859375,12
2018-07-20,87.73999786376953,87.73999786376953,88.5199966430664,86.9000015258789,88.43000030517578,33
2018-07-23,87.47000122070312,87.47000122070312,87.62000274658203,87.23999786376953,87.47000122070312,5
2018-07-24,87.31999969482422,87.31999969482422,87.93000030517578,87.45999908447266,87.93000030517578,6
2018-07-25,88.80000305175781,88.80000305175781,89.37999725341797,88.61000061035156,88.91999816894531,27
2018-07-26,89.02999877929688,89.02999877929688,89.16999816894531,88.2300033569336,88.87999725341797,6
2018-07-27,89.05999755859375,89.05999755859375,89.05999755859375,89.05999755859375,89.05999755859375,0
2018-07-30,89.94999694824219,89.94999694824219,90.61000061035156,88.4800033569336,89.08000183105469,77
2018-07-31,90.27999877929688,90.27999877929688,90.56999969482422,90.30999755859375,90.44000244140625,5
2018-08-01,89.05999755859375,89.05999755859375,90.56999969482422,89.58999633789062,89.58999633789062,13
2018-08-02,89.44000244140625,89.44000244140625,89.26000213623047,88.66000366210938,88.87999725341797,17
2018-08-03,88.66999816894531,88.66999816894531,89.9000015258789,87.4000015258789,89.38999938964844,48
2018-08-06,88.69000244140625,88.69000244140625,88.54000091552734,87.62999725341797,87.87000274658203,33
2018-08-07,88.22000122070312,88.22000122070312,89.30999755859375,87.80999755859375,88.52999877929688,25
2018-08-08,87.38999938964844,87.38999938964844,88.08000183105469,87.48999786376953,88.08000183105469,11
2018-08-09,87.26000213623047,87.26000213623047,87.37999725341797,87.05000305175781,87.37999725341797,15
2018-08-10,85.86000061035156,85.86000061035156,87.81999969482422,85.5199966430664,87.66000366210938,62
2018-08-13,83.13999938964844,83.13999938964844,85.3499984741211,82.30999755859375,85.3499984741211,38
2018-08-14,83.41000366210938,83.41000366210938,83.5,82.66999816894531,82.77999877929688,10
2018-08-15,81.08000183105469,81.08000183105469,82.51000213623047,81.20999908447266,82.51000213623047,5
2018-08-16,82.12999725341797,82.12999725341797,82.3499984741211,81.55000305175781,81.5999984741211,27
2018-08-17,81.75,81.75,81.75,81.58000183105469,81.58000183105469,7
2018-08-20,83.0999984741211,83.0999984741211,83.0999984741211,83.0999984741211,83.0999984741211,1
2018-08-21,83.5,83.5,83.79000091552734,83.08000183105469,83.08000183105469,5
2018-08-22,82.5199966430664,82.5199966430664,83.73999786376953,83.2300033569336,83.73999786376953,4
2018-08-23,81.7300033569336,81.7300033569336,82.48999786376953,81.5,82.48999786376953,5
2018-08-24,81.80999755859375,81.80999755859375,82.72000122070312,81.95999908447266,81.95999908447266,10
2018-08-27,83.5199966430664,83.5199966430664,82.94999694824219,82.1500015258789,82.1500015258789,2
2018-08-28,83.80999755859375,83.80999755859375,83.9800033569336,83.12000274658203,83.13999938964844,18
2018-08-29,82.97000122070312,82.97000122070312,83.9800033569336,83.30000305175781,83.9800033569336,4
2018-08-30,82.41999816894531,82.41999816894531,82.9000015258789,82.08999633789062,82.9000015258789,15
2018-08-31,82.30999755859375,82.30999755859375,82.9800033569336,82.61000061035156,82.70999908447266,15
2018-09-04,82.77999877929688,82.77999877929688,83.0199966430664,81.5199966430664,82.69999694824219,12
2018-09-05,81.70999908447266,81.70999908447266,81.70999908447266,81.70999908447266,81.70999908447266,26
2018-09-06,81.37999725341797,81.37999725341797,81.97000122070312,81.5999984741211,81.61000061035156,12
2018-09-07,82.12999725341797,82.12999725341797,82.12999725341797,82.12999725341797,82.12999725341797,1
2018-09-10,83.93000030517578,83.93000030517578,83.81999969482422,83.1500015258789,83.1500015258789,9
2018-09-11,83.02999877929688,83.02999877929688,83.88999938964844,82.73999786376953,83.87999725341797,9
2018-09-12,82.76000213623047,82.76000213623047,83.4000015258789,83.4000015258789,83.4000015258789,1
2018-09-13,81.62000274658203,81.62000274658203,82.19999694824219,81.91000366210938,82.18000030517578,60
2018-09-14,81.9000015258789,81.9000015258789,82.08000183105469,81.73999786376953,81.9800033569336,8
2018-09-17,81.51000213623047,81.51000213623047,82.33999633789062,81.94000244140625,81.94000244140625,19
2018-09-18,79.1500015258789,79.1500015258789,82.01000213623047,79.16999816894531,82.01000213623047,37
2018-09-19,79.62999725341797,79.62999725341797,80.06999969482422,79.30000305175781,79.38999938964844,6
2018-09-20,79.06999969482422,79.06999969482422,79.91999816894531,78.23999786376953,79.55999755859375,38
2018-09-21,79.27999877929688,79.27999877929688,79.44000244140625,79.0999984741211,79.18000030517578,5
2018-09-24,78.7300033569336,78.7300033569336,78.7300033569336,78.7300033569336,78.7300033569336,0
2018-09-25,80.41000366210938,80.41000366210938,80.19999694824219,80.0,80.0,2
2018-09-26,79.0,79.0,79.0,79.0,79.0,0
2018-09-27,78.12000274658203,78.12000274658203,78.12000274658203,78.12000274658203,78.12000274658203,0
2018-09-28,76.76000213623047,76.76000213623047,76.76000213623047,76.76000213623047,76.76000213623047,0
2018-10-01,76.69999694824219,76.69999694824219,76.77999877929688,76.77999877929688,76.77999877929688,1
2018-10-02,76.58000183105469,76.58000183105469,76.58000183105469,76.58000183105469,76.58000183105469,0
2018-10-03,76.8499984741211,76.8499984741211,76.8499984741211,76.8499984741211,76.8499984741211,0
2018-10-04,76.38999938964844,76.38999938964844,76.38999938964844,76.38999938964844,76.38999938964844,0
2018-10-05,76.48999786376953,76.48999786376953,76.48999786376953,76.48999786376953,76.48999786376953,0
2018-10-08,77.94000244140625,77.94000244140625,77.94000244140625,77.94000244140625,77.94000244140625,0
2018-10-09,77.4000015258789,77.4000015258789,77.4000015258789,77.4000015258789,77.4000015258789,16131
2018-10-10,76.80000305175781,76.80000305175781,77.56999969482422,76.48999786376953,77.01000213623047,14968
2018-10-11,76.80999755859375,76.80999755859375,77.76000213623047,76.1500015258789,76.87000274658203,18575
2018-10-12,78.37000274658203,78.37000274658203,78.87999725341797,76.87999725341797,76.87999725341797,18051
2018-10-15,78.72000122070312,78.72000122070312,79.16000366210938,77.8499984741211,78.69999694824219,15163
2018-10-16,78.33000183105469,78.33000183105469,79.0,78.25,78.93000030517578,13539
2018-10-17,77.91999816894531,77.91999816894531,78.5999984741211,77.66000366210938,78.44999694824219,11790
2018-10-18,78.05000305175781,78.05000305175781,78.4000015258789,77.33000183105469,77.91999816894531,14282
2018-10-19,77.91999816894531,77.91999816894531,78.1500015258789,77.5199966430664,78.1500015258789,11714
2018-10-22,80.0199966430664,80.0199966430664,80.13999938964844,77.76000213623047,77.8499984741211,23655
2018-10-23,78.98999786376953,78.98999786376953,80.0,78.18000030517578,80.0,22824
2018-10-24,77.06999969482422,77.06999969482422,79.5,77.0,79.02999877929688,22829
2018-10-25,77.68000030517578,77.68000030517578,77.75,76.13999938964844,77.06999969482422,21715
2018-10-26,78.52999877929688,78.52999877929688,78.7300033569336,77.11000061035156,77.88999938964844,15186
2018-10-29,77.16999816894531,77.16999816894531,79.5999984741211,77.05999755859375,78.83000183105469,12938
2018-10-30,76.9000015258789,76.9000015258789,77.5,76.55000305175781,77.11000061035156,10681
2018-10-31,76.86000061035156,76.86000061035156,77.04000091552734,76.48999786376953,76.7699966430664,13106
2018-11-01,79.02999877929688,79.02999877929688,79.5999984741211,76.52999877929688,77.06999969482422,35132
2018-11-02,78.79000091552734,78.79000091552734,79.77999877929688,78.30000305175781,79.02999877929688,16005
2018-11-05,78.87000274658203,78.87000274658203,79.4000015258789,78.29000091552734,78.88999938964844,17763
2018-11-06,77.43000030517578,77.43000030517578,79.16999816894531,76.83000183105469,78.94999694824219,31382
2018-11-07,78.95999908447266,78.95999908447266,79.7699966430664,77.19999694824219,77.36000061035156,30683
2018-11-08,79.01000213623047,79.01000213623047,80.5,78.69999694824219,79.06999969482422,29323
2018-11-09,78.08999633789062,78.08999633789062,79.19000244140625,77.19999694824219,79.01000213623047,36792
2018-11-12,76.37999725341797,76.37999725341797,78.11000061035156,76.33999633789062,78.08999633789062,24506
2018-11-13,75.86000061035156,75.86000061035156,76.81999969482422,75.62000274658203,76.37999725341797,21318
2018-11-14,76.38999938964844,76.38999938964844,76.79000091552734,75.86000061035156,76.08000183105469,18349
2018-11-15,76.25,76.25,76.87000274658203,75.8499984741211,76.44999694824219,14328
2018-11-16,76.12000274658203,76.12000274658203,77.25,76.0,76.25,12126
2018-11-19,75.87999725341797,75.87999725341797,76.87999725341797,75.58000183105469,76.41999816894531,10480
2018-11-20,75.2699966430664,75.2699966430664,76.19000244140625,75.22000122070312,75.79000091552734,10575
2018-11-21,76.51000213623047,76.51000213623047,77.19999694824219,75.11000061035156,75.30000305175781,11342
2018-11-23,74.91999816894531,74.91999816894531,76.4000015258789,74.86000061035156,76.4000015258789,3703
2018-11-26,77.4000015258789,77.4000015258789,77.36000061035156,75.19000244140625,75.22000122070312,343
2018-11-27,76.7699966430664,76.7699966430664,77.12999725341797,76.5,77.08999633789062,210
2018-11-28,77.76000213623047,77.76000213623047,77.8499984741211,77.33000183105469,77.36000061035156,222
2018-11-29,76.63999938964844,76.63999938964844,78.11000061035156,76.44999694824219,78.11000061035156,88
2018-11-30,77.16000366210938,77.16000366210938,77.94000244140625,77.79000091552734,77.94000244140625,72
2018-12-03,78.91000366210938,78.91000366210938,80.0,79.9000015258789,80.0,16
2018-12-04,78.7699966430664,78.7699966430664,79.25,78.44999694824219,79.22000122070312,20
2018-12-06,78.0199966430664,78.0199966430664,78.0199966430664,78.0199966430664,78.0199966430664,22141
2018-12-07,80.2300033569336,80.2300033569336,80.93000030517578,78.80000305175781,78.9000015258789,19461
2018-12-10,79.87999725341797,79.87999725341797,80.5999984741211,79.3499984741211,80.3499984741211,11456
2018-12-11,80.0199966430664,80.0199966430664,80.66000366210938,79.11000061035156,79.87999725341797,14248
2018-12-12,79.97000122070312,79.97000122070312,80.30000305175781,79.56999969482422,80.13999938964844,9776
2018-12-13,79.41000366210938,79.41000366210938,79.97000122070312,78.94999694824219,79.94000244140625,13158
2018-12-14,79.5999984741211,79.5999984741211,79.94000244140625,78.62000274658203,79.4000015258789,10297
2018-12-17,78.54000091552734,78.54000091552734,79.80000305175781,77.9000015258789,79.20999908447266,15076
2018-12-18,77.8499984741211,77.8499984741211,78.6500015258789,77.76000213623047,78.4000015258789,14419
2018-12-19,76.70999908447266,76.70999908447266,78.02999877929688,76.62999725341797,77.76000213623047,18118
2018-12-20,75.05999755859375,75.05999755859375,77.44000244140625,75.0199966430664,76.66999816894531,24813
2018-12-21,73.18000030517578,73.18000030517578,75.5999984741211,73.06999969482422,75.05999755859375,24738
2018-12-24,72.55000305175781,72.55000305175781,74.0,72.4000015258789,73.80000305175781,14458
2018-12-26,73.5,73.5,73.54000091552734,72.1500015258789,72.69999694824219,10452
2018-12-27,72.05999755859375,72.05999755859375,74.18000030517578,71.87000274658203,73.80000305175781,16933
2018-12-28,72.19000244140625,72.19000244140625,72.87000274658203,72.05000305175781,72.05000305175781,11409
2018-12-31,72.19999694824219,72.19999694824219,72.86000061035156,72.0999984741211,72.25,9085
2019-01-02,70.83999633789062,70.83999633789062,72.58999633789062,70.76000213623047,72.30000305175781,18923
2019-01-03,70.83000183105469,70.83000183105469,72.0,70.6500015258789,70.83000183105469,14610
2019-01-04,72.5199966430664,72.5199966430664,73.37000274658203,70.93000030517578,71.0,19774
2019-01-07,72.75,72.75,73.91999816894531,72.4800033569336,72.5199966430664,14287
2019-01-08,71.66999816894531,71.66999816894531,73.8499984741211,71.54000091552734,72.80999755859375,17142
2019-01-09,73.12999725341797,73.12999725341797,73.63999938964844,71.63999938964844,71.63999938964844,16726
2019-01-10,72.8499984741211,72.8499984741211,73.81999969482422,72.44000244140625,73.19999694824219,14447
2019-01-11,72.48999786376953,72.48999786376953,73.25,72.33999633789062,72.80000305175781,12850
2019-01-14,72.98999786376953,72.98999786376953,73.58000183105469,72.43000030517578,72.5999984741211,11234
2019-01-15,72.36000061035156,72.36000061035156,73.45999908447266,72.25,73.0199966430664,12598
2019-01-16,73.2699966430664,73.2699966430664,73.55999755859375,72.20999908447266,72.30000305175781,14341
2019-01-17,74.37000274658203,74.37000274658203,74.5999984741211,73.20999908447266,73.20999908447266,13742
2019-01-18,73.88999938964844,73.88999938964844,74.66000366210938,73.76000213623047,74.37000274658203,12577
2019-01-22,73.12999725341797,73.12999725341797,74.29000091552734,72.75,74.0,16729
2019-01-23,73.5199966430664,73.5199966430664,74.27999877929688,72.9800033569336,73.12999725341797,12432
2019-01-24,73.13999938964844,73.13999938964844,73.91000366210938,73.02999877929688,73.51000213623047,10129
2019-01-25,74.12999725341797,74.12999725341797,74.23999786376953,73.25,73.25,13846
2019-01-28,73.8499984741211,73.8499984741211,74.12999725341797,73.1500015258789,74.0,11814
2019-01-29,74.1500015258789,74.1500015258789,74.44999694824219,73.5,73.66000366210938,15274
2019-01-30,74.36000061035156,74.36000061035156,74.55000305175781,73.76000213623047,74.13999938964844,16901
2019-01-31,74.4000015258789,74.4000015258789,74.8499984741211,74.0,74.16000366210938,26336
2019-02-01,73.63999938964844,73.63999938964844,74.7300033569336,73.55999755859375,74.44999694824219,15855
2019-02-04,72.76000213623047,72.76000213623047,73.87000274658203,72.66000366210938,73.75,22446
2019-02-05,73.4000015258789,73.4000015258789,73.73999786376953,72.6500015258789,72.77999877929688,16326
2019-02-06,73.66000366210938,73.66000366210938,74.11000061035156,73.0999984741211,73.4000015258789,20600
2019-02-07,72.80999755859375,72.80999755859375,73.86000061035156,72.4800033569336,73.5999984741211,25564
2019-02-08,72.55000305175781,72.55000305175781,73.01000213623047,72.44999694824219,72.66000366210938,22138
2019-02-11,70.55000305175781,70.55000305175781,72.70999908447266,70.30000305175781,72.48999786376953,33763
2019-02-12,69.77999877929688,69.77999877929688,70.93000030517578,69.72000122070312,70.62000274658203,22365
2019-02-13,69.86000061035156,69.86000061035156,70.62000274658203,69.6500015258789,69.8499984741211,20329
2019-02-14,70.12999725341797,70.12999725341797,70.38999938964844,69.52999877929688,69.95999908447266,15191
2019-02-15,70.22000122070312,70.22000122070312,70.5,69.70999908447266,70.27999877929688,10072
2019-02-19,70.41000366210938,70.41000366210938,71.08999633789062,70.19999694824219,70.22000122070312,12345
2019-02-20,70.27999877929688,70.27999877929688,70.8499984741211,70.19999694824219,70.30000305175781,8618
2019-02-21,72.19000244140625,72.19000244140625,72.30000305175781,70.05000305175781,70.37000274658203,5409
2019-02-22,71.83999633789062,71.83999633789062,72.98999786376953,71.0,72.41999816894531,138
2019-02-25,71.93000030517578,71.93000030517578,72.54000091552734,72.05999755859375,72.19999694824219,55
2019-02-26,70.8499984741211,70.8499984741211,72.2699966430664,71.16000366210938,72.2699966430664,33
2019-02-27,71.19000244140625,71.19000244140625,71.2699966430664,71.25,71.25,6
2019-02-28,71.73999786376953,71.73999786376953,71.80000305175781,71.80000305175781,71.80000305175781,8
2019-03-01,72.7300033569336,72.7300033569336,72.33999633789062,71.4000015258789,72.33999633789062,9
2019-03-04,71.97000122070312,71.97000122070312,72.9800033569336,72.4800033569336,72.97000122070312,5
2019-03-05,73.44999694824219,73.44999694824219,72.7300033569336,72.62000274658203,72.7300033569336,4
2019-03-06,73.05000305175781,73.05000305175781,73.05000305175781,73.05000305175781,73.05000305175781,0
2019-03-07,71.9000015258789,71.9000015258789,72.12999725341797,72.12999725341797,72.12999725341797,17142
2019-03-08,73.48999786376953,73.48999786376953,73.7699966430664,72.51000213623047,73.13999938964844,14477
2019-03-11,73.19999694824219,73.19999694824219,73.8499984741211,73.05000305175781,73.37000274658203,11344
2019-03-12,74.8499984741211,74.8499984741211,75.0,73.0999984741211,73.0999984741211,22548
2019-03-13,75.72000122070312,75.72000122070312,75.9800033569336,74.72000122070312,74.94000244140625,22677
2019-03-14,74.30000305175781,74.30000305175781,75.87999725341797,74.0199966430664,75.69999694824219,19153
2019-03-15,75.5,75.5,75.83000183105469,74.27999877929688,74.30000305175781,14096
2019-03-18,75.2699966430664,75.2699966430664,75.91000366210938,74.88999938964844,75.4000015258789,12739
2019-03-19,75.6500015258789,75.6500015258789,76.3499984741211,75.20999908447266,75.22000122070312,17287
2019-03-20,75.5,75.5,75.87999725341797,75.1500015258789,75.52999877929688,11184
2019-03-21,77.18000030517578,77.18000030517578,77.81999969482422,75.37000274658203,75.69000244140625,24839
2019-03-22,76.58000183105469,76.58000183105469,77.58999633789062,76.05000305175781,77.0,18916
2019-03-25,77.7300033569336,77.7300033569336,77.7699966430664,76.16999816894531,76.69999694824219,18749
2019-03-26,77.88999938964844,77.88999938964844,77.9800033569336,77.41999816894531,77.62999725341797,14679
2019-03-27,76.94999694824219,76.94999694824219,77.7699966430664,76.58999633789062,77.75,16692
2019-03-28,75.87000274658203,75.87000274658203,77.1500015258789,75.5199966430664,76.94999694824219,16636
2019-03-29,77.61000061035156,77.61000061035156,77.80000305175781,75.72000122070312,75.9000015258789,20337
2019-04-01,77.36000061035156,77.36000061035156,77.87999725341797,77.18000030517578,77.7300033569336,17584
2019-04-02,77.2699966430664,77.2699966430664,77.37000274658203,76.47000122070312,77.2699966430664,15142
2019-04-03,77.05000305175781,77.05000305175781,77.93000030517578,76.91000366210938,77.2699966430664,15407
2019-04-04,77.31999969482422,77.31999969482422,77.80000305175781,76.8499984741211,76.8499984741211,14261
2019-04-05,78.25,78.25,78.4800033569336,77.05000305175781,77.31999969482422,22971
2019-04-08,78.91999816894531,78.91999816894531,79.08000183105469,77.8499984741211,78.38999938964844,28062
2019-04-09,78.08999633789062,78.08999633789062,79.30999755859375,77.56999969482422,78.87999725341797,31732
2019-04-10,77.62000274658203,77.62000274658203,78.3499984741211,77.31999969482422,78.18000030517578,22494
2019-04-11,76.9800033569336,76.9800033569336,77.94000244140625,76.86000061035156,77.7699966430664,26656
2019-04-12,78.11000061035156,78.11000061035156,78.6500015258789,76.87999725341797,76.9800033569336,21717
2019-04-15,76.48999786376953,76.48999786376953,78.43000030517578,75.69999694824219,78.13999938964844,14478
2019-04-16,77.94000244140625,77.94000244140625,78.22000122070312,76.48999786376953,76.48999786376953,8922
2019-04-17,78.11000061035156,78.11000061035156,78.44000244140625,77.5,77.94000244140625,6652
2019-04-18,77.30999755859375,77.30999755859375,78.31999969482422,77.02999877929688,78.31999969482422,4677
2019-04-22,77.19000244140625,77.19000244140625,77.86000061035156,77.0,77.6500015258789,4322
2019-04-23,76.56999969482422,76.56999969482422,77.0999984741211,76.11000061035156,77.0999984741211,2695
2019-04-24,75.7699966430664,75.7699966430664,76.4000015258789,75.8499984741211,76.4000015258789,43
2019-04-25,76.97000122070312,76.97000122070312,76.5,76.30000305175781,76.30000305175781,21
2019-04-26,76.75,76.75,76.58000183105469,76.54000091552734,76.58000183105469,2
2019-04-29,76.12999725341797,76.12999725341797,76.1500015258789,76.06999969482422,76.06999969482422,26
2019-04-30,75.9800033569336,75.9800033569336,75.9800033569336,75.9800033569336,75.9800033569336,3
2019-05-01,75.91000366210938,75.91000366210938,75.45999908447266,75.45999908447266,75.45999908447266,1
2019-05-02,74.6500015258789,74.6500015258789,75.6500015258789,74.9800033569336,75.6500015258789,4
2019-05-03,74.77999877929688,74.77999877929688,74.77999877929688,74.77999877929688,74.77999877929688,0
2019-05-06,72.6500015258789,72.6500015258789,73.19999694824219,72.4000015258789,73.19999694824219,2
2019-05-07,72.27999877929688,72.27999877929688,72.9000015258789,72.2699966430664,72.9000015258789,2
2019-05-08,71.44999694824219,71.44999694824219,72.0,72.0,72.0,28039
2019-05-09,70.2300033569336,70.2300033569336,72.33999633789062,69.63999938964844,72.19999694824219,34573
2019-05-10,68.44999694824219,68.44999694824219,71.5199966430664,68.3499984741211,70.30999755859375,26951
2019-05-13,65.44999694824219,65.44999694824219,68.58999633789062,65.44999694824219,68.5,32758
2019-05-14,66.76000213623047,66.76000213623047,67.1500015258789,64.5,65.8499984741211,28629
2019-05-15,66.3499984741211,66.3499984741211,67.2699966430664,65.79000091552734,66.80000305175781,18427
2019-05-16,66.80000305175781,66.80000305175781,67.16999816894531,66.33000183105469,66.33000183105469,13732
2019-05-17,65.98999786376953,65.98999786376953,66.80000305175781,65.83000183105469,66.66000366210938,12236
2019-05-20,67.91000366210938,67.91000366210938,67.98999786376953,65.8499984741211,66.1500015258789,17056
2019-05-21,67.31999969482422,67.31999969482422,68.23999786376953,67.01000213623047,68.0,14216
2019-05-22,66.75,66.75,67.44999694824219,66.12000274658203,67.33000183105469,11000
2019-05-23,67.4800033569336,67.4800033569336,68.22000122070312,66.51000213623047,66.75,14727
2019-05-24,68.38999938964844,68.38999938964844,68.58999633789062,67.3499984741211,67.3499984741211,13417
2019-05-28,69.47000122070312,69.47000122070312,69.5,68.45999908447266,68.45999908447266,17323
2019-05-29,69.05999755859375,69.05999755859375,69.80999755859375,68.61000061035156,69.66000366210938,14394
2019-05-30,69.33999633789062,69.33999633789062,69.5,68.18000030517578,68.80999755859375,12082
2019-05-31,68.08000183105469,68.08000183105469,69.69000244140625,68.0,69.4800033569336,13822
2019-06-03,69.41999816894531,69.41999816894531,69.54000091552734,66.9000015258789,68.19999694824219,29977
2019-06-04,68.97000122070312,68.97000122070312,69.91000366210938,68.4800033569336,69.91000366210938,24464
2019-06-05,68.73999786376953,68.73999786376953,69.62000274658203,68.41999816894531,69.30000305175781,16640
2019-06-06,68.58999633789062,68.58999633789062,68.72000122070312,67.4800033569336,68.63999938964844,16514
2019-06-07,65.58999633789062,65.58999633789062,68.72000122070312,65.58999633789062,68.58999633789062,31251
2019-06-10,65.98999786376953,65.98999786376953,66.5,64.8499984741211,65.6500015258789,32585
2019-06-11,65.6500015258789,65.6500015258789,66.36000061035156,65.29000091552734,66.13999938964844,21366
2019-06-12,66.56999969482422,66.56999969482422,66.94999694824219,65.43000030517578,65.66000366210938,24617
2019-06-13,66.83000183105469,66.83000183105469,67.5199966430664,66.04000091552734,66.56999969482422,19727
2019-06-14,65.94000244140625,65.94000244140625,66.95999908447266,65.9000015258789,66.83999633789062,13798
2019-06-17,65.62999725341797,65.62999725341797,66.5,65.31999969482422,66.02999877929688,12302
2019-06-18,65.31999969482422,65.31999969482422,66.98999786376953,64.97000122070312,65.62999725341797,9666
2019-06-19,65.37999725341797,65.37999725341797,66.30000305175781,65.31999969482422,65.48999786376953,6695
2019-06-20,63.209999084472656,63.209999084472656,65.80000305175781,62.380001068115234,65.31999969482422,7572
2019-06-21,61.189998626708984,61.189998626708984,64.0,60.27000045776367,63.349998474121094,2659
2019-06-24,62.29999923706055,62.29999923706055,62.790000915527344,61.75,61.75,154
2019-06-25,62.20000076293945,62.20000076293945,62.54999923706055,61.79999923706055,62.43000030517578,106
2019-06-26,63.4900016784668,63.4900016784668,64.45999908447266,64.45999908447266,64.45999908447266,17
2019-06-27,62.9900016784668,62.9900016784668,64.29000091552734,62.0,62.380001068115234,24
2019-06-28,63.150001525878906,63.150001525878906,63.599998474121094,63.599998474121094,63.599998474121094,3
2019-07-01,63.16999816894531,63.16999816894531,66.2300033569336,66.2300033569336,66.2300033569336,2
2019-07-02,63.77000045776367,63.77000045776367,63.77000045776367,63.77000045776367,63.77000045776367,0
2019-07-03,63.75,63.75,63.75,63.75,63.75,0
2019-07-05,63.439998626708984,63.439998626708984,65.56999969482422,62.93000030517578,65.56999969482422,2
2019-07-08,62.33000183105469,62.33000183105469,62.33000183105469,62.33000183105469,62.33000183105469,0
2019-07-09,60.22999954223633,60.22999954223633,60.22999954223633,60.22999954223633,60.22999954223633,53
2019-07-10,63.540000915527344,63.540000915527344,63.79999923706055,62.869998931884766,62.869998931884766,43
2019-07-11,62.88999938964844,62.88999938964844,63.75,62.56999969482422,63.630001068115234,32
2019-07-12,62.36000061035156,62.36000061035156,63.220001220703125,62.36000061035156,63.220001220703125,25
2019-07-15,63.70000076293945,63.70000076293945,63.68000030517578,62.119998931884766,62.650001525878906,35
2019-07-16,62.33000183105469,62.33000183105469,63.380001068115234,62.25,63.2400016784668,29
2019-07-17,61.88999938964844,61.88999938964844,62.439998626708984,61.540000915527344,62.25,13
2019-07-18,60.779998779296875,60.779998779296875,61.599998474121094,60.779998779296875,61.599998474121094,34
2019-07-19,62.25,62.25,62.31999969482422,60.959999084472656,60.959999084472656,32
2019-07-22,62.790000915527344,62.790000915527344,63.709999084472656,62.63999938964844,62.70000076293945,66
2019-07-23,63.290000915527344,63.290000915527344,63.25,62.52000045776367,62.790000915527344,10
2019-07-24,63.88999938964844,63.88999938964844,64.16999816894531,63.529998779296875,63.529998779296875,17
2019-07-25,63.810001373291016,63.810001373291016,64.30000305175781,63.599998474121094,63.97999954223633,18
2019-07-26,64.23999786376953,64.23999786376953,63.81999969482422,63.45000076293945,63.81999969482422,8
2019-07-29,63.77000045776367,63.77000045776367,63.65999984741211,62.810001373291016,63.529998779296875,23
2019-07-30,62.869998931884766,62.869998931884766,63.84000015258789,63.0,63.84000015258789,6
2019-07-31,63.220001220703125,63.220001220703125,63.34000015258789,62.56999969482422,62.56999969482422,10
2019-08-01,61.84000015258789,61.84000015258789,64.0199966430664,61.61000061035156,64.0199966430664,25
2019-08-02,58.939998626708984,58.939998626708984,61.5,58.84000015258789,61.5,36
2019-08-05,57.90999984741211,57.90999984741211,59.0099983215332,56.4900016784668,59.0099983215332,64
2019-08-06,58.27000045776367,58.27000045776367,58.22999954223633,57.91999816894531,57.95000076293945,10
2019-08-07,58.58000183105469,58.58000183105469,58.40999984741211,57.2400016784668,57.9900016784668,31
2019-08-08,59.540000915527344,59.540000915527344,59.529998779296875,58.61000061035156,58.779998779296875,45
2019-08-09,59.04999923706055,59.04999923706055,59.349998474121094,58.7599983215332,59.0,17
2019-08-12,58.029998779296875,58.029998779296875,58.91999816894531,57.7599983215332,58.91999816894531,52
2019-08-13,59.34000015258789,59.34000015258789,59.90999984741211,57.70000076293945,58.13999938964844,20
2019-08-14,59.61000061035156,59.61000061035156,59.68000030517578,59.150001525878906,59.380001068115234,6
2019-08-15,59.65999984741211,59.65999984741211,60.119998931884766,59.52000045776367,59.900001525878906,8
2019-08-16,60.08000183105469,60.08000183105469,60.0,59.95000076293945,60.0,3
2019-08-19,59.18000030517578,59.18000030517578,60.029998779296875,59.20000076293945,59.68000030517578,7
2019-08-20,59.16999816894531,59.16999816894531,59.7599983215332,59.59000015258789,59.59000015258789,24
2019-08-21,59.869998931884766,59.869998931884766,59.65999984741211,58.650001525878906,59.0,34
2019-08-22,58.869998931884766,58.869998931884766,60.06999969482422,59.189998626708984,60.029998779296875,8
2019-08-23,57.970001220703125,57.970001220703125,58.7400016784668,58.06999969482422,58.43000030517578,7
2019-08-26,57.65999984741211,57.65999984741211,57.599998474121094,56.189998626708984,57.58000183105469,27
2019-08-27,57.540000915527344,57.540000915527344,58.61000061035156,57.2400016784668,57.25,42
2019-08-28,58.349998474121094,58.349998474121094,58.029998779296875,58.029998779296875,58.029998779296875,4
2019-08-29,58.880001068115234,58.880001068115234,58.68000030517578,57.720001220703125,58.36000061035156,40
2019-08-30,59.04999923706055,59.04999923706055,59.08000183105469,58.72999954223633,58.7400016784668,15
2019-09-03,58.310001373291016,58.310001373291016,59.209999084472656,58.0,59.209999084472656,35
2019-09-04,58.77000045776367,58.77000045776367,59.41999816894531,58.59000015258789,58.81999969482422,40
2019-09-05,59.15999984741211,59.15999984741211,59.439998626708984,58.790000915527344,58.790000915527344,23
2019-09-06,58.72999954223633,58.72999954223633,59.4900016784668,58.54999923706055,59.4900016784668,38
2019-09-09,59.119998931884766,59.119998931884766,59.20000076293945,58.709999084472656,58.75,19
2019-09-10,59.5,59.5,59.7599983215332,59.20000076293945,59.20000076293945,19
2019-09-11,59.369998931884766,59.369998931884766,59.47999954223633,59.349998474121094,59.47999954223633,6
2019-09-12,62.25,62.25,62.25,59.400001525878906,59.400001525878906,142
2019-09-13,61.630001068115234,61.630001068115234,62.810001373291016,61.58000183105469,62.27000045776367,73
2019-09-16,61.59000015258789,61.59000015258789,61.619998931884766,61.29999923706055,61.29999923706055,56
2019-09-17,60.119998931884766,60.119998931884766,61.59000015258789,59.970001220703125,61.59000015258789,35
2019-09-18,59.36000061035156,59.36000061035156,59.7599983215332,59.25,59.7599983215332,36
2019-09-19,58.9900016784668,58.9900016784668,59.380001068115234,59.099998474121094,59.099998474121094,30
2019-09-20,59.130001068115234,59.130001068115234,59.43000030517578,59.02000045776367,59.349998474121094,56
2019-09-23,59.83000183105469,59.83000183105469,60.25,58.68000030517578,58.81999969482422,69
2019-09-24,59.31999969482422,59.31999969482422,60.34000015258789,58.79999923706055,60.34000015258789,8
2019-09-25,59.369998931884766,59.369998931884766,59.369998931884766,59.369998931884766,59.369998931884766,0
2019-09-26,59.20000076293945,59.20000076293945,59.20000076293945,59.20000076293945,59.20000076293945,0
2019-09-27,59.81999969482422,59.81999969482422,59.81999969482422,59.81999969482422,59.81999969482422,0
2019-09-30,59.75,59.75,59.75,59.75,59.75,0
2019-10-01,59.900001525878906,59.900001525878906,59.900001525878906,59.900001525878906,59.900001525878906,0
2019-10-02,60.25,60.25,60.709999084472656,60.709999084472656,60.709999084472656,1
2019-10-03,60.52000045776367,60.52000045776367,60.52000045776367,60.52000045776367,60.52000045776367,0
2019-10-04,60.59000015258789,60.59000015258789,60.59000015258789,60.59000015258789,60.59000015258789,0
2019-10-07,60.75,60.75,60.75,60.75,60.75,0
2019-10-08,60.2400016784668,60.2400016784668,60.2400016784668,60.2400016784668,60.2400016784668,0
2019-10-09,61.0099983215332,61.0099983215332,61.0099983215332,61.0099983215332,61.0099983215332,13585
2019-10-10,61.41999816894531,61.41999816894531,62.470001220703125,61.36000061035156,62.0,12571
2019-10-11,63.880001068115234,63.880001068115234,64.0,61.47999954223633,61.81999969482422,39033
2019-10-14,62.220001220703125,62.220001220703125,65.8499984741211,62.189998626708984,64.19999694824219,33245
2019-10-15,63.529998779296875,63.529998779296875,63.68000030517578,61.720001220703125,62.150001525878906,22278
2019-10-16,64.54000091552734,64.54000091552734,64.58000183105469,63.040000915527344,63.5,21137
2019-10-17,64.98999786376953,64.98999786376953,65.13999938964844,64.19000244140625,64.5,17549
2019-10-18,65.16000366210938,65.16000366210938,65.38999938964844,65.0,65.19999694824219,16479
2019-10-21,64.55999755859375,64.55999755859375,65.4800033569336,64.44000244140625,65.19000244140625,18874
2019-10-22,64.66999816894531,64.66999816894531,65.19999694824219,63.959999084472656,64.44000244140625,17911
2019-10-23,64.94999694824219,64.94999694824219,65.18000030517578,64.4000015258789,64.44999694824219,12477
2019-10-24,64.6500015258789,64.6500015258789,65.55000305175781,64.5999984741211,65.0,12270
2019-10-25,64.9000015258789,64.9000015258789,65.69999694824219,64.58000183105469,64.69999694824219,16448
2019-10-28,64.79000091552734,64.79000091552734,65.30000305175781,64.4800033569336,65.11000061035156,14899
2019-10-29,64.72000122070312,64.72000122070312,65.4800033569336,64.69999694824219,64.91000366210938,13548
2019-10-30,65.69999694824219,65.69999694824219,65.98999786376953,64.63999938964844,64.6500015258789,22714
2019-10-31,64.44000244140625,64.44000244140625,65.95999908447266,64.0199966430664,65.5999984741211,35383
2019-11-01,64.2300033569336,64.2300033569336,64.91000366210938,63.810001373291016,64.45999908447266,24411
2019-11-04,63.65999984741211,63.65999984741211,64.9800033569336,63.540000915527344,64.7300033569336,24139
2019-11-05,63.810001373291016,63.810001373291016,64.20999908447266,63.54999923706055,63.66999816894531,24082
2019-11-06,63.689998626708984,63.689998626708984,64.11000061035156,63.45000076293945,63.810001373291016,23267
2019-11-07,64.3499984741211,64.3499984741211,64.8499984741211,63.459999084472656,63.630001068115234,29235
2019-11-08,64.72000122070312,64.72000122070312,65.05999755859375,63.61000061035156,64.3499984741211,35657
2019-11-11,64.29000091552734,64.29000091552734,64.8499984741211,63.72999954223633,64.56999969482422,33881
2019-11-12,64.73999786376953,64.73999786376953,64.83000183105469,64.01000213623047,64.0999984741211,25686
2019-11-13,64.22000122070312,64.22000122070312,64.8499984741211,64.12999725341797,64.80000305175781,18788
2019-11-14,64.2699966430664,64.2699966430664,64.91999816894531,63.849998474121094,64.18000030517578,10324
2019-11-15,64.86000061035156,64.86000061035156,65.0,64.23999786376953,64.26000213623047,11335
2019-11-18,64.20999908447266,64.20999908447266,64.9000015258789,63.5099983215332,64.9000015258789,8768
2019-11-19,63.439998626708984,63.439998626708984,64.23999786376953,63.29999923706055,63.849998474121094,8816
2019-11-20,62.2400016784668,62.2400016784668,63.79999923706055,62.150001525878906,63.349998474121094,13229
2019-11-21,61.84000015258789,61.84000015258789,62.75,61.72999954223633,62.099998474121094,7342
2019-11-22,63.41999816894531,63.41999816894531,63.619998931884766,62.27000045776367,63.349998474121094,236
2019-11-25,64.69000244140625,64.69000244140625,64.75,63.5,64.0,45
2019-11-26,64.9000015258789,64.9000015258789,64.70999908447266,64.66000366210938,64.70999908447266,5
2019-11-27,64.91000366210938,64.91000366210938,64.86000061035156,64.66999816894531,64.8499984741211,585
2019-11-29,64.4000015258789,64.4000015258789,64.69000244140625,63.380001068115234,64.69000244140625,41
2019-12-02,63.849998474121094,63.849998474121094,64.75,64.5199966430664,64.75,6
2019-12-03,63.099998474121094,63.099998474121094,63.099998474121094,63.099998474121094,63.099998474121094,0
2019-12-04,63.16999816894531,63.16999816894531,64.5,63.20000076293945,63.540000915527344,221
2019-12-05,63.5099983215332,63.5099983215332,64.70999908447266,64.69999694824219,64.69999694824219,2
2019-12-06,65.0,65.0,64.05999755859375,64.05999755859375,64.05999755859375,24205
2019-12-09,65.37999725341797,65.37999725341797,66.25,64.80999755859375,66.01000213623047,19314
2019-12-10,65.93000030517578,65.93000030517578,66.2300033569336,64.87999725341797,65.73999786376953,16233
2019-12-11,65.87999725341797,65.87999725341797,66.19000244140625,65.33999633789062,65.93000030517578,12650
2019-12-12,67.16999816894531,67.16999816894531,67.37999725341797,65.56999969482422,65.76000213623047,31698
2019-12-13,66.80000305175781,66.80000305175781,67.80000305175781,66.43000030517578,67.48999786376953,31004
2019-12-16,66.97000122070312,66.97000122070312,67.43000030517578,66.43000030517578,66.80000305175781,19347
2019-12-17,66.44000244140625,66.44000244140625,67.06999969482422,66.30000305175781,66.75,15404
2019-12-18,66.73999786376953,66.73999786376953,67.18000030517578,66.25,66.44999694824219,13865
2019-12-19,67.58000183105469,67.58000183105469,67.87999725341797,66.69000244140625,66.73999786376953,16097
2019-12-20,67.95999908447266,67.95999908447266,68.30999755859375,67.12000274658203,67.58000183105469,18094
2019-12-23,68.61000061035156,68.61000061035156,68.75,67.56999969482422,67.97000122070312,16399
2019-12-24,68.69999694824219,68.69999694824219,68.7300033569336,68.22000122070312,68.5,15411
2019-12-26,68.69999694824219,68.69999694824219,69.33999633789062,68.45999908447266,68.69999694824219,13713
2019-12-27,68.91999816894531,68.91999816894531,69.33000183105469,68.5,68.75,13708
2019-12-30,69.55999755859375,69.55999755859375,69.69000244140625,68.94000244140625,68.94000244140625,17634
2019-12-31,69.05000305175781,69.05000305175781,69.72000122070312,68.80000305175781,69.55999755859375,15411
2020-01-02,69.2699966430664,69.2699966430664,69.73999786376953,69.04000091552734,69.12000274658203,21477
2020-01-03,69.19999694824219,69.19999694824219,69.61000061035156,68.5,69.01000213623047,19512
2020-01-06,70.04000091552734,70.04000091552734,70.0999984741211,69.29000091552734,69.29000091552734,21680
2020-01-07,69.83000183105469,69.83000183105469,70.25,69.45999908447266,70.06999969482422,14186
2020-01-08,69.95999908447266,69.95999908447266,70.04000091552734,69.05000305175781,69.69000244140625,18796
2020-01-09,70.69000244140625,70.69000244140625,70.8499984741211,69.55999755859375,69.95999908447266,22487
2020-01-10,71.30999755859375,71.30999755859375,71.38999938964844,70.3499984741211,70.5,25520
2020-01-13,71.52999877929688,71.52999877929688,71.95999908447266,71.18000030517578,71.30999755859375,19665
2020-01-14,71.37999725341797,71.37999725341797,71.75,70.9000015258789,71.5,19646
2020-01-15,70.31999969482422,70.31999969482422,71.37999725341797,70.0999984741211,71.37999725341797,19480
2020-01-16,70.22000122070312,70.22000122070312,70.37999725341797,69.7300033569336,70.25,15939
2020-01-17,71.25,71.25,71.37000274658203,69.94999694824219,70.0,20092
2020-01-21,69.23999786376953,69.23999786376953,71.25,69.12000274658203,71.25,31895
2020-01-22,71.12999725341797,71.12999725341797,71.30000305175781,68.70999908447266,69.0199966430664,32181
2020-01-23,70.02999877929688,70.02999877929688,71.0,69.80000305175781,71.0,19121
2020-01-24,69.4000015258789,69.4000015258789,70.25,69.3499984741211,69.9800033569336,16514
2020-01-27,69.51000213623047,69.51000213623047,69.80999755859375,68.0,69.25,29857
2020-01-28,70.36000061035156,70.36000061035156,70.5999984741211,69.0199966430664,69.02999877929688,18256
2020-01-29,70.05999755859375,70.05999755859375,70.91999816894531,69.87000274658203,70.4000015258789,13506
2020-01-30,69.05000305175781,69.05000305175781,70.05999755859375,68.54000091552734,70.05999755859375,16499
2020-01-31,67.5,67.5,69.3499984741211,67.4000015258789,68.95999908447266,27610
2020-02-03,66.83999633789062,66.83999633789062,68.05999755859375,66.75,67.29000091552734,29333
2020-02-04,67.3499984741211,67.3499984741211,68.2300033569336,66.8499984741211,66.8499984741211,36866
2020-02-05,67.51000213623047,67.51000213623047,68.41999816894531,67.31999969482422,67.5999984741211,24834
2020-02-06,67.91000366210938,67.91000366210938,68.19999694824219,67.51000213623047,67.52999877929688,25014
2020-02-07,67.75,67.75,68.0,67.0999984741211,67.8499984741211,27935
2020-02-10,68.19000244140625,68.19000244140625,68.36000061035156,67.62000274658203,67.62000274658203,30316
2020-02-11,68.2300033569336,68.2300033569336,68.55000305175781,67.88999938964844,68.0,24289
2020-02-12,68.58000183105469,68.58000183105469,68.79000091552734,67.7699966430664,68.25,22534
2020-02-13,67.75,67.75,68.56999969482422,67.72000122070312,68.56999969482422,18205
2020-02-14,67.41000366210938,67.41000366210938,67.93000030517578,67.20999908447266,67.76000213623047,12470
2020-02-18,67.87000274658203,67.87000274658203,68.91000366210938,67.83000183105469,67.94000244140625,10513
2020-02-19,68.4800033569336,68.4800033569336,69.02999877929688,67.94000244140625,67.94000244140625,9243
2020-02-20,68.75,68.75,68.80000305175781,67.7300033569336,68.4000015258789,7816
2020-02-21,68.93000030517578,68.93000030517578,68.98999786376953,68.0,68.75,3750
2020-02-24,67.52999877929688,67.52999877929688,67.93000030517578,65.9000015258789,67.93000030517578,112
2020-02-25,66.33000183105469,66.33000183105469,67.05000305175781,67.05000305175781,67.05000305175781,3
2020-02-26,65.55000305175781,65.55000305175781,65.7300033569336,65.66000366210938,65.68000030517578,26
2020-02-27,62.599998474121094,62.599998474121094,64.37999725341797,64.37999725341797,65.25,8
2020-02-28,61.59000015258789,61.59000015258789,61.95000076293945,60.70000076293945,61.95000076293945,4
2020-03-02,63.47999954223633,63.47999954223633,62.97999954223633,62.97999954223633,62.97999954223633,1
2020-03-03,62.75,62.75,62.75,62.75,62.75,0
2020-03-04,62.959999084472656,62.959999084472656,62.959999084472656,62.959999084472656,62.959999084472656,0
2020-03-05,63.529998779296875,63.529998779296875,63.689998626708984,63.689998626708984,63.689998626708984,1
2020-03-06,62.970001220703125,62.970001220703125,62.970001220703125,62.970001220703125,62.970001220703125,0
2020-03-09,61.38999938964844,61.38999938964844,61.38999938964844,61.38999938964844,61.38999938964844,30022
2020-03-10,61.40999984741211,61.40999984741211,62.90999984741211,61.0099983215332,62.25,19931
2020-03-11,61.54999923706055,61.54999923706055,61.939998626708984,61.310001373291016,61.40999984741211,14480
2020-03-12,59.70000076293945,59.70000076293945,61.599998474121094,59.349998474121094,61.599998474121094,34718
2020-03-13,60.4900016784668,60.4900016784668,61.90999984741211,58.56999969482422,59.349998474121094,31028
2020-03-16,58.79999923706055,58.79999923706055,59.720001220703125,58.099998474121094,59.400001525878906,25832
2020-03-17,57.91999816894531,57.91999816894531,59.66999816894531,57.86000061035156,58.7599983215332,19127
2020-03-18,56.63999938964844,56.63999938964844,58.59000015258789,55.650001525878906,57.959999084472656,28005
2020-03-19,54.93000030517578,54.93000030517578,56.95000076293945,53.63999938964844,56.29999923706055,27427
2020-03-20,53.68000030517578,53.68000030517578,56.349998474121094,53.20000076293945,55.31999969482422,22807
2020-03-23,52.150001525878906,52.150001525878906,52.900001525878906,50.68000030517578,52.77000045776367,30377
2020-03-24,52.88999938964844,52.88999938964844,54.869998931884766,51.15999984741211,52.040000915527344,23556
2020-03-25,53.439998626708984,53.439998626708984,54.279998779296875,52.220001220703125,53.189998626708984,15522
2020-03-26,52.779998779296875,52.779998779296875,54.0099983215332,52.5,53.439998626708984,11744
2020-03-27,51.33000183105469,51.33000183105469,53.31999969482422,51.150001525878906,52.779998779296875,14026
2020-03-30,50.70000076293945,50.70000076293945,51.130001068115234,48.79999923706055,51.04999923706055,18721
2020-03-31,51.130001068115234,51.130001068115234,51.72999954223633,49.459999084472656,50.5,15783
2020-04-01,48.40999984741211,48.40999984741211,51.25,48.349998474121094,50.97999954223633,19089
2020-04-02,49.9900016784668,49.9900016784668,51.47999954223633,48.58000183105469,48.95000076293945,20779
2020-04-03,50.97999954223633,50.97999954223633,51.13999938964844,49.66999816894531,49.970001220703125,13730
2020-04-06,53.04999923706055,53.04999923706055,53.86000061035156,49.310001373291016,50.880001068115234,34088
2020-04-07,52.900001525878906,52.900001525878906,53.58000183105469,52.36000061035156,53.41999816894531,24014
2020-04-08,53.84000015258789,53.84000015258789,54.130001068115234,52.189998626708984,52.709999084472656,23953
2020-04-09,54.369998931884766,54.369998931884766,54.5,53.06999969482422,53.630001068115234,18492
2020-04-13,52.7599983215332,52.7599983215332,54.54999923706055,52.349998474121094,54.33000183105469,16617
2020-04-14,52.5099983215332,52.5099983215332,53.06999969482422,52.349998474121094,52.7599983215332,12622
2020-04-15,52.75,52.75,53.189998626708984,51.90999984741211,52.63999938964844,14095
2020-04-16,52.790000915527344,52.790000915527344,53.380001068115234,52.099998474121094,52.709999084472656,4447
2020-04-17,52.77000045776367,52.77000045776367,53.7599983215332,52.650001525878906,53.5,3080
2020-04-20,54.029998779296875,54.029998779296875,54.27000045776367,52.5099983215332,52.77000045776367,4548
2020-04-21,53.310001373291016,53.310001373291016,54.099998474121094,52.0,54.099998474121094,3470
2020-04-22,56.279998779296875,56.279998779296875,56.310001373291016,52.29999923706055,52.72999954223633,3175
2020-04-23,56.880001068115234,56.880001068115234,57.95000076293945,56.0099983215332,56.540000915527344,2374
2020-04-24,54.93000030517578,54.93000030517578,56.599998474121094,54.630001068115234,56.25,59
2020-04-27,53.93000030517578,53.93000030517578,53.93000030517578,53.93000030517578,53.93000030517578,0
2020-04-28,56.18000030517578,56.18000030517578,57.77000045776367,57.77000045776367,57.77000045776367,1
2020-04-29,58.02000045776367,58.02000045776367,57.83000183105469,57.83000183105469,57.83000183105469,3
2020-04-30,58.060001373291016,58.060001373291016,58.060001373291016,58.060001373291016,58.060001373291016,0
2020-05-01,56.560001373291016,56.560001373291016,56.560001373291016,56.560001373291016,56.560001373291016,0
2020-05-04,55.0,55.0,55.0,55.0,55.0,0
2020-05-05,53.90999984741211,53.90999984741211,54.060001373291016,52.150001525878906,54.060001373291016,4
2020-05-06,54.83000183105469,54.83000183105469,54.83000183105469,54.83000183105469,54.83000183105469,13765
2020-05-07,55.38999938964844,55.38999938964844,56.45000076293945,54.41999816894531,54.599998474121094,14437
2020-05-08,56.27000045776367,56.27000045776367,57.04999923706055,55.38999938964844,55.38999938964844,12673
2020-05-11,56.630001068115234,56.630001068115234,57.150001525878906,55.75,55.75,10207
2020-05-12,58.34000015258789,58.34000015258789,58.59000015258789,56.0,56.560001373291016,19223
2020-05-13,57.459999084472656,57.459999084472656,58.43000030517578,56.959999084472656,58.29999923706055,18961
2020-05-14,57.849998474121094,57.849998474121094,58.22999954223633,56.79999923706055,57.66999816894531,9917
2020-05-15,58.25,58.25,58.86000061035156,57.349998474121094,57.849998474121094,12545
2020-05-18,57.79999923706055,57.79999923706055,58.959999084472656,57.400001525878906,58.400001525878906,11952
2020-05-19,59.20000076293945,59.20000076293945,59.4900016784668,57.91999816894531,57.9900016784668,14707
2020-05-20,58.209999084472656,58.209999084472656,59.849998474121094,58.099998474121094,59.38999938964844,14289
2020-05-21,58.060001373291016,58.060001373291016,58.70000076293945,57.31999969482422,58.150001525878906,15732
2020-05-22,57.61000061035156,57.61000061035156,58.209999084472656,57.060001373291016,58.06999969482422,0
2020-05-26,58.22999954223633,58.22999954223633,59.45000076293945,57.65999984741211,57.79999923706055,11820
2020-05-27,58.34000015258789,58.34000015258789,58.599998474121094,57.619998931884766,58.459999084472656,9822
2020-05-28,57.56999969482422,57.56999969482422,58.540000915527344,57.529998779296875,58.4900016784668,8639
2020-05-29,57.59000015258789,57.59000015258789,57.72999954223633,56.560001373291016,57.5,16745
2020-06-01,60.060001373291016,60.060001373291016,60.38999938964844,57.2599983215332,57.59000015258789,32114
2020-06-02,60.369998931884766,60.369998931884766,61.150001525878906,60.0,60.29999923706055,20390
2020-06-03,60.47999954223633,60.47999954223633,60.72999954223633,59.84000015258789,60.369998931884766,10644
2020-06-04,60.0,60.0,60.43000030517578,59.65999984741211,60.16999816894531,13450
2020-06-05,61.790000915527344,61.790000915527344,62.31999969482422,59.75,59.88999938964844,26742
2020-06-08,60.810001373291016,60.810001373291016,62.15999984741211,60.58000183105469,62.15999984741211,15193
2020-06-09,60.52000045776367,60.52000045776367,61.33000183105469,60.209999084472656,60.86000061035156,14910
2020-06-10,60.5099983215332,60.5099983215332,60.70000076293945,59.810001373291016,60.599998474121094,13805
2020-06-11,60.02000045776367,60.02000045776367,60.5099983215332,59.349998474121094,60.20000076293945,21245
2020-06-12,59.84000015258789,59.84000015258789,60.380001068115234,59.47999954223633,60.02000045776367,10003
2020-06-15,59.0099983215332,59.0099983215332,59.79999923706055,58.689998626708984,59.79999923706055,9617
2020-06-16,60.06999969482422,60.06999969482422,60.380001068115234,59.150001525878906,59.400001525878906,5735
2020-06-17,61.34000015258789,61.34000015258789,61.36000061035156,59.90999984741211,60.060001373291016,4804
2020-06-18,61.16999816894531,61.16999816894531,61.72999954223633,60.849998474121094,61.380001068115234,4449
2020-06-19,61.560001373291016,61.560001373291016,62.0,61.029998779296875,61.029998779296875,2857
2020-06-22,62.52000045776367,62.52000045776367,62.849998474121094,61.150001525878906,61.5,3598
2020-06-23,63.040000915527344,63.040000915527344,63.13999938964844,61.75,62.52000045776367,5025
2020-06-24,61.65999984741211,61.65999984741211,63.040000915527344,61.79999923706055,63.040000915527344,190
2020-06-25,61.810001373291016,61.810001373291016,61.79999923706055,61.5,61.5,248
2020-06-26,60.54999923706055,60.54999923706055,61.5,60.099998474121094,61.5,134
2020-06-29,59.619998931884766,59.619998931884766,60.099998474121094,59.130001068115234,60.099998474121094,79
2020-06-30,60.97999954223633,60.97999954223633,60.97999954223633,60.97999954223633,60.97999954223633,37
2020-07-01,62.58000183105469,62.58000183105469,62.58000183105469,62.58000183105469,62.58000183105469,0
2020-07-02,63.04999923706055,63.04999923706055,63.04999923706055,63.04999923706055,63.04999923706055,0
2020-07-06,63.06999969482422,63.06999969482422,63.06999969482422,63.06999969482422,63.06999969482422,0
2020-07-07,63.2400016784668,63.2400016784668,63.2400016784668,63.2400016784668,63.2400016784668,0
2020-07-08,64.66000366210938,64.66000366210938,64.87999725341797,64.87000274658203,64.87000274658203,43
2020-07-09,63.34000015258789,63.34000015258789,64.01000213623047,62.099998474121094,64.01000213623047,34
2020-07-10,64.70999908447266,64.70999908447266,64.94000244140625,64.41999816894531,64.94000244140625,15
2020-07-13,63.75,63.75,63.75,63.75,63.75,0
2020-07-14,62.689998626708984,62.689998626708984,63.060001373291016,62.810001373291016,63.060001373291016,11
2020-07-15,62.59000015258789,62.59000015258789,63.310001373291016,62.599998474121094,63.220001220703125,12
2020-07-16,62.880001068115234,62.880001068115234,62.86000061035156,62.29999923706055,62.29999923706055,5
2020-07-17,62.0099983215332,62.0099983215332,62.959999084472656,62.08000183105469,62.959999084472656,10
2020-07-20,62.9900016784668,62.9900016784668,63.060001373291016,62.59000015258789,62.59000015258789,0
2020-07-21,62.90999984741211,62.90999984741211,63.27000045776367,62.88999938964844,63.11000061035156,20
2020-07-22,62.7400016784668,62.7400016784668,62.959999084472656,62.619998931884766,62.619998931884766,13
2020-07-23,61.68000030517578,61.68000030517578,62.939998626708984,61.68000030517578,62.93000030517578,40
2020-07-24,59.959999084472656,59.959999084472656,62.130001068115234,59.54999923706055,62.06999969482422,93
2020-07-27,60.689998626708984,60.689998626708984,61.459999084472656,59.04999923706055,59.5099983215332,148
2020-07-28,60.59000015258789,60.59000015258789,60.95000076293945,60.119998931884766,60.540000915527344,75
2020-07-29,61.029998779296875,61.029998779296875,61.20000076293945,61.0,61.20000076293945,5
2020-07-30,62.81999969482422,62.81999969482422,62.66999816894531,60.529998779296875,61.060001373291016,14
2020-07-31,62.29999923706055,62.29999923706055,62.630001068115234,61.959999084472656,62.619998931884766,6
2020-08-03,63.529998779296875,63.529998779296875,63.70000076293945,62.29999923706055,62.70000076293945,75
2020-08-04,63.93000030517578,63.93000030517578,63.939998626708984,63.25,63.79999923706055,10
2020-08-05,64.36000061035156,64.36000061035156,64.13999938964844,63.4900016784668,63.900001525878906,14
2020-08-06,64.41000366210938,64.41000366210938,64.58000183105469,64.16999816894531,64.58000183105469,15
2020-08-07,61.880001068115234,61.880001068115234,64.73999786376953,61.779998779296875,64.73999786376953,27
2020-08-10,62.34000015258789,62.34000015258789,62.779998779296875,62.400001525878906,62.400001525878906,8
2020-08-11,63.029998779296875,63.029998779296875,62.77000045776367,62.45000076293945,62.77000045776367,7
2020-08-12,61.84000015258789,61.84000015258789,61.97999954223633,61.97999954223633,61.97999954223633,2
2020-08-13,62.43000030517578,62.43000030517578,62.65999984741211,62.22999954223633,62.369998931884766,5
2020-08-14,62.290000915527344,62.290000915527344,62.790000915527344,62.560001373291016,62.790000915527344,10
2020-08-17,62.619998931884766,62.619998931884766,62.880001068115234,62.86000061035156,62.880001068115234,3
2020-08-18,62.38999938964844,62.38999938964844,62.38999938964844,62.38999938964844,62.38999938964844,1
2020-08-19,63.209999084472656,63.209999084472656,62.650001525878906,62.290000915527344,62.290000915527344,3
2020-08-20,63.91999816894531,63.91999816894531,64.25,62.689998626708984,62.689998626708984,45
2020-08-21,63.72999954223633,63.72999954223633,63.77000045776367,63.56999969482422,63.77000045776367,4
2020-08-24,65.16000366210938,65.16000366210938,65.29000091552734,64.08999633789062,64.12999725341797,31
2020-08-25,64.9800033569336,64.9800033569336,65.79000091552734,65.16000366210938,65.19999694824219,10
2020-08-26,64.9800033569336,64.9800033569336,64.9800033569336,64.9800033569336,64.9800033569336,0
2020-08-27,64.76000213623047,64.76000213623047,64.94999694824219,64.48999786376953,64.48999786376953,2
2020-08-28,64.37000274658203,64.37000274658203,64.31999969482422,64.25,64.31999969482422,3
2020-08-31,64.41000366210938,64.41000366210938,64.5999984741211,64.5999984741211,64.5999984741211,1
2020-09-01,64.66000366210938,64.66000366210938,65.61000061035156,64.87999725341797,64.94000244140625,22
2020-09-02,64.18000030517578,64.18000030517578,64.75,64.1500015258789,64.75,26
2020-09-03,63.560001373291016,63.560001373291016,63.790000915527344,63.529998779296875,63.790000915527344,15
2020-09-04,64.12000274658203,64.12000274658203,63.47999954223633,63.43000030517578,63.43000030517578,2
2020-09-08,63.189998626708984,63.189998626708984,64.43000030517578,63.0099983215332,64.33000183105469,9
2020-09-09,63.349998474121094,63.349998474121094,63.33000183105469,63.04999923706055,63.04999923706055,16
2020-09-10,63.959999084472656,63.959999084472656,64.44999694824219,64.37000274658203,64.37000274658203,9
2020-09-11,64.05999755859375,64.05999755859375,64.72000122070312,64.70999908447266,64.70999908447266,3
2020-09-14,65.45999908447266,65.45999908447266,65.83999633789062,64.68000030517578,64.68000030517578,38
2020-09-15,65.38999938964844,65.38999938964844,65.5,64.37000274658203,65.5,22
2020-09-16,64.97000122070312,64.97000122070312,65.43000030517578,65.20999908447266,65.43000030517578,11
2020-09-17,64.3499984741211,64.3499984741211,64.97000122070312,64.43000030517578,64.97000122070312,49
2020-09-18,64.16000366210938,64.16000366210938,64.18000030517578,64.18000030517578,64.18000030517578,12
2020-09-21,63.7400016784668,63.7400016784668,65.79000091552734,63.959999084472656,65.05000305175781,11
2020-09-22,63.84000015258789,63.84000015258789,64.30999755859375,63.560001373291016,63.91999816894531,12
2020-09-23,63.7599983215332,63.7599983215332,63.59000015258789,63.380001068115234,63.380001068115234,2
2020-09-24,63.970001220703125,63.970001220703125,63.970001220703125,63.970001220703125,63.970001220703125,0
2020-09-25,64.66000366210938,64.66000366210938,64.66000366210938,64.66000366210938,64.66000366210938,0
2020-09-28,64.4000015258789,64.4000015258789,64.4000015258789,64.4000015258789,64.4000015258789,0
2020-09-29,64.0,64.0,64.0,64.0,64.0,0
2020-09-30,64.48999786376953,64.48999786376953,64.48999786376953,64.48999786376953,64.48999786376953,0
2020-10-01,64.61000061035156,64.61000061035156,64.61000061035156,64.61000061035156,64.61000061035156,0
2020-10-02,64.5199966430664,64.5199966430664,64.5199966430664,64.5199966430664,64.5199966430664,0
2020-10-05,64.7300033569336,64.7300033569336,64.7300033569336,64.7300033569336,64.7300033569336,0
2020-10-06,65.55999755859375,65.55999755859375,65.55999755859375,65.55999755859375,65.55999755859375,0
2020-10-07,66.29000091552734,66.29000091552734,66.29000091552734,66.29000091552734,66.29000091552734,0
2020-10-08,66.19000244140625,66.19000244140625,66.19000244140625,66.19000244140625,66.19000244140625,16721
2020-10-09,67.63999938964844,67.63999938964844,68.68000030517578,67.54000091552734,67.75,20722
2020-10-12,68.37000274658203,68.37000274658203,69.47000122070312,68.0199966430664,68.0199966430664,21406
2020-10-13,68.83000183105469,68.83000183105469,69.25,68.26000213623047,68.66999816894531,14282
2020-10-14,68.93000030517578,68.93000030517578,69.38999938964844,68.55000305175781,68.81999969482422,13709
2020-10-15,69.22000122070312,69.22000122070312,69.2699966430664,68.41000366210938,69.0999984741211,13654
2020-10-16,69.91999816894531,69.91999816894531,70.04000091552734,69.0,69.01000213623047,19953
2020-10-19,71.16000366210938,71.16000366210938,71.22000122070312,70.0,70.0,22482
2020-10-20,71.0199966430664,71.0199966430664,71.6500015258789,70.30000305175781,70.97000122070312,18384
2020-10-21,71.04000091552734,71.04000091552734,72.12999725341797,70.56999969482422,70.80999755859375,19935
2020-10-22,71.94000244140625,71.94000244140625,72.0999984741211,70.81999969482422,71.0,16513
2020-10-23,71.29000091552734,71.29000091552734,71.91000366210938,71.0999984741211,71.69999694824219,15318
2020-10-26,72.11000061035156,72.11000061035156,72.37999725341797,71.22000122070312,71.3499984741211,16208
2020-10-27,72.02999877929688,72.02999877929688,72.52999877929688,71.76000213623047,72.0,17287
2020-10-28,70.16999816894531,70.16999816894531,72.5999984741211,70.05000305175781,72.0,26624
2020-10-29,69.81999969482422,69.81999969482422,70.45999908447266,69.58000183105469,70.1500015258789,22637
2020-10-30,68.91999816894531,68.91999816894531,70.05000305175781,68.37000274658203,69.86000061035156,24444
2020-11-02,68.7300033569336,68.7300033569336,69.08999633789062,68.05999755859375,68.75,17855
2020-11-03,70.23999786376953,70.23999786376953,70.33000183105469,68.7300033569336,68.73999786376953,18580
2020-11-04,70.2300033569336,70.2300033569336,70.72000122070312,69.62999725341797,69.94999694824219,17070
2020-11-05,70.06999969482422,70.06999969482422,70.94000244140625,69.86000061035156,70.29000091552734,17450
2020-11-06,68.62000274658203,68.62000274658203,70.2699966430664,68.55000305175781,70.0,28448
2020-11-09,70.0,70.0,70.44000244140625,68.62000274658203,68.66000366210938,30760
2020-11-10,69.8499984741211,69.8499984741211,70.16000366210938,69.11000061035156,70.0,32464
2020-11-11,69.27999877929688,69.27999877929688,70.37999725341797,69.25,69.94000244140625,22323
2020-11-12,68.4800033569336,68.4800033569336,69.41999816894531,68.37000274658203,69.36000061035156,25217
2020-11-13,68.45999908447266,68.45999908447266,68.7699966430664,68.22000122070312,68.44999694824219,17211
2020-11-16,69.56999969482422,69.56999969482422,70.0,68.4000015258789,68.4000015258789,14210
2020-11-17,69.11000061035156,69.11000061035156,69.87999725341797,68.8499984741211,69.56999969482422,9651
2020-11-18,69.68000030517578,69.68000030517578,69.76000213623047,68.91999816894531,68.95999908447266,6416
2020-11-19,69.31999969482422,69.31999969482422,69.9000015258789,69.1500015258789,69.5,5281
2020-11-20,70.87999725341797,70.87999725341797,71.25,69.31999969482422,69.31999969482422,3146
2020-11-23,72.1500015258789,72.1500015258789,72.69999694824219,71.51000213623047,71.73999786376953,133
2020-11-24,71.52999877929688,71.52999877929688,72.0,70.87000274658203,72.0,93
2020-11-25,70.80000305175781,70.80000305175781,71.0199966430664,70.9000015258789,71.0199966430664,74
2020-11-27,71.68000030517578,71.68000030517578,71.52999877929688,71.52999877929688,71.52999877929688,6
2020-11-30,70.58999633789062,70.58999633789062,70.75,69.55999755859375,70.75,6
2020-12-01,70.58999633789062,70.58999633789062,71.20999908447266,69.9800033569336,71.19000244140625,14
2020-12-02,69.98999786376953,69.98999786376953,70.16000366210938,69.6500015258789,70.16000366210938,73
2020-12-03,69.41999816894531,69.41999816894531,69.8499984741211,69.25,69.8499984741211,3
2020-12-04,69.86000061035156,69.86000061035156,69.55000305175781,69.44999694824219,69.44999694824219,10
2020-12-07,70.62999725341797,70.62999725341797,70.62999725341797,70.62999725341797,70.62999725341797,0
2020-12-08,70.18000030517578,70.18000030517578,70.18000030517578,70.18000030517578,70.18000030517578,9012
2020-12-09,73.05000305175781,73.05000305175781,73.22000122070312,71.86000061035156,72.0,14697
2020-12-10,74.26000213623047,74.26000213623047,74.5999984741211,72.7300033569336,73.05000305175781,23699
2020-12-11,74.08000183105469,74.08000183105469,74.75,74.0,74.25,14101
2020-12-14,74.66999816894531,74.66999816894531,75.19999694824219,74.19999694824219,74.19999694824219,14720
2020-12-15,75.58999633789062,75.58999633789062,75.68000030517578,74.55000305175781,74.66999816894531,15183
2020-12-16,75.6500015258789,75.6500015258789,76.06999969482422,75.33999633789062,75.52999877929688,12246
2020-12-17,77.19000244140625,77.19000244140625,77.41000366210938,75.51000213623047,75.6500015258789,19056
2020-12-18,77.16000366210938,77.16000366210938,77.41000366210938,76.8499984741211,77.19000244140625,14192
2020-12-21,74.76000213623047,74.76000213623047,77.30000305175781,74.5999984741211,77.19999694824219,24705
2020-12-22,74.81999969482422,74.81999969482422,75.22000122070312,74.27999877929688,74.76000213623047,14575
2020-12-23,76.13999938964844,76.13999938964844,76.4000015258789,74.4000015258789,74.80000305175781,12873
2020-12-24,76.19999694824219,76.19999694824219,76.58999633789062,75.91000366210938,76.05000305175781,5393
2020-12-28,76.3499984741211,76.3499984741211,76.66999816894531,76.1500015258789,76.4000015258789,5770
2020-12-29,77.01000213623047,77.01000213623047,77.25,76.36000061035156,76.69999694824219,9514
2020-12-30,77.97000122070312,77.97000122070312,78.05999755859375,76.9000015258789,77.0,13031
2020-12-31,78.12000274658203,78.12000274658203,78.38999938964844,77.4800033569336,77.97000122070312,8154
2021-01-04,78.97000122070312,78.97000122070312,79.9000015258789,78.25,78.25,22289
2021-01-05,80.3499984741211,80.3499984741211,80.72000122070312,78.97000122070312,78.97000122070312,20742
2021-01-06,80.05999755859375,80.05999755859375,80.93000030517578,79.91999816894531,80.41000366210938,17483
2021-01-07,79.76000213623047,79.76000213623047,80.69999694824219,79.6500015258789,79.98999786376953,14656
2021-01-08,79.7699966430664,79.7699966430664,80.38999938964844,79.55000305175781,79.76000213623047,12252
2021-01-11,80.43000030517578,80.43000030517578,80.5,78.6500015258789,80.0,20161
2021-01-12,81.69999694824219,81.69999694824219,81.7699966430664,79.86000061035156,80.44999694824219,22764
2021-01-13,80.91999816894531,80.91999816894531,82.08000183105469,80.76000213623047,81.69999694824219,18709
2021-01-14,81.1500015258789,81.1500015258789,81.5199966430664,80.25,80.91999816894531,12643
2021-01-15,80.69999694824219,80.69999694824219,81.43000030517578,80.5999984741211,81.12000274658203,13109
2021-01-19,81.1500015258789,81.1500015258789,81.8499984741211,80.75,80.87999725341797,16481
2021-01-20,81.58999633789062,81.58999633789062,81.75,80.5999984741211,81.0,15919
2021-01-21,82.56999969482422,82.56999969482422,83.05999755859375,81.4000015258789,81.58999633789062,17535
2021-01-22,81.55999755859375,81.55999755859375,82.55999755859375,81.5,82.5199966430664,22431
2021-01-25,82.33000183105469,82.33000183105469,82.47000122070312,81.5,81.55999755859375,14813
2021-01-26,81.70999908447266,81.70999908447266,82.31999969482422,81.11000061035156,82.30000305175781,22579
2021-01-27,80.83999633789062,80.83999633789062,82.43000030517578,80.68000030517578,81.72000122070312,17426
2021-01-28,79.93000030517578,79.93000030517578,81.4000015258789,79.8499984741211,80.8499984741211,20641
2021-01-29,80.63999938964844,80.63999938964844,80.8499984741211,79.75,79.9800033569336,14622
2021-02-01,80.02999877929688,80.02999877929688,81.5999984741211,79.80999755859375,80.68000030517578,20150
2021-02-02,80.69000244140625,80.69000244140625,81.01000213623047,79.80000305175781,80.23999786376953,17987
2021-02-03,80.98999786376953,80.98999786376953,81.13999938964844,80.44999694824219,80.69000244140625,16385
2021-02-04,84.27999877929688,84.27999877929688,84.81999969482422,80.83999633789062,81.0,38431
2021-02-05,82.73999786376953,82.73999786376953,84.88999938964844,82.58999633789062,84.25,33611
2021-02-08,84.27999877929688,84.27999877929688,84.76000213623047,82.7300033569336,83.0,25257
2021-02-09,86.93000030517578,86.93000030517578,87.12999725341797,84.4000015258789,84.4000015258789,27854
2021-02-10,84.66999816894531,84.66999816894531,86.75,84.41000366210938,86.5,27045
2021-02-11,86.41000366210938,86.41000366210938,86.7699966430664,84.5,84.5,17956
2021-02-12,87.2699966430664,87.2699966430664,87.33000183105469,85.3499984741211,86.16000366210938,11909
2021-02-16,88.12000274658203,88.12000274658203,88.9000015258789,87.30000305175781,87.30000305175781,8347
2021-02-17,88.36000061035156,88.36000061035156,88.48999786376953,87.58000183105469,88.01000213623047,6122
2021-02-18,88.7300033569336,88.7300033569336,89.2300033569336,88.0,88.36000061035156,5404
2021-02-19,88.94999694824219,88.94999694824219,89.36000061035156,88.06999969482422,88.75,2668
2021-02-22,90.91000366210938,90.91000366210938,90.7699966430664,89.0,89.0,173
2021-02-23,91.37000274658203,91.37000274658203,91.4800033569336,90.5,91.37999725341797,21
2021-02-24,92.33000183105469,92.33000183105469,92.33000183105469,92.33000183105469,92.33000183105469,0
2021-02-25,88.23999786376953,88.23999786376953,92.94999694824219,89.44000244140625,91.88999938964844,98
2021-02-26,87.81999969482422,87.81999969482422,87.87999725341797,87.80999755859375,87.87999725341797,11
2021-03-01,90.26000213623047,90.26000213623047,88.4800033569336,88.4800033569336,88.4800033569336,10
2021-03-02,89.44000244140625,89.44000244140625,89.69999694824219,89.69999694824219,89.69999694824219,1
2021-03-03,86.9000015258789,86.9000015258789,86.9000015258789,86.9000015258789,86.9000015258789,0
2021-03-04,85.58999633789062,85.58999633789062,85.58999633789062,85.58999633789062,85.58999633789062,0
2021-03-05,86.20999908447266,86.20999908447266,86.20999908447266,86.20999908447266,86.20999908447266,0
2021-03-08,86.7699966430664,86.7699966430664,86.7699966430664,86.7699966430664,86.7699966430664,0
2021-03-09,82.7699966430664,82.7699966430664,82.7699966430664,82.7699966430664,82.7699966430664,23885
2021-03-10,85.22000122070312,85.22000122070312,86.58999633789062,82.87000274658203,84.31999969482422,23348
2021-03-11,88.3499984741211,88.3499984741211,88.55999755859375,85.01000213623047,85.22000122070312,17086
2021-03-12,87.55999755859375,87.55999755859375,88.48999786376953,85.94999694824219,88.3499984741211,13022
2021-03-15,86.72000122070312,86.72000122070312,87.87000274658203,85.58000183105469,87.87000274658203,11766
2021-03-16,86.91999816894531,86.91999816894531,87.52999877929688,86.12000274658203,86.6500015258789,9440
2021-03-17,86.51000213623047,86.51000213623047,87.54000091552734,86.22000122070312,86.91999816894531,7624
2021-03-18,85.44999694824219,85.44999694824219,87.37999725341797,85.3499984741211,86.62000274658203,10122
2021-03-19,84.68000030517578,84.68000030517578,85.77999877929688,83.6500015258789,85.73999786376953,14630
2021-03-22,84.62000274658203,84.62000274658203,85.16000366210938,84.16999816894531,84.94999694824219,7589
2021-03-23,83.52999877929688,83.52999877929688,84.87000274658203,83.3499984741211,84.58999633789062,10225
2021-03-24,82.44000244140625,82.44000244140625,83.70999908447266,81.91000366210938,83.52999877929688,15536
2021-03-25,78.44000244140625,78.44000244140625,82.80999755859375,78.44000244140625,82.4000015258789,30348
2021-03-26,80.37999725341797,80.37999725341797,81.12999725341797,77.12000274658203,78.23999786376953,22031
2021-03-29,80.48999786376953,80.48999786376953,80.8499984741211,79.93000030517578,80.73999786376953,11472
2021-03-30,80.63999938964844,80.63999938964844,81.19999694824219,79.81999969482422,80.4800033569336,10761
2021-03-31,80.87999725341797,80.87999725341797,81.4000015258789,78.5999984741211,80.69999694824219,20609
2021-04-01,77.94999694824219,77.94999694824219,81.5199966430664,77.75,80.75,22212
2021-04-05,77.87999725341797,77.87999725341797,79.5999984741211,77.6500015258789,78.75,10987
2021-04-06,79.22000122070312,79.22000122070312,80.87999725341797,77.69999694824219,77.69999694824219,21896
2021-04-07,79.5,79.5,80.63999938964844,78.83999633789062,79.22000122070312,18192
2021-04-08,81.41000366210938,81.41000366210938,81.94000244140625,79.5999984741211,79.80000305175781,20684
2021-04-09,82.4000015258789,82.4000015258789,83.43000030517578,81.2699966430664,81.33000183105469,20738
2021-04-12,80.13999938964844,80.13999938964844,82.58999633789062,80.0199966430664,82.4000015258789,22018
2021-04-13,81.81999969482422,81.81999969482422,81.97000122070312,79.83999633789062,80.13999938964844,23102
2021-04-14,84.19999694824219,84.19999694824219,84.33000183105469,81.38999938964844,81.69999694824219,16852
2021-04-15,85.0199966430664,85.0199966430664,85.2300033569336,83.48999786376953,84.16999816894531,16041
2021-04-16,83.70999908447266,83.70999908447266,85.0999984741211,83.58999633789062,84.77999877929688,8030
2021-04-19,83.26000213623047,83.26000213623047,85.04000091552734,83.12000274658203,83.80999755859375,8357
2021-04-20,83.7699966430664,83.7699966430664,84.5999984741211,83.48999786376953,83.48999786376953,5171
2021-04-21,84.83000183105469,84.83000183105469,84.86000061035156,83.5,83.94999694824219,2637
2021-04-22,84.63999938964844,84.63999938964844,85.79000091552734,84.27999877929688,85.0,3159
2021-04-23,87.51000213623047,87.51000213623047,87.7300033569336,84.5999984741211,84.5999984741211,1703
2021-04-26,87.86000061035156,87.86000061035156,88.4000015258789,87.38999938964844,88.4000015258789,7
2021-04-27,90.06999969482422,90.06999969482422,88.9000015258789,87.63999938964844,87.63999938964844,7
2021-04-28,88.73999786376953,88.73999786376953,88.73999786376953,88.73999786376953,88.73999786376953,0
2021-04-29,85.88999938964844,85.88999938964844,88.25,87.55999755859375,88.25,2
2021-04-30,87.43000030517578,87.43000030517578,87.58999633789062,87.51000213623047,87.58999633789062,2
2021-05-03,87.20999908447266,87.20999908447266,87.20999908447266,87.20999908447266,87.20999908447266,0
2021-05-04,86.16999816894531,86.16999816894531,86.4000015258789,86.4000015258789,86.4000015258789,1
2021-05-05,86.2300033569336,86.2300033569336,86.48999786376953,85.29000091552734,85.29000091552734,2
2021-05-06,89.4800033569336,89.4800033569336,89.4800033569336,89.4800033569336,89.4800033569336,15415
2021-05-07,89.66000366210938,89.66000366210938,91.0,88.5199966430664,90.80000305175781,15724
2021-05-10,88.47000122070312,88.47000122070312,89.66999816894531,87.06999969482422,89.4000015258789,15080
2021-05-11,87.75,87.75,88.8499984741211,87.3499984741211,88.18000030517578,12054
2021-05-12,88.2300033569336,88.2300033569336,89.73999786376953,87.44000244140625,87.69000244140625,15259
2021-05-13,84.9800033569336,84.9800033569336,88.2699966430664,84.75,88.2699966430664,23547
2021-05-14,82.43000030517578,82.43000030517578,86.25,82.0999984741211,84.9800033569336,22928
2021-05-17,82.31999969482422,82.31999969482422,83.56999969482422,82.0,82.69999694824219,16939
2021-05-18,84.01000213623047,84.01000213623047,84.30000305175781,82.31999969482422,82.31999969482422,14835
2021-05-19,82.91999816894531,82.91999816894531,84.26000213623047,82.16000366210938,84.19000244140625,15976
2021-05-20,81.52999877929688,81.52999877929688,83.79000091552734,81.5,83.2300033569336,21349
2021-05-21,82.81999969482422,82.81999969482422,83.97000122070312,81.52999877929688,81.52999877929688,15495
2021-05-24,82.81999969482422,82.81999969482422,82.93000030517578,82.12000274658203,82.69999694824219,9200
2021-05-25,82.70999908447266,82.70999908447266,83.52999877929688,82.4000015258789,82.5999984741211,13429
2021-05-26,82.44000244140625,82.44000244140625,83.12999725341797,81.8499984741211,82.69999694824219,10342
2021-05-27,82.61000061035156,82.61000061035156,82.77999877929688,81.6500015258789,82.45999908447266,11402
2021-05-28,82.12000274658203,82.12000274658203,82.91000366210938,81.93000030517578,82.61000061035156,11371
2021-06-01,84.25,84.25,84.8499984741211,82.30000305175781,82.38999938964844,18122
2021-06-02,83.7699966430664,83.7699966430664,84.55999755859375,83.30000305175781,84.06999969482422,14992
2021-06-03,84.20999908447266,84.20999908447266,84.62000274658203,83.55000305175781,83.94000244140625,13158
2021-06-04,85.80000305175781,85.80000305175781,86.33999633789062,83.58000183105469,84.20999908447266,19092
2021-06-07,84.36000061035156,84.36000061035156,86.5,84.0999984741211,85.83000183105469,15772
2021-06-08,85.13999938964844,85.13999938964844,85.9000015258789,84.26000213623047,84.5,15852
2021-06-09,86.62000274658203,86.62000274658203,86.7699966430664,85.22000122070312,85.86000061035156,13239
2021-06-10,87.36000061035156,87.36000061035156,87.44999694824219,85.79000091552734,86.55000305175781,17670
2021-06-11,87.0,87.0,87.73999786376953,86.61000061035156,87.19999694824219,17975
2021-06-14,84.94999694824219,84.94999694824219,87.0,83.0999984741211,87.0,16253
2021-06-15,85.27999877929688,85.27999877929688,85.5999984741211,84.13999938964844,84.9000015258789,8536
2021-06-16,85.33000183105469,85.33000183105469,85.94999694824219,84.55999755859375,85.44999694824219,5795
2021-06-17,84.16999816894531,84.16999816894531,85.4800033569336,83.6500015258789,85.1500015258789,6063
2021-06-18,84.41999816894531,84.41999816894531,85.19999694824219,84.11000061035156,84.13999938964844,3969
2021-06-21,84.08999633789062,84.08999633789062,84.5,83.5999984741211,84.3499984741211,3666
2021-06-22,84.22000122070312,84.22000122070312,84.8499984741211,83.5999984741211,83.88999938964844,2797
2021-06-23,86.45999908447266,86.45999908447266,86.66000366210938,84.19999694824219,84.5,2443
2021-06-24,86.02999877929688,86.02999877929688,86.2699966430664,85.27999877929688,85.27999877929688,99
2021-06-25,86.43000030517578,86.43000030517578,86.43000030517578,86.43000030517578,86.43000030517578,0
2021-06-28,86.66000366210938,86.66000366210938,85.16999816894531,85.16999816894531,85.16999816894531,4
2021-06-29,86.48999786376953,86.48999786376953,86.48999786376953,86.48999786376953,86.48999786376953,1
2021-06-30,84.02999877929688,84.02999877929688,85.19999694824219,85.19999694824219,85.19999694824219,2
2021-07-01,85.01000213623047,85.01000213623047,85.01000213623047,85.01000213623047,85.01000213623047,0
2021-07-02,86.02999877929688,86.02999877929688,86.02999877929688,86.02999877929688,86.02999877929688,0
2021-07-06,86.37999725341797,86.37999725341797,86.37999725341797,86.37999725341797,86.37999725341797,0
2021-07-07,86.62999725341797,86.62999725341797,86.62999725341797,86.62999725341797,86.62999725341797,0
2021-07-08,85.87999725341797,85.87999725341797,85.87999725341797,85.87999725341797,85.87999725341797,6
2021-07-09,87.98999786376953,87.98999786376953,88.0,86.98999786376953,86.98999786376953,11
2021-07-12,88.47000122070312,88.47000122070312,88.41000366210938,88.0,88.0999984741211,8
2021-07-13,88.7699966430664,88.7699966430664,88.66999816894531,88.66999816894531,88.66999816894531,11
2021-07-14,90.56999969482422,90.56999969482422,90.33000183105469,89.5,89.5,65
2021-07-15,89.83999633789062,89.83999633789062,90.7300033569336,90.05000305175781,90.43000030517578,37
2021-07-16,90.69999694824219,90.69999694824219,90.68000030517578,89.6500015258789,89.6500015258789,7
2021-07-19,87.11000061035156,87.11000061035156,90.55000305175781,86.94000244140625,90.55000305175781,205
2021-07-20,88.87000274658203,88.87000274658203,89.3499984741211,87.56999969482422,87.87999725341797,15
2021-07-21,89.08999633789062,89.08999633789062,88.91999816894531,88.47000122070312,88.47000122070312,5
2021-07-22,90.2699966430664,90.2699966430664,90.62999725341797,89.30999755859375,89.30999755859375,20
2021-07-23,90.31999969482422,90.31999969482422,90.62999725341797,89.7300033569336,90.62000274658203,20
2021-07-26,90.29000091552734,90.29000091552734,90.37999725341797,88.6500015258789,89.56999969482422,17
2021-07-27,90.73999786376953,90.73999786376953,91.0,90.44999694824219,90.69999694824219,35
2021-07-28,90.91000366210938,90.91000366210938,91.51000213623047,90.79000091552734,91.0,41
2021-07-29,90.76000213623047,90.76000213623047,91.43000030517578,90.41000366210938,91.30000305175781,30
2021-07-30,89.83000183105469,89.83000183105469,90.43000030517578,89.26000213623047,90.43000030517578,50
2021-08-02,90.06999969482422,90.06999969482422,90.69000244140625,89.75,90.08999633789062,12
2021-08-03,90.30000305175781,90.30000305175781,90.19999694824219,89.63999938964844,89.83999633789062,17
2021-08-04,90.72000122070312,90.72000122070312,91.0199966430664,90.44000244140625,90.69000244140625,39
2021-08-05,91.16999816894531,91.16999816894531,91.41000366210938,90.37999725341797,90.37999725341797,35
2021-08-06,92.41999816894531,92.41999816894531,92.44000244140625,91.13999938964844,91.13999938964844,47
2021-08-09,91.30000305175781,91.30000305175781,92.13999938964844,90.69999694824219,92.13999938964844,46
2021-08-10,92.73999786376953,92.73999786376953,92.86000061035156,91.81999969482422,91.8499984741211,13
2021-08-11,91.63999938964844,91.63999938964844,92.69000244140625,92.4800033569336,92.62999725341797,6
2021-08-12,93.7699966430664,93.7699966430664,94.0999984741211,91.55999755859375,91.79000091552734,32
2021-08-13,95.20999908447266,95.20999908447266,95.5,93.19999694824219,93.19999694824219,35
2021-08-16,94.8499984741211,94.8499984741211,95.0,94.58000183105469,94.9800033569336,13
2021-08-17,95.69999694824219,95.69999694824219,97.33000183105469,95.18000030517578,95.80999755859375,41
2021-08-18,95.5199966430664,95.5199966430664,96.31999969482422,94.38999938964844,95.44000244140625,41
2021-08-19,93.47000122070312,93.47000122070312,95.48999786376953,93.2699966430664,95.23999786376953,21
2021-08-20,93.9000015258789,93.9000015258789,94.54000091552734,92.77999877929688,92.77999877929688,13
2021-08-23,94.54000091552734,94.54000091552734,95.0199966430664,94.37000274658203,94.87000274658203,19
2021-08-24,95.76000213623047,95.76000213623047,95.87999725341797,93.08999633789062,94.38999938964844,10
2021-08-25,95.94999694824219,95.94999694824219,96.20999908447266,95.6500015258789,95.87000274658203,8
2021-08-26,95.36000061035156,95.36000061035156,95.66000366210938,95.31999969482422,95.66000366210938,7
2021-08-27,96.2699966430664,96.2699966430664,96.30999755859375,95.1500015258789,95.19000244140625,11
2021-08-30,95.61000061035156,95.61000061035156,96.08000183105469,95.52999877929688,96.01000213623047,5
2021-08-31,93.91000366210938,93.91000366210938,95.26000213623047,94.45999908447266,95.26000213623047,13
2021-09-01,94.1500015258789,94.1500015258789,95.25,93.88999938964844,94.0999984741211,36
2021-09-02,95.13999938964844,95.13999938964844,95.13999938964844,95.13999938964844,95.13999938964844,0
2021-09-03,95.62000274658203,95.62000274658203,95.5,95.37999725341797,95.5,7
2021-09-07,95.41000366210938,95.41000366210938,95.9000015258789,95.87999725341797,95.9000015258789,9
2021-09-08,95.19999694824219,95.19999694824219,96.12000274658203,95.83999633789062,95.83999633789062,3
2021-09-09,94.55999755859375,94.55999755859375,95.58999633789062,94.55000305175781,95.58999633789062,9
2021-09-10,95.2300033569336,95.2300033569336,95.30999755859375,93.5,94.76000213623047,32
2021-09-13,94.41000366210938,94.41000366210938,94.18000030517578,94.18000030517578,94.18000030517578,2
2021-09-14,94.95999908447266,94.95999908447266,95.0999984741211,93.72000122070312,94.51000213623047,60
2021-09-15,94.66999816894531,94.66999816894531,94.7699966430664,94.63999938964844,94.7699966430664,6
2021-09-16,93.41000366210938,93.41000366210938,95.54000091552734,93.4000015258789,95.54000091552734,47
2021-09-17,93.31999969482422,93.31999969482422,93.27999877929688,93.11000061035156,93.12000274658203,15
2021-09-20,89.88999938964844,89.88999938964844,92.8499984741211,90.52999877929688,92.37000274658203,56
2021-09-21,91.18000030517578,91.18000030517578,91.87999725341797,89.79000091552734,89.79000091552734,48
2021-09-22,91.83000183105469,91.83000183105469,92.11000061035156,91.77999877929688,92.04000091552734,45
2021-09-23,93.30999755859375,93.30999755859375,92.13999938964844,92.13999938964844,92.13999938964844,3
2021-09-24,96.8499984741211,96.8499984741211,96.8499984741211,96.8499984741211,96.8499984741211,0
2021-09-27,98.91000366210938,98.91000366210938,98.91000366210938,98.91000366210938,98.91000366210938,0
2021-09-28,100.91000366210938,100.91000366210938,100.91000366210938,100.91000366210938,100.91000366210938,0
2021-09-29,103.94000244140625,103.94000244140625,101.91000366210938,101.91000366210938,101.91000366210938,2
2021-09-30,107.80000305175781,107.80000305175781,107.80000305175781,107.80000305175781,107.80000305175781,0
2021-10-01,106.52999877929688,106.52999877929688,106.52999877929688,106.52999877929688,106.52999877929688,0
2021-10-04,106.93000030517578,106.93000030517578,106.93000030517578,106.93000030517578,106.93000030517578,0
2021-10-05,110.93000030517578,110.93000030517578,110.93000030517578,110.93000030517578,110.93000030517578,0
2021-10-06,113.0999984741211,113.0999984741211,113.0999984741211,113.0999984741211,113.0999984741211,48
2021-10-07,113.6500015258789,113.6500015258789,113.6500015258789,113.6500015258789,113.6500015258789,26439
2021-10-08,110.5999984741211,110.5999984741211,116.4800033569336,110.33000183105469,111.61000061035156,32335
2021-10-11,109.79000091552734,109.79000091552734,110.93000030517578,107.3499984741211,110.0,22843
2021-10-12,106.37999725341797,106.37999725341797,112.88999938964844,106.06999969482422,109.41999816894531,24515
2021-10-13,103.86000061035156,103.86000061035156,106.4000015258789,103.5,106.37999725341797,25100
2021-10-14,107.0999984741211,107.0999984741211,107.86000061035156,103.91000366210938,104.0,20790
2021-10-15,107.33000183105469,107.33000183105469,111.0999984741211,106.44999694824219,107.44999694824219,27340
2021-10-18,107.04000091552734,107.04000091552734,109.69000244140625,105.41000366210938,107.23999786376953,15931
2021-10-19,107.83000183105469,107.83000183105469,108.37000274658203,105.25,107.12999725341797,14642
2021-10-20,110.7300033569336,110.7300033569336,111.0,106.5,107.3499984741211,16189
2021-10-21,106.13999938964844,106.13999938964844,111.3499984741211,105.87999725341797,110.41999816894531,20954
2021-10-22,108.26000213623047,108.26000213623047,109.05000305175781,106.23999786376953,106.29000091552734,13639
2021-10-25,108.54000091552734,108.54000091552734,110.13999938964844,107.69999694824219,107.83999633789062,11645
2021-10-26,108.70999908447266,108.70999908447266,109.55000305175781,108.33999633789062,108.52999877929688,11798
2021-10-27,110.5199966430664,110.5199966430664,110.94999694824219,107.66000366210938,108.80999755859375,16856
2021-10-28,113.7300033569336,113.7300033569336,114.19999694824219,109.5,110.55999755859375,21371
2021-10-29,114.8499984741211,114.8499984741211,115.1500015258789,112.1500015258789,113.75,22844
2021-11-01,119.83999633789062,119.83999633789062,119.8499984741211,115.06999969482422,115.13999938964844,38039
2021-11-02,117.25,117.25,121.66999816894531,116.68000030517578,120.36000061035156,26534
2021-11-03,118.81999969482422,118.81999969482422,119.47000122070312,115.75,117.5,23911
2021-11-04,116.45999908447266,116.45999908447266,118.58999633789062,116.19000244140625,118.58999633789062,20157
2021-11-05,116.87000274658203,116.87000274658203,117.56999969482422,115.7699966430664,116.69999694824219,21721
2021-11-08,116.55000305175781,116.55000305175781,118.37999725341797,116.31999969482422,117.19999694824219,19423
2021-11-09,119.37999725341797,119.37999725341797,120.5,116.19999694824219,116.55000305175781,22188
2021-11-10,118.68000030517578,118.68000030517578,120.75,118.44999694824219,118.83999633789062,20208
2021-11-11,118.54000091552734,118.54000091552734,119.20999908447266,117.54000091552734,118.81999969482422,18162
2021-11-12,117.69000244140625,117.69000244140625,118.91000366210938,116.52999877929688,118.6500015258789,23517
2021-11-15,117.62000274658203,117.62000274658203,118.19000244140625,116.5,117.6500015258789,9018
2021-11-16,117.9800033569336,117.9800033569336,118.41000366210938,117.06999969482422,117.8499984741211,11986
2021-11-17,119.69999694824219,119.69999694824219,121.62999725341797,117.61000061035156,117.91000366210938,8447
2021-11-18,117.58999633789062,117.58999633789062,120.48999786376953,117.0999984741211,119.69999694824219,6535
2021-11-19,119.22000122070312,119.22000122070312,120.29000091552734,117.20999908447266,117.62000274658203,4626
2021-11-22,117.70999908447266,117.70999908447266,119.45999908447266,117.5,118.93000030517578,2846
2021-11-23,120.36000061035156,120.36000061035156,120.62999725341797,116.80000305175781,117.6500015258789,214
2021-11-24,120.37999725341797,120.37999725341797,120.77999877929688,119.48999786376953,119.83000183105469,91
2021-11-26,116.5999984741211,116.5999984741211,118.5,114.97000122070312,117.5,97
2021-11-29,116.6500015258789,116.6500015258789,118.19999694824219,116.01000213623047,118.02999877929688,29
2021-11-30,111.6500015258789,111.6500015258789,116.4000015258789,111.5,116.4000015258789,49
2021-12-01,109.38999938964844,109.38999938964844,113.25,110.41000366210938,110.97000122070312,8
2021-12-02,108.9000015258789,108.9000015258789,110.05000305175781,109.44999694824219,110.05000305175781,3
2021-12-03,109.30000305175781,109.30000305175781,110.58999633789062,108.9000015258789,108.9000015258789,24
2021-12-06,112.01000213623047,112.01000213623047,110.55000305175781,110.55000305175781,110.55000305175781,1
2021-12-07,111.2699966430664,111.2699966430664,112.1500015258789,111.38999938964844,111.93000030517578,9
2021-12-08,111.55000305175781,111.55000305175781,111.55000305175781,111.55000305175781,111.55000305175781,9451
2021-12-09,106.58999633789062,106.58999633789062,107.0,105.01000213623047,106.29000091552734,10134
2021-12-10,106.2300033569336,106.2300033569336,107.11000061035156,105.72000122070312,106.29000091552734,9021
2021-12-13,106.80999755859375,106.80999755859375,107.81999969482422,106.01000213623047,106.2300033569336,9152
2021-12-14,105.9000015258789,105.9000015258789,107.04000091552734,105.63999938964844,106.72000122070312,8779
2021-12-15,105.79000091552734,105.79000091552734,106.62999725341797,105.44999694824219,105.9000015258789,9658
2021-12-16,109.68000030517578,109.68000030517578,109.79000091552734,105.87999725341797,105.87999725341797,17271
2021-12-17,107.30000305175781,107.30000305175781,109.4000015258789,106.94000244140625,109.22000122070312,12205
2021-12-20,105.54000091552734,105.54000091552734,107.69000244140625,104.2699966430664,107.69000244140625,14244
2021-12-21,107.2699966430664,107.2699966430664,108.3499984741211,105.72000122070312,105.77999877929688,9671
2021-12-22,108.83000183105469,108.83000183105469,109.3499984741211,106.56999969482422,107.02999877929688,9278
2021-12-23,109.12000274658203,109.12000274658203,109.44999694824219,108.20999908447266,108.6500015258789,0
2021-12-27,112.27999877929688,112.27999877929688,112.69000244140625,108.51000213623047,108.91000366210938,11076
2021-12-28,110.05000305175781,110.05000305175781,112.66999816894531,109.75,112.12000274658203,9561
2021-12-29,112.98999786376953,112.98999786376953,113.95999908447266,110.0,110.05000305175781,12202
2021-12-30,114.33999633789062,114.33999633789062,115.33000183105469,112.0,112.98999786376953,10994
2021-12-31,112.5999984741211,112.5999984741211,114.48999786376953,112.36000061035156,114.0,7797
2022-01-03,113.2300033569336,113.2300033569336,114.61000061035156,112.76000213623047,112.76000213623047,8190
2022-01-04,116.38999938964844,116.38999938964844,117.68000030517578,113.37000274658203,113.43000030517578,17431
2022-01-05,116.27999877929688,116.27999877929688,117.66000366210938,115.51000213623047,116.26000213623047,12212
2022-01-06,114.72000122070312,114.72000122070312,116.12999725341797,114.5999984741211,115.75,12438
2022-01-07,115.12000274658203,115.12000274658203,116.86000061035156,114.80000305175781,114.95999908447266,12577
2022-01-10,115.22000122070312,115.22000122070312,116.37999725341797,114.81999969482422,115.12999725341797,13645
2022-01-11,116.0199966430664,116.0199966430664,116.58000183105469,115.0,115.08000183105469,10672
2022-01-12,117.63999938964844,117.63999938964844,118.98999786376953,115.69999694824219,115.9000015258789,18911
2022-01-13,116.83999633789062,116.83999633789062,118.44999694824219,116.44000244140625,117.6500015258789,14037
2022-01-14,119.69999694824219,119.69999694824219,119.9000015258789,116.26000213623047,116.94999694824219,12652
2022-01-18,121.08000183105469,121.08000183105469,121.37000274658203,119.05000305175781,119.7699966430664,15842
2022-01-19,123.94999694824219,123.94999694824219,124.77999877929688,120.91000366210938,121.08999633789062,17235
2022-01-20,122.87000274658203,122.87000274658203,124.77999877929688,122.11000061035156,123.9800033569336,13288
2022-01-21,120.75,120.75,122.87999725341797,120.66999816894531,121.86000061035156,15815
2022-01-24,120.37999725341797,120.37999725341797,122.5,119.19999694824219,121.19999694824219,17635
2022-01-25,120.91999816894531,120.91999816894531,121.44000244140625,120.05000305175781,120.4000015258789,13360
2022-01-26,122.33000183105469,122.33000183105469,122.69000244140625,120.7699966430664,120.93000030517578,12474
2022-01-27,121.62999725341797,121.62999725341797,122.13999938964844,120.8499984741211,121.91999816894531,10742
2022-01-28,123.76000213623047,123.76000213623047,125.5999984741211,120.01000213623047,121.80000305175781,22800
2022-01-31,127.56999969482422,127.56999969482422,127.70999908447266,123.25,123.76000213623047,19566
2022-02-01,127.33000183105469,127.33000183105469,129.3699951171875,124.5999984741211,127.44999694824219,25488
2022-02-02,126.33000183105469,126.33000183105469,128.4499969482422,125.87000274658203,127.45999908447266,15461
2022-02-03,127.62000274658203,127.62000274658203,127.69999694824219,125.2699966430664,126.19999694824219,18190
2022-02-04,126.73999786376953,126.73999786376953,128.8300018310547,125.69999694824219,127.69999694824219,21676
2022-02-07,125.56999969482422,125.56999969482422,126.94000244140625,125.3499984741211,126.76000213623047,24554
2022-02-08,127.1500015258789,127.1500015258789,127.31999969482422,125.05000305175781,125.56999969482422,23177
2022-02-09,126.43000030517578,126.43000030517578,127.37000274658203,125.83000183105469,127.06999969482422,22197
2022-02-10,125.66000366210938,125.66000366210938,127.26000213623047,125.5,126.44999694824219,21935
2022-02-11,125.27999877929688,125.27999877929688,126.41000366210938,124.91999816894531,125.5999984741211,22279
2022-02-14,122.93000030517578,122.93000030517578,125.47000122070312,121.62000274658203,125.27999877929688,16361
2022-02-15,123.04000091552734,123.04000091552734,123.44999694824219,122.5,123.19000244140625,9770
2022-02-16,121.91000366210938,121.91000366210938,123.27999877929688,121.55999755859375,123.04000091552734,10000
2022-02-17,121.93000030517578,121.93000030517578,122.72000122070312,121.43000030517578,122.26000213623047,6761
2022-02-18,122.98999786376953,122.98999786376953,124.19000244140625,121.93000030517578,121.93000030517578,6196
2022-02-22,121.11000061035156,121.11000061035156,121.69999694824219,119.69999694824219,121.62999725341797,279
2022-02-23,122.4000015258789,122.4000015258789,122.5,120.58000183105469,121.8499984741211,53
2022-02-24,122.58999633789062,122.58999633789062,125.33000183105469,122.69999694824219,123.44999694824219,24
2022-02-25,122.12000274658203,122.12000274658203,122.20999908447266,120.0,120.0,7
2022-02-28,122.56999969482422,122.56999969482422,123.12000274658203,123.11000061035156,123.11000061035156,15
2022-03-01,126.3499984741211,126.3499984741211,128.0,121.62000274658203,121.62000274658203,17
2022-03-02,122.04000091552734,122.04000091552734,125.27999877929688,121.63999938964844,124.56999969482422,26
2022-03-03,123.55000305175781,123.55000305175781,123.83000183105469,123.44999694824219,123.44999694824219,8
2022-03-04,120.19999694824219,120.19999694824219,123.75,120.4000015258789,123.75,11
2022-03-07,120.66000366210938,120.66000366210938,120.79000091552734,119.30000305175781,119.30000305175781,47
2022-03-08,122.16999816894531,122.16999816894531,122.0,121.23999786376953,121.23999786376953,3
2022-03-09,121.66999816894531,121.66999816894531,121.66999816894531,121.66999816894531,121.66999816894531,10646
2022-03-10,116.86000061035156,116.86000061035156,118.47000122070312,116.66999816894531,117.47000122070312,9164
2022-03-11,121.02999877929688,121.02999877929688,121.7300033569336,116.91999816894531,117.0999984741211,18291
2022-03-14,118.7699966430664,118.7699966430664,121.26000213623047,117.6500015258789,121.02999877929688,13727
2022-03-15,118.5999984741211,118.5999984741211,119.76000213623047,117.05000305175781,118.7699966430664,14652
2022-03-16,119.80000305175781,119.80000305175781,121.48999786376953,118.16000366210938,118.5,10029
2022-03-17,121.86000061035156,121.86000061035156,122.66999816894531,119.62999725341797,119.80000305175781,11660
2022-03-18,126.86000061035156,126.86000061035156,126.86000061035156,121.83999633789062,121.86000061035156,18974
2022-03-21,130.00999450683594,130.00999450683594,131.7100067138672,127.0999984741211,127.33999633789062,22796
2022-03-22,130.0399932861328,130.0399932861328,130.4499969482422,128.1199951171875,130.25999450683594,11117
2022-03-23,130.02999877929688,130.02999877929688,132.9600067138672,129.86000061035156,130.1999969482422,12688
2022-03-24,130.89999389648438,130.89999389648438,131.61000061035156,129.36000061035156,130.0399932861328,13524
2022-03-25,135.89999389648438,135.89999389648438,135.89999389648438,130.89999389648438,130.89999389648438,15240
2022-03-28,139.07000732421875,139.07000732421875,141.8000030517578,134.0500030517578,135.6999969482422,27201
2022-03-29,136.80999755859375,136.80999755859375,141.58999633789062,136.67999267578125,139.5800018310547,17765
2022-03-30,139.83999633789062,139.83999633789062,140.1999969482422,136.36000061035156,137.0399932861328,13504
2022-03-31,135.69000244140625,135.69000244140625,140.6699981689453,135.36000061035156,139.83999633789062,18805
2022-04-01,134.5500030517578,134.5500030517578,137.49000549316406,134.1199951171875,136.0,15922
2022-04-04,137.94000244140625,137.94000244140625,138.60000610351562,134.60000610351562,134.60000610351562,12877
2022-04-05,137.52999877929688,137.52999877929688,140.4499969482422,136.86000061035156,137.92999267578125,16015
2022-04-06,135.69000244140625,135.69000244140625,138.44000244140625,135.13999938964844,137.67999267578125,22044
2022-04-07,133.1999969482422,133.1999969482422,136.4600067138672,132.8699951171875,135.85000610351562,26169
2022-04-08,132.41000366210938,132.41000366210938,134.58999633789062,132.3000030517578,133.39999389648438,25578
2022-04-11,135.2899932861328,135.2899932861328,136.27000427246094,131.5800018310547,132.4600067138672,22597
2022-04-12,138.50999450683594,138.50999450683594,139.25,135.17999267578125,135.24000549316406,20846
2022-04-13,142.77000427246094,142.77000427246094,143.3800048828125,137.49000549316406,138.8300018310547,18906
2022-04-14,141.97999572753906,141.97999572753906,146.13999938964844,140.72999572753906,142.9199981689453,12774
2022-04-18,144.74000549316406,144.74000549316406,145.33999633789062,142.0,142.0,5539
2022-04-19,139.67999267578125,139.67999267578125,145.61000061035156,139.02000427246094,144.8000030517578,12022
2022-04-20,140.38999938964844,140.38999938964844,142.4499969482422,139.3800048828125,139.8000030517578,5182
2022-04-21,138.58999633789062,138.58999633789062,140.85000610351562,138.5500030517578,140.3800048828125,3259
2022-04-22,139.4600067138672,139.4600067138672,141.42999267578125,136.39999389648438,138.60000610351562,1582
2022-04-25,141.41000366210938,141.41000366210938,139.0,138.32000732421875,138.32000732421875,30
2022-04-26,142.52999877929688,142.52999877929688,142.3300018310547,141.17999267578125,141.92999267578125,13
2022-04-27,146.0800018310547,146.0800018310547,143.30999755859375,142.97000122070312,143.2899932861328,19
2022-04-28,153.0800018310547,153.0800018310547,153.0800018310547,153.0800018310547,153.0800018310547,1
2022-04-29,152.3300018310547,152.3300018310547,155.14999389648438,154.75999450683594,155.0,3
2022-05-02,157.16000366210938,157.16000366210938,156.63999938964844,155.0,155.0,5
2022-05-03,153.3300018310547,153.3300018310547,153.3300018310547,153.3300018310547,153.3300018310547,18
2022-05-04,158.02000427246094,158.02000427246094,158.02000427246094,158.02000427246094,158.02000427246094,0
2022-05-05,152.02000427246094,152.02000427246094,152.02000427246094,152.02000427246094,152.02000427246094,0
2022-05-06,146.8699951171875,146.8699951171875,146.8699951171875,146.8699951171875,146.8699951171875,19170
2022-05-09,142.92999267578125,142.92999267578125,148.1699981689453,142.61000061035156,143.47999572753906,17047
2022-05-10,142.94000244140625,142.94000244140625,145.22000122070312,142.10000610351562,142.57000732421875,10849
2022-05-11,143.60000610351562,143.60000610351562,144.9600067138672,142.36000061035156,143.17999267578125,12967
2022-05-12,145.52999877929688,145.52999877929688,147.9499969482422,143.05999755859375,143.5800018310547,14081
2022-05-13,145.1999969482422,145.1999969482422,146.6199951171875,143.5500030517578,145.52999877929688,11409
2022-05-16,150.64999389648438,150.64999389648438,150.97000122070312,145.66000366210938,145.66000366210938,15677
2022-05-17,148.4600067138672,148.4600067138672,151.9499969482422,148.25,150.52000427246094,14819
2022-05-18,144.47000122070312,144.47000122070312,149.1699981689453,143.16000366210938,148.94000244140625,16384
2022-05-19,147.6999969482422,147.6999969482422,148.86000061035156,141.1199951171875,144.4499969482422,19702
2022-05-20,142.27000427246094,142.27000427246094,148.0,141.86000061035156,147.35000610351562,13619
2022-05-23,142.75,142.75,144.9499969482422,140.8300018310547,142.61000061035156,12400
2022-05-24,141.5399932861328,141.5399932861328,142.82000732421875,140.67999267578125,142.75,13333
2022-05-25,145.16000366210938,145.16000366210938,147.13999938964844,140.75,141.39999389648438,19079
2022-05-26,140.61000061035156,140.61000061035156,145.3699951171875,140.36000061035156,144.57000732421875,20395
2022-05-27,139.4199981689453,139.4199981689453,141.99000549316406,139.0500030517578,140.6999969482422,11381
2022-05-31,138.97999572753906,138.97999572753906,142.0,138.64999389648438,139.4199981689453,12501
2022-06-01,136.05999755859375,136.05999755859375,139.75,135.58999633789062,139.1999969482422,20895
2022-06-02,139.11000061035156,139.11000061035156,140.63999938964844,134.1199951171875,136.10000610351562,15857
2022-06-03,138.17999267578125,138.17999267578125,140.6999969482422,136.05999755859375,139.13999938964844,11953
2022-06-06,137.74000549316406,137.74000549316406,141.58999633789062,136.9600067138672,139.47999572753906,15548
2022-06-07,136.9499969482422,136.9499969482422,138.47000122070312,136.10000610351562,137.74000549316406,18342
2022-06-08,140.6199951171875,140.6199951171875,141.89999389648438,137.07000732421875,137.47000122070312,16023
2022-06-09,146.50999450683594,146.50999450683594,146.6199951171875,139.57000732421875,140.3000030517578,16928
2022-06-10,145.05999755859375,145.05999755859375,147.6999969482422,144.5,146.9199981689453,25754
2022-06-13,145.66000366210938,145.66000366210938,146.5500030517578,143.8000030517578,145.3000030517578,12174
2022-06-14,143.47999572753906,143.47999572753906,145.9199981689453,143.36000061035156,145.64999389648438,7975
2022-06-15,143.17999267578125,143.17999267578125,145.4499969482422,142.5,143.63999938964844,8173
2022-06-16,143.52999877929688,143.52999877929688,147.5,143.4499969482422,143.50999450683594,6840
2022-06-17,143.4499969482422,143.4499969482422,145.8800048828125,143.17999267578125,143.57000732421875,5106
2022-06-21,143.50999450683594,143.50999450683594,146.0,143.39999389648438,143.5,8436
2022-06-22,143.32000732421875,143.32000732421875,145.0,143.0,143.5800018310547,6298
2022-06-23,136.32000732421875,136.32000732421875,143.72999572753906,136.32000732421875,143.5,5807
2022-06-24,103.76000213623047,103.76000213623047,132.25,100.0,132.25,174
2022-06-27,100.3499984741211,100.3499984741211,102.0,102.0,102.0,7
2022-06-28,100.12000274658203,100.12000274658203,103.0,103.0,103.0,6
2022-06-29,104.27999877929688,104.27999877929688,105.0,103.0,103.0,3
2022-06-30,103.94000244140625,103.94000244140625,105.0,104.0,104.0,34
2022-07-01,103.68000030517578,103.68000030517578,109.0,109.0,109.0,2
2022-07-05,99.68000030517578,99.68000030517578,99.68000030517578,99.68000030517578,99.68000030517578,0
2022-07-06,94.69000244140625,94.69000244140625,94.69000244140625,94.69000244140625,94.69000244140625,0
2022-07-07,98.12000274658203,98.12000274658203,98.12000274658203,98.12000274658203,98.12000274658203,57
2022-07-08,102.61000061035156,102.61000061035156,102.77999877929688,98.76000213623047,100.3499984741211,93
2022-07-11,102.44000244140625,102.44000244140625,104.08999633789062,101.19999694824219,104.0,9
2022-07-12,98.44000244140625,98.44000244140625,101.20999908447266,98.62999725341797,101.20999908447266,14
2022-07-13,95.41000366210938,95.41000366210938,98.0,94.26000213623047,98.0,40
2022-07-14,91.41000366210938,91.41000366210938,95.19999694824219,91.41000366210938,95.19000244140625,57
2022-07-15,96.41000366210938,96.41000366210938,96.41000366210938,90.8499984741211,90.8499984741211,16
2022-07-18,100.41999816894531,100.41999816894531,100.81999969482422,97.06999969482422,97.06999969482422,11
2022-07-19,100.19999694824219,100.19999694824219,100.77999877929688,97.44000244140625,100.56999969482422,19
2022-07-20,100.37999725341797,100.37999725341797,101.13999938964844,99.88999938964844,99.9000015258789,16
2022-07-21,99.5999984741211,99.5999984741211,102.94999694824219,98.4800033569336,100.54000091552734,80
2022-07-22,99.43000030517578,99.43000030517578,100.33000183105469,99.25,100.19000244140625,8
2022-07-25,97.5199966430664,97.5199966430664,98.98999786376953,97.31999969482422,98.94000244140625,78
2022-07-26,99.69000244140625,99.69000244140625,99.83999633789062,95.0199966430664,97.51000213623047,84
2022-07-27,99.83000183105469,99.83000183105469,101.5,98.94999694824219,99.83999633789062,36
2022-07-28,102.37000274658203,102.37000274658203,102.8499984741211,100.63999938964844,100.63999938964844,36
2022-07-29,103.12999725341797,103.12999725341797,104.05999755859375,103.05000305175781,103.05000305175781,12
2022-08-01,100.29000091552734,100.29000091552734,102.37999725341797,99.12999725341797,102.37999725341797,33
2022-08-02,100.87000274658203,100.87000274658203,102.37000274658203,98.0,99.80999755859375,14
2022-08-03,100.36000061035156,100.36000061035156,100.86000061035156,100.4800033569336,100.86000061035156,5
2022-08-04,100.12000274658203,100.12000274658203,100.29000091552734,99.77999877929688,100.29000091552734,5
2022-08-05,101.68000030517578,101.68000030517578,101.7300033569336,100.30000305175781,101.69000244140625,10
2022-08-08,101.58000183105469,101.58000183105469,102.37999725341797,101.38999938964844,101.4800033569336,11
2022-08-09,104.54000091552734,104.54000091552734,104.7300033569336,101.23999786376953,101.33000183105469,26
2022-08-10,106.75,106.75,108.41000366210938,103.7699966430664,104.13999938964844,66
2022-08-11,110.44000244140625,110.44000244140625,110.4000015258789,106.91000366210938,106.94000244140625,20
2022-08-12,114.44000244140625,114.44000244140625,114.44000244140625,108.80000305175781,110.4000015258789,20
2022-08-15,119.44000244140625,119.44000244140625,119.44000244140625,116.05999755859375,116.05999755859375,23
2022-08-16,122.25,122.25,125.0,120.20999908447266,120.20999908447266,73
2022-08-17,118.31999969482422,118.31999969482422,122.1500015258789,117.26000213623047,122.1500015258789,27
2022-08-18,117.12000274658203,117.12000274658203,118.75,118.73999786376953,118.73999786376953,12
2022-08-19,119.75,119.75,118.5999984741211,115.38999938964844,115.80999755859375,11
2022-08-22,117.88999938964844,117.88999938964844,121.43000030517578,121.04000091552734,121.04000091552734,4
2022-08-23,116.26000213623047,116.26000213623047,116.69000244140625,116.0,116.0,8
2022-08-24,117.56999969482422,117.56999969482422,117.93000030517578,116.7300033569336,117.05999755859375,6
2022-08-25,117.18000030517578,117.18000030517578,117.18000030517578,117.18000030517578,117.18000030517578,0
2022-08-26,122.12000274658203,122.12000274658203,122.18000030517578,119.31999969482422,119.33000183105469,53
2022-08-29,122.0199966430664,122.0199966430664,121.61000061035156,120.83999633789062,121.43000030517578,12
2022-08-30,117.47000122070312,117.47000122070312,119.47000122070312,117.12999725341797,119.47000122070312,42
2022-08-31,118.29000091552734,118.29000091552734,119.11000061035156,117.11000061035156,119.11000061035156,12
2022-09-01,113.29000091552734,113.29000091552734,117.94999694824219,113.30000305175781,117.66999816894531,29
2022-09-02,108.38999938964844,108.38999938964844,113.79000091552734,109.30000305175781,113.2699966430664,45
2022-09-06,108.29000091552734,108.29000091552734,110.8499984741211,108.41000366210938,110.8499984741211,8
2022-09-07,106.0999984741211,106.0999984741211,109.02999877929688,106.29000091552734,108.55999755859375,17
2022-09-08,108.31999969482422,108.31999969482422,108.5,106.61000061035156,106.61000061035156,8
2022-09-09,109.5199966430664,109.5199966430664,109.5199966430664,109.5199966430664,109.5199966430664,0
2022-09-12,110.20999908447266,110.20999908447266,110.20999908447266,110.20999908447266,110.20999908447266,9
2022-09-13,106.31999969482422,106.31999969482422,108.33999633789062,106.48999786376953,108.33999633789062,7
2022-09-14,107.08999633789062,107.08999633789062,105.9800033569336,105.9800033569336,105.9800033569336,2
2022-09-15,105.23999786376953,105.23999786376953,105.23999786376953,105.23999786376953,105.23999786376953,9
2022-09-16,101.23999786376953,101.23999786376953,102.44999694824219,102.44999694824219,102.44999694824219,9
2022-09-19,97.54000091552734,97.54000091552734,97.54000091552734,97.54000091552734,97.54000091552734,3
2022-09-20,93.54000091552734,93.54000091552734,95.38999938964844,94.01000213623047,95.38999938964844,14
2022-09-21,97.25,97.25,97.54000091552734,94.30999755859375,94.30999755859375,44
2022-09-22,96.83000183105469,96.83000183105469,98.69999694824219,96.55999755859375,97.44999694824219,46
2022-09-23,94.48999786376953,94.48999786376953,98.26000213623047,94.19000244140625,98.26000213623047,2
2022-09-26,90.31999969482422,90.31999969482422,90.31999969482422,90.31999969482422,90.31999969482422,0
2022-09-27,90.04000091552734,90.04000091552734,90.04000091552734,90.04000091552734,90.04000091552734,0
2022-09-28,90.44000244140625,90.44000244140625,90.44000244140625,90.44000244140625,90.44000244140625,0
2022-09-29,87.11000061035156,87.11000061035156,87.11000061035156,87.11000061035156,87.11000061035156,3
2022-09-30,93.22000122070312,93.22000122070312,93.0,93.0,93.0,1
2022-10-03,92.13999938964844,92.13999938964844,92.13999938964844,92.13999938964844,92.13999938964844,0
2022-10-04,96.13999938964844,96.13999938964844,96.13999938964844,96.13999938964844,96.13999938964844,0
2022-10-05,91.2300033569336,91.2300033569336,91.2300033569336,91.2300033569336,91.2300033569336,0
2022-10-06,90.9000015258789,90.9000015258789,90.9000015258789,90.9000015258789,90.9000015258789,0
2022-10-07,92.2300033569336,92.2300033569336,92.2300033569336,92.2300033569336,92.2300033569336,17276
2022-10-10,88.2300033569336,88.2300033569336,88.2300033569336,83.55000305175781,84.75,16061
2022-10-11,88.86000061035156,88.86000061035156,89.77999877929688,87.05000305175781,88.63999938964844,19677
2022-10-12,84.91999816894531,84.91999816894531,88.76000213623047,84.86000061035156,88.48999786376953,21059
2022-10-13,84.79000091552734,84.79000091552734,85.58000183105469,82.0,84.91999816894531,21950
2022-10-14,83.1500015258789,83.1500015258789,85.86000061035156,83.0,84.79000091552734,12790
2022-10-17,83.08999633789062,83.08999633789062,84.68000030517578,83.0,83.04000091552734,13029
2022-10-18,82.29000091552734,82.29000091552734,83.75,81.77999877929688,83.08999633789062,15750
2022-10-19,78.29000091552734,78.29000091552734,83.69000244140625,78.29000091552734,82.58000183105469,25444
2022-10-20,77.4000015258789,77.4000015258789,79.66000366210938,77.13999938964844,78.19999694824219,21487
2022-10-21,79.12999725341797,79.12999725341797,79.93000030517578,75.80000305175781,77.5,25078
2022-10-24,76.12999725341797,76.12999725341797,80.80000305175781,76.12999725341797,79.4000015258789,17879
2022-10-25,78.47000122070312,78.47000122070312,79.08999633789062,76.05000305175781,76.12999725341797,17090
2022-10-26,77.81999969482422,77.81999969482422,79.63999938964844,77.66999816894531,78.47000122070312,12697
2022-10-27,75.11000061035156,75.11000061035156,78.0999984741211,74.81999969482422,77.80999755859375,18100
2022-10-28,72.11000061035156,72.11000061035156,75.37000274658203,72.11000061035156,74.73999786376953,16486
2022-10-31,72.0,72.0,73.22000122070312,70.20999908447266,72.11000061035156,22708
2022-11-01,75.0,75.0,75.0,72.0,72.1500015258789,13666
2022-11-02,79.0,79.0,79.0,76.5199966430664,78.4000015258789,31098
2022-11-03,83.0,83.0,83.0,77.69000244140625,79.9000015258789,35910
2022-11-04,86.93000030517578,86.93000030517578,87.87000274658203,81.25,83.44999694824219,36848
2022-11-07,87.48999786376953,87.48999786376953,88.25,84.8499984741211,86.2300033569336,33512
2022-11-08,87.68000030517578,87.68000030517578,89.30999755859375,86.25,87.45999908447266,21385
2022-11-09,86.5,86.5,88.75,84.19000244140625,87.68000030517578,24710
2022-11-10,86.37999725341797,86.37999725341797,87.44000244140625,84.93000030517578,86.48999786376953,18529
2022-11-11,88.19999694824219,88.19999694824219,88.75,86.37999725341797,86.5199966430664,19789
2022-11-14,85.27999877929688,85.27999877929688,88.4000015258789,85.12000274658203,88.19999694824219,15438
2022-11-15,88.73999786376953,88.73999786376953,89.27999877929688,85.2300033569336,85.3499984741211,14469
2022-11-16,88.44000244140625,88.44000244140625,91.8499984741211,87.80999755859375,88.80000305175781,9021
2022-11-17,87.04000091552734,87.04000091552734,88.81999969482422,85.63999938964844,88.06999969482422,6717
2022-11-18,85.16000366210938,85.16000366210938,87.12999725341797,84.18000030517578,87.04000091552734,8735
2022-11-21,81.16000366210938,81.16000366210938,84.98999786376953,81.16000366210938,84.98999786376953,7984
2022-11-22,83.22000122070312,83.22000122070312,83.94000244140625,80.04000091552734,81.0,2713
2022-11-23,83.94000244140625,83.94000244140625,84.0199966430664,82.0,83.56999969482422,484
2022-11-25,81.33999633789062,81.33999633789062,83.5999984741211,83.47000122070312,83.5999984741211,2
2022-11-28,80.19999694824219,80.19999694824219,81.86000061035156,79.98999786376953,81.86000061035156,126
2022-11-29,81.5999984741211,81.5999984741211,80.80000305175781,80.80000305175781,80.80000305175781,4
2022-11-30,86.05000305175781,86.05000305175781,85.5,83.19999694824219,83.19999694824219,37
2022-12-01,85.93000030517578,85.93000030517578,87.76000213623047,85.9800033569336,87.75,39
2022-12-02,84.27999877929688,84.27999877929688,84.27999877929688,84.27999877929688,84.27999877929688,0
2022-12-05,84.94000244140625,84.94000244140625,85.3499984741211,84.72000122070312,84.80000305175781,5
2022-12-06,85.38999938964844,85.38999938964844,86.05999755859375,85.27999877929688,85.27999877929688,4
2022-12-07,82.61000061035156,82.61000061035156,82.61000061035156,82.61000061035156,82.61000061035156,17226
2022-12-08,80.8499984741211,80.8499984741211,84.0999984741211,80.76000213623047,82.1500015258789,13719
2022-12-09,80.94999694824219,80.94999694824219,83.75,80.0999984741211,80.9000015258789,18902
2022-12-12,79.38999938964844,79.38999938964844,81.87999725341797,79.02999877929688,80.94999694824219,14218
2022-12-13,81.62999725341797,81.62999725341797,82.38999938964844,78.80000305175781,79.29000091552734,18266
2022-12-14,81.37000274658203,81.37000274658203,82.55000305175781,80.62999725341797,81.47000122070312,10979
2022-12-15,81.02999877929688,81.02999877929688,81.97000122070312,80.41000366210938,81.37000274658203,11576
2022-12-16,81.91999816894531,81.91999816894531,82.30000305175781,79.80000305175781,81.02999877929688,13485
2022-12-19,84.08000183105469,84.08000183105469,85.75,81.33000183105469,81.91999816894531,16981
2022-12-20,87.83999633789062,87.83999633789062,88.08000183105469,83.62999725341797,84.08000183105469,16356
2022-12-21,88.30000305175781,88.30000305175781,89.6500015258789,87.36000061035156,87.80000305175781,15598
2022-12-22,84.30000305175781,84.30000305175781,88.5999984741211,84.30000305175781,88.30000305175781,13093
2022-12-23,85.20999908447266,85.20999908447266,85.79000091552734,84.01000213623047,84.30000305175781,9295
2022-12-27,84.23999786376953,84.23999786376953,85.63999938964844,84.0199966430664,85.2300033569336,7355
2022-12-28,83.26000213623047,83.26000213623047,85.08000183105469,82.36000061035156,84.08999633789062,10367
2022-12-29,82.63999938964844,82.63999938964844,83.88999938964844,82.5199966430664,83.25,7102
2022-12-30,83.37000274658203,83.37000274658203,84.63999938964844,82.55000305175781,82.63999938964844,7527
2023-01-03,83.13999938964844,83.13999938964844,85.8499984741211,82.80000305175781,83.37000274658203,13015
2023-01-04,80.44000244140625,80.44000244140625,84.25,80.37000274658203,83.16999816894531,18860
2023-01-05,82.58000183105469,82.58000183105469,83.7300033569336,80.5,80.51000213623047,16637
2023-01-06,85.68000030517578,85.68000030517578,86.0999984741211,82.11000061035156,82.58000183105469,16468
2023-01-09,86.22000122070312,86.22000122070312,87.97000122070312,84.58000183105469,85.66999816894531,21882
2023-01-10,84.76000213623047,84.76000213623047,86.1500015258789,84.30000305175781,86.0,14170
2023-01-11,84.26000213623047,84.26000213623047,85.83999633789062,83.4000015258789,84.61000061035156,14877
2023-01-12,82.04000091552734,82.04000091552734,84.87000274658203,81.8499984741211,84.4000015258789,19971
2023-01-13,82.29000091552734,82.29000091552734,83.4000015258789,81.6500015258789,82.0,18126
2023-01-17,82.81999969482422,82.81999969482422,83.22000122070312,81.97000122070312,82.4000015258789,14294
2023-01-18,84.80999755859375,84.80999755859375,86.30000305175781,82.86000061035156,82.86000061035156,21390
2023-01-19,83.38999938964844,83.38999938964844,85.63999938964844,83.2300033569336,84.80000305175781,18151
2023-01-20,86.69999694824219,86.69999694824219,86.79000091552734,83.56999969482422,83.58000183105469,19412
2023-01-23,87.38999938964844,87.38999938964844,88.68000030517578,85.80000305175781,86.69999694824219,22806
2023-01-24,86.23999786376953,86.23999786376953,87.31999969482422,85.62999725341797,87.31999969482422,13358
2023-01-25,86.66000366210938,86.66000366210938,87.5,85.12000274658203,86.16000366210938,12755
2023-01-26,87.5,87.5,88.87999725341797,86.62999725341797,86.80000305175781,17023
2023-01-27,86.88999938964844,86.88999938964844,87.55999755859375,86.11000061035156,87.3499984741211,10049
2023-01-30,85.0999984741211,85.0999984741211,87.4000015258789,84.5,87.25,18477
2023-01-31,86.22000122070312,86.22000122070312,86.8499984741211,85.01000213623047,85.30000305175781,22411
2023-02-01,85.61000061035156,85.61000061035156,87.0,85.30000305175781,86.01000213623047,17239
2023-02-02,86.38999938964844,86.38999938964844,87.29000091552734,85.43000030517578,85.80000305175781,16548
2023-02-03,85.43000030517578,85.43000030517578,86.44999694824219,85.05000305175781,86.1500015258789,17020
2023-02-06,83.2699966430664,83.2699966430664,85.5999984741211,83.06999969482422,85.12999725341797,22341
2023-02-07,85.62999725341797,85.62999725341797,86.98999786376953,83.2699966430664,83.2699966430664,32551
2023-02-08,85.37000274658203,85.37000274658203,85.88999938964844,84.13999938964844,85.61000061035156,23424
2023-02-09,85.5,85.5,86.30000305175781,85.0999984741211,85.31999969482422,27192
2023-02-10,85.2699966430664,85.2699966430664,85.6500015258789,84.26000213623047,85.30000305175781,17697
2023-02-13,85.63999938964844,85.63999938964844,86.7300033569336,84.52999877929688,85.1500015258789,16690
2023-02-14,85.4000015258789,85.4000015258789,85.9000015258789,84.4000015258789,85.5,9372
2023-02-15,82.55000305175781,82.55000305175781,85.5,82.02999877929688,85.25,14275
2023-02-16,81.25,81.25,83.79000091552734,81.0,82.5,7681
2023-02-17,80.25,80.25,81.75,80.0,81.25,6547
2023-02-21,80.91999816894531,80.91999816894531,83.5,79.80000305175781,80.36000061035156,4284
2023-02-22,82.25,82.25,82.77999877929688,81.87000274658203,81.87000274658203,89
2023-02-23,82.41000366210938,82.41000366210938,83.05999755859375,82.0,83.05999755859375,15
2023-02-24,85.12999725341797,85.12999725341797,82.5999984741211,82.0,82.0,7
2023-02-27,85.0,85.0,85.0,85.0,85.0,0
2023-02-28,84.19000244140625,84.19000244140625,84.75,83.75,84.75,3
2023-03-01,84.56999969482422,84.56999969482422,84.56999969482422,84.56999969482422,84.56999969482422,0
2023-03-02,82.8499984741211,82.8499984741211,82.8499984741211,82.8499984741211,82.8499984741211,0
2023-03-03,84.37000274658203,84.37000274658203,84.30000305175781,84.30000305175781,84.30000305175781,1
2023-03-06,84.86000061035156,84.86000061035156,84.86000061035156,84.86000061035156,84.86000061035156,0
2023-03-07,82.88999938964844,82.88999938964844,83.12000274658203,83.12000274658203,83.12000274658203,1
2023-03-08,82.73999786376953,82.73999786376953,82.73999786376953,82.73999786376953,82.73999786376953,0
2023-03-09,82.30000305175781,82.30000305175781,82.30000305175781,82.30000305175781,82.30000305175781,15573
2023-03-10,78.18000030517578,78.18000030517578,82.25,78.18000030517578,82.19999694824219,37570
2023-03-13,81.18000030517578,81.18000030517578,81.18000030517578,77.94999694824219,78.69000244140625,34654
2023-03-14,81.37000274658203,81.37000274658203,82.48999786376953,80.30000305175781,80.5999984741211,20007
2023-03-15,79.11000061035156,79.11000061035156,81.7300033569336,78.22000122070312,81.30000305175781,21827
2023-03-16,79.16000366210938,79.16000366210938,79.87000274658203,77.55000305175781,79.25,20984
2023-03-17,77.83000183105469,77.83000183105469,79.31999969482422,76.86000061035156,79.0999984741211,17533
2023-03-20,77.22000122070312,77.22000122070312,79.48999786376953,76.68000030517578,77.5999984741211,17454
2023-03-21,77.8499984741211,77.8499984741211,79.16000366210938,77.22000122070312,77.30000305175781,14038
2023-03-22,78.27999877929688,78.27999877929688,79.80000305175781,77.77999877929688,78.01000213623047,13918
2023-03-23,77.58000183105469,77.58000183105469,79.47000122070312,77.1500015258789,78.19999694824219,13791
2023-03-24,76.54000091552734,76.54000091552734,77.86000061035156,75.69999694824219,77.54000091552734,17861
2023-03-27,79.5199966430664,79.5199966430664,79.54000091552734,76.55000305175781,76.83999633789062,18669
2023-03-28,82.5199966430664,82.5199966430664,82.5199966430664,79.66000366210938,79.66000366210938,21277
2023-03-29,82.76000213623047,82.76000213623047,83.41999816894531,81.30999755859375,82.5199966430664,22288
2023-03-30,83.5,83.5,83.94999694824219,82.05000305175781,82.68000030517578,16772
2023-03-31,82.77999877929688,82.77999877929688,83.69000244140625,82.26000213623047,83.63999938964844,16291
2023-04-03,82.37999725341797,82.37999725341797,83.63999938964844,81.87999725341797,83.37999725341797,15886
2023-04-04,81.05000305175781,81.05000305175781,83.0,80.22000122070312,82.37999725341797,17752
2023-04-05,81.06999969482422,81.06999969482422,81.97000122070312,80.51000213623047,81.0,13538
2023-04-06,83.19999694824219,83.19999694824219,83.43000030517578,81.19999694824219,81.44999694824219,0
2023-04-10,82.44999694824219,82.44999694824219,83.62999725341797,82.33000183105469,83.0,19613
2023-04-11,82.75,82.75,83.06999969482422,81.9000015258789,82.33000183105469,20090
2023-04-12,82.44999694824219,82.44999694824219,83.16999816894531,82.04000091552734,82.69000244140625,23937
2023-04-13,83.3499984741211,83.3499984741211,83.80999755859375,82.25,82.5,23172
2023-04-14,82.86000061035156,82.86000061035156,83.7699966430664,82.76000213623047,83.31999969482422,18248
2023-04-17,83.30000305175781,83.30000305175781,83.95999908447266,82.6500015258789,82.88999938964844,12605
2023-04-18,84.55000305175781,84.55000305175781,84.93000030517578,83.19999694824219,83.30000305175781,10075
2023-04-19,83.23999786376953,83.23999786376953,84.93000030517578,83.0999984741211,84.5,5731
2023-04-20,79.23999786376953,79.23999786376953,83.25,79.23999786376953,83.12000274658203,5553
2023-04-21,78.41000366210938,78.41000366210938,79.97000122070312,78.41999816894531,79.19000244140625,1587
2023-04-24,78.9800033569336,78.9800033569336,81.44999694824219,79.6500015258789,80.95999908447266,307
2023-04-25,77.0,77.0,76.22000122070312,76.22000122070312,76.22000122070312,6
2023-04-26,76.51000213623047,76.51000213623047,76.51000213623047,76.51000213623047,76.51000213623047,73
2023-04-27,78.62999725341797,78.62999725341797,78.62999725341797,78.62999725341797,78.62999725341797,0
2023-04-28,79.02999877929688,79.02999877929688,80.81999969482422,80.81999969482422,80.81999969482422,1
2023-05-01,79.54000091552734,79.54000091552734,79.54000091552734,79.54000091552734,79.54000091552734,0
2023-05-02,78.5999984741211,78.5999984741211,78.5999984741211,78.5999984741211,78.5999984741211,0
2023-05-03,76.98999786376953,76.98999786376953,76.98999786376953,76.98999786376953,76.98999786376953,0
2023-05-04,79.98999786376953,79.98999786376953,79.98999786376953,79.98999786376953,79.98999786376953,0
2023-05-05,82.12999725341797,82.12999725341797,83.5,83.5,83.5,40
2023-05-08,81.52999877929688,81.52999877929688,81.52999877929688,81.52999877929688,81.52999877929688,16344
2023-05-09,80.98999786376953,80.98999786376953,83.18000030517578,80.4000015258789,83.18000030517578,21699
2023-05-10,80.76000213623047,80.76000213623047,81.5999984741211,80.19999694824219,80.95999908447266,14457
2023-05-11,79.62000274658203,79.62000274658203,81.23999786376953,79.5199966430664,80.7300033569336,17793
2023-05-12,80.52999877929688,80.52999877929688,81.76000213623047,79.5999984741211,79.5999984741211,16110
2023-05-15,82.37000274658203,82.37000274658203,83.23999786376953,80.52999877929688,80.54000091552734,17250
2023-05-16,83.37999725341797,83.37999725341797,83.97000122070312,81.5,82.3499984741211,20901
2023-05-17,86.94000244140625,86.94000244140625,87.0,82.83999633789062,83.19999694824219,41227
2023-05-18,86.66000366210938,86.66000366210938,87.16000366210938,85.62000274658203,86.5,32316
2023-05-19,86.72000122070312,86.72000122070312,87.9800033569336,86.12999725341797,86.30000305175781,23929
2023-05-22,85.31999969482422,85.31999969482422,87.25,84.61000061035156,86.72000122070312,20543
2023-05-23,84.3499984741211,84.3499984741211,85.66000366210938,83.86000061035156,85.31999969482422,15477
2023-05-24,81.72000122070312,81.72000122070312,84.4000015258789,81.4000015258789,84.3499984741211,22721
2023-05-25,80.12000274658203,80.12000274658203,82.77999877929688,79.86000061035156,81.70999908447266,25928
2023-05-26,83.3499984741211,83.3499984741211,83.73999786376953,80.11000061035156,80.11000061035156,30517
2023-05-30,83.98999786376953,83.98999786376953,86.54000091552734,82.76000213623047,83.63999938964844,26840
2023-05-31,83.4800033569336,83.4800033569336,84.48999786376953,82.55999755859375,84.48999786376953,19748
2023-06-01,86.41999816894531,86.41999816894531,86.88999938964844,83.55000305175781,83.7699966430664,26191
2023-06-02,86.05000305175781,86.05000305175781,87.16000366210938,85.5,86.41999816894531,16756
2023-06-05,84.79000091552734,84.79000091552734,86.44999694824219,84.37999725341797,85.98999786376953,20752
2023-06-06,85.33999633789062,85.33999633789062,85.70999908447266,84.4800033569336,84.69000244140625,17012
2023-06-07,85.01000213623047,85.01000213623047,85.5,84.05999755859375,85.33000183105469,20246
2023-06-08,84.30999755859375,84.30999755859375,86.95999908447266,84.11000061035156,85.0,27976
2023-06-09,84.04000091552734,84.04000091552734,84.62999725341797,83.7699966430664,84.30999755859375,20293
2023-06-12,83.48999786376953,83.48999786376953,84.0999984741211,83.08000183105469,84.0999984741211,14447
2023-06-13,82.72000122070312,82.72000122070312,84.2699966430664,82.5999984741211,83.52999877929688,11123
2023-06-14,81.79000091552734,81.79000091552734,82.9000015258789,81.69999694824219,82.72000122070312,7331
2023-06-15,80.63999938964844,80.63999938964844,82.05999755859375,80.5,82.05000305175781,7680
2023-06-16,81.45999908447266,81.45999908447266,81.9800033569336,80.52999877929688,80.52999877929688,6825
2023-06-20,80.66000366210938,80.66000366210938,81.77999877929688,80.51000213623047,81.6500015258789,6751
2023-06-21,79.30999755859375,79.30999755859375,80.91999816894531,79.19999694824219,80.66000366210938,6167
2023-06-22,79.29000091552734,79.29000091552734,79.94000244140625,78.0,79.0999984741211,4443
2023-06-23,78.05999755859375,78.05999755859375,79.70999908447266,76.91000366210938,79.5999984741211,2498
2023-06-26,77.06999969482422,77.06999969482422,80.8499984741211,80.55000305175781,80.8499984741211,116
2023-06-27,77.63999938964844,77.63999938964844,79.62999725341797,79.55999755859375,79.55999755859375,36
2023-06-28,80.12000274658203,80.12000274658203,80.12000274658203,80.12000274658203,80.12000274658203,50
2023-06-29,81.25,81.25,81.25,81.25,81.25,4
2023-06-30,82.83999633789062,82.83999633789062,82.83999633789062,82.83999633789062,82.83999633789062,0
2023-07-03,83.43000030517578,83.43000030517578,83.30000305175781,83.29000091552734,83.29000091552734,3
2023-07-05,82.44999694824219,82.44999694824219,84.0,84.0,84.0,1
2023-07-06,82.87999725341797,82.87999725341797,82.87999725341797,82.87999725341797,82.87999725341797,0
2023-07-07,81.19999694824219,81.19999694824219,81.19999694824219,81.19999694824219,81.19999694824219,101
2023-07-10,79.94999694824219,79.94999694824219,80.76000213623047,80.41999816894531,80.76000213623047,3
2023-07-11,82.94999694824219,82.94999694824219,82.94999694824219,81.83000183105469,82.87999725341797,23
2023-07-12,82.51000213623047,82.51000213623047,83.97000122070312,82.26000213623047,83.52999877929688,21
2023-07-13,82.79000091552734,82.79000091552734,82.66000366210938,82.11000061035156,82.33000183105469,226
2023-07-14,82.66000366210938,82.66000366210938,85.23999786376953,82.16000366210938,82.4800033569336,263
2023-07-17,83.48999786376953,83.48999786376953,83.29000091552734,82.2699966430664,82.2699966430664,3
2023-07-18,83.77999877929688,83.77999877929688,84.5,83.44999694824219,83.9000015258789,14
2023-07-19,85.62000274658203,85.62000274658203,86.06999969482422,84.19999694824219,84.19999694824219,22
2023-07-20,85.93000030517578,85.93000030517578,86.31999969482422,85.93000030517578,86.31999969482422,4
2023-07-21,85.08000183105469,85.08000183105469,86.9000015258789,84.25,86.87999725341797,48
2023-07-24,85.58000183105469,85.58000183105469,85.80000305175781,84.76000213623047,84.76000213623047,68
2023-07-25,88.55000305175781,88.55000305175781,88.68000030517578,86.05000305175781,86.18000030517578,54
2023-07-26,89.9800033569336,89.9800033569336,90.33000183105469,87.9000015258789,88.23999786376953,25
2023-07-27,86.62000274658203,86.62000274658203,89.76000213623047,86.2300033569336,89.76000213623047,69
2023-07-28,85.05999755859375,85.05999755859375,87.8499984741211,85.0199966430664,87.81999969482422,65
2023-07-31,85.44000244140625,85.44000244140625,87.19999694824219,84.5,85.04000091552734,29
2023-08-01,86.87000274658203,86.87000274658203,86.68000030517578,85.94999694824219,86.5999984741211,7
2023-08-02,85.08000183105469,85.08000183105469,85.87000274658203,84.80000305175781,85.83000183105469,8
2023-08-03,85.27999877929688,85.27999877929688,85.25,83.8499984741211,84.94000244140625,16
2023-08-04,85.2699966430664,85.2699966430664,86.05000305175781,85.0,85.0,10
2023-08-07,86.37999725341797,86.37999725341797,86.05000305175781,85.0,85.0,1
2023-08-08,86.19999694824219,86.19999694824219,86.18000030517578,85.26000213623047,85.5,13
2023-08-09,86.11000061035156,86.11000061035156,85.43000030517578,85.43000030517578,85.43000030517578,1
2023-08-10,87.29000091552734,87.29000091552734,87.68000030517578,86.66999816894531,86.66999816894531,16
2023-08-11,89.29000091552734,89.29000091552734,90.16000366210938,87.04000091552734,87.30999755859375,9
2023-08-14,87.6500015258789,87.6500015258789,88.5999984741211,86.69000244140625,88.5999984741211,14
2023-08-15,86.19999694824219,86.19999694824219,86.58000183105469,85.83999633789062,86.58000183105469,9
2023-08-16,85.31999969482422,85.31999969482422,86.06999969482422,85.2699966430664,86.06999969482422,17
2023-08-17,84.36000061035156,84.36000061035156,85.0999984741211,84.77999877929688,85.0999984741211,5
2023-08-18,84.31999969482422,84.31999969482422,85.16000366210938,84.52999877929688,85.1500015258789,6
2023-08-21,84.45999908447266,84.45999908447266,85.56999969482422,85.54000091552734,85.54000091552734,2
2023-08-22,84.98999786376953,84.98999786376953,84.9000015258789,84.61000061035156,84.9000015258789,3
2023-08-23,86.20999908447266,86.20999908447266,86.23999786376953,84.93000030517578,86.08000183105469,23
2023-08-24,86.08999633789062,86.08999633789062,86.94000244140625,85.98999786376953,86.7699966430664,67
2023-08-25,87.51000213623047,87.51000213623047,87.68000030517578,86.05000305175781,86.05000305175781,7
2023-08-28,87.06999969482422,87.06999969482422,87.0999984741211,87.05999755859375,87.05999755859375,2
2023-08-29,87.08999633789062,87.08999633789062,86.81999969482422,86.4000015258789,86.4000015258789,2
2023-08-30,88.27999877929688,88.27999877929688,88.30000305175781,87.18000030517578,87.83999633789062,29
2023-08-31,88.0999984741211,88.0999984741211,88.55000305175781,87.80999755859375,87.94999694824219,7
2023-09-01,89.61000061035156,89.61000061035156,90.13999938964844,88.4000015258789,88.79000091552734,42
2023-09-05,88.0,88.0,88.63999938964844,86.79000091552734,88.63999938964844,28
2023-09-06,86.0,86.0,87.0,86.0,87.0,6
2023-09-07,83.62000274658203,83.62000274658203,85.56999969482422,83.41000366210938,85.56999969482422,22
2023-09-08,84.41000366210938,84.41000366210938,84.80000305175781,83.61000061035156,83.61000061035156,8
2023-09-11,86.97000122070312,86.97000122070312,87.44999694824219,86.12999725341797,86.25,12
2023-09-12,87.48999786376953,87.48999786376953,87.6500015258789,86.20999908447266,87.41000366210938,16
2023-09-13,85.66999816894531,85.66999816894531,86.70999908447266,85.05999755859375,86.70999908447266,23
2023-09-14,86.47000122070312,86.47000122070312,86.4000015258789,86.05999755859375,86.4000015258789,9
2023-09-15,85.38999938964844,85.38999938964844,86.75,85.19999694824219,86.75,16
2023-09-18,85.54000091552734,85.54000091552734,85.97000122070312,85.77999877929688,85.77999877929688,7
2023-09-19,86.05999755859375,86.05999755859375,86.52999877929688,86.52999877929688,86.52999877929688,7
2023-09-20,85.37000274658203,85.37000274658203,85.7300033569336,85.3499984741211,85.7300033569336,6
2023-09-21,84.87000274658203,84.87000274658203,85.0199966430664,84.69999694824219,85.0,12
2023-09-22,84.04000091552734,84.04000091552734,84.87000274658203,84.87000274658203,84.87000274658203,6
2023-09-25,86.41999816894531,86.41999816894531,86.41999816894531,86.41999816894531,86.41999816894531,0
2023-09-26,88.18000030517578,88.18000030517578,88.18000030517578,88.18000030517578,88.18000030517578,0
2023-09-27,88.4000015258789,88.4000015258789,88.4000015258789,88.4000015258789,88.4000015258789,0
2023-09-28,88.7300033569336,88.7300033569336,89.19999694824219,89.19999694824219,89.19999694824219,1
2023-09-29,86.86000061035156,86.86000061035156,90.75,85.20999908447266,90.75,22
2023-10-02,87.45999908447266,87.45999908447266,87.45999908447266,87.45999908447266,87.45999908447266,0
2023-10-03,87.13999938964844,87.13999938964844,87.13999938964844,87.13999938964844,87.13999938964844,0
2023-10-04,86.72000122070312,86.72000122070312,86.72000122070312,86.72000122070312,86.72000122070312,0
2023-10-05,86.25,86.25,86.25,86.25,86.25,0
2023-10-06,86.8499984741211,86.8499984741211,86.8499984741211,86.8499984741211,86.8499984741211,0
2023-10-09,86.66999816894531,86.66999816894531,86.66999816894531,86.66999816894531,86.66999816894531,23365
2023-10-10,85.44999694824219,85.44999694824219,87.37000274658203,85.36000061035156,87.0999984741211,27442
2023-10-11,85.05000305175781,85.05000305175781,86.1500015258789,84.37999725341797,85.5,28531
2023-10-12,84.91999816894531,84.91999816894531,85.69999694824219,84.13999938964844,85.01000213623047,22993
2023-10-13,86.05999755859375,86.05999755859375,86.48999786376953,84.7300033569336,85.0999984741211,19832
2023-10-16,85.1500015258789,85.1500015258789,86.2300033569336,84.58000183105469,86.19999694824219,23441
2023-10-17,83.2300033569336,83.2300033569336,85.1500015258789,82.97000122070312,85.1500015258789,32468
2023-10-18,84.23999786376953,84.23999786376953,84.5,82.01000213623047,83.30999755859375,35021
2023-10-19,84.2699966430664,84.2699966430664,84.38999938964844,82.41000366210938,84.18000030517578,20510
2023-10-20,82.4000015258789,82.4000015258789,84.12999725341797,81.51000213623047,84.11000061035156,31366
2023-10-23,83.7300033569336,83.7300033569336,84.9000015258789,81.68000030517578,82.29000091552734,33193
2023-10-24,82.93000030517578,82.93000030517578,84.44000244140625,82.56999969482422,83.7300033569336,19572
2023-10-25,83.80999755859375,83.80999755859375,84.16000366210938,82.7300033569336,82.77999877929688,14634
2023-10-26,84.58999633789062,84.58999633789062,85.19999694824219,83.51000213623047,83.76000213623047,19467
2023-10-27,84.37999725341797,84.37999725341797,85.44000244140625,83.83000183105469,84.77999877929688,17145
2023-10-30,82.91000366210938,82.91000366210938,85.25,82.79000091552734,84.37999725341797,19829
2023-10-31,81.22000122070312,81.22000122070312,83.0999984741211,81.1500015258789,82.94999694824219,26784
2023-11-01,79.44000244140625,79.44000244140625,81.37999725341797,79.30000305175781,81.37999725341797,32215
2023-11-02,79.80000305175781,79.80000305175781,80.81999969482422,79.4800033569336,79.55000305175781,24071
2023-11-03,79.62000274658203,79.62000274658203,80.5,79.19999694824219,79.80000305175781,16748
2023-11-06,78.0,78.0,79.97000122070312,77.86000061035156,79.41999816894531,29926
2023-11-07,76.4800033569336,76.4800033569336,78.16000366210938,76.25,77.94999694824219,36280
2023-11-08,74.88999938964844,74.88999938964844,76.91999816894531,74.7699966430664,76.5,36591
2023-11-09,76.5199966430664,76.5199966430664,77.29000091552734,74.9000015258789,75.0,35683
2023-11-10,77.31999969482422,77.31999969482422,77.75,75.52999877929688,76.27999877929688,27663
2023-11-13,77.4800033569336,77.4800033569336,78.0,76.81999969482422,77.30000305175781,23202
2023-11-14,78.68000030517578,78.68000030517578,79.87999725341797,77.30999755859375,77.4800033569336,19467
2023-11-15,78.41000366210938,78.41000366210938,79.19000244140625,78.04000091552734,78.54000091552734,8681
2023-11-16,78.68000030517578,78.68000030517578,79.48999786376953,77.91000366210938,78.2300033569336,7847
2023-11-17,78.91999816894531,78.91999816894531,79.41000366210938,78.2300033569336,78.62000274658203,5649
2023-11-20,77.97000122070312,77.97000122070312,79.12000274658203,77.0199966430664,78.5999984741211,7393
2023-11-21,77.33999633789062,77.33999633789062,77.75,76.68000030517578,77.75,10659
2023-11-22,79.58000183105469,79.58000183105469,79.75,77.55000305175781,77.5999984741211,3756
2023-11-23,79.58000183105469,79.58000183105469,79.75,77.55000305175781,77.5999984741211,3756
2023-11-24,80.38999938964844,80.38999938964844,80.68000030517578,78.2699966430664,79.58000183105469,376
2023-11-27,78.58999633789062,78.58999633789062,80.41999816894531,80.41999816894531,80.41999816894531,35
2023-11-28,78.5999984741211,78.5999984741211,78.79000091552734,78.79000091552734,78.79000091552734,5
2023-11-29,78.58999633789062,78.58999633789062,78.81999969482422,78.81999969482422,78.81999969482422,1
2023-11-30,79.4000015258789,79.4000015258789,79.7699966430664,79.06999969482422,79.7699966430664,9
2023-12-01,78.41999816894531,78.41999816894531,79.4800033569336,76.0,76.0,6
2023-12-04,77.68000030517578,77.68000030517578,78.41999816894531,78.25,78.41999816894531,35
2023-12-05,78.68000030517578,78.68000030517578,78.68000030517578,78.68000030517578,78.68000030517578,0
2023-12-06,78.75,78.75,78.75,78.75,78.75,15441
2023-12-07,82.58999633789062,82.58999633789062,82.75,79.5199966430664,79.61000061035156,35322
2023-12-08,81.44000244140625,81.44000244140625,83.12999725341797,81.12000274658203,82.7300033569336,23492
2023-12-11,82.0,82.0,82.5,81.38999938964844,81.45999908447266,16661
2023-12-12,81.05000305175781,81.05000305175781,82.36000061035156,80.5999984741211,81.9800033569336,15833
2023-12-13,81.18000030517578,81.18000030517578,81.70999908447266,80.77999877929688,81.05000305175781,12002
2023-12-14,80.80999755859375,80.80999755859375,82.27999877929688,80.69999694824219,81.18000030517578,15886
2023-12-15,79.93000030517578,79.93000030517578,81.5,79.83000183105469,80.80999755859375,15218
2023-12-18,79.0999984741211,79.0999984741211,80.12000274658203,79.05000305175781,80.0,17264
2023-12-19,79.45999908447266,79.45999908447266,79.87000274658203,78.86000061035156,79.18000030517578,14595
2023-12-20,79.20999908447266,79.20999908447266,80.58999633789062,79.01000213623047,79.45999908447266,14506
2023-12-21,79.12999725341797,79.12999725341797,79.8499984741211,78.30999755859375,79.5,17454
2023-12-22,79.76000213623047,79.76000213623047,80.88999938964844,79.25,79.26000213623047,15234
2023-12-26,80.05000305175781,80.05000305175781,80.5,79.62000274658203,79.76000213623047,6761
2023-12-27,80.52999877929688,80.52999877929688,80.76000213623047,79.51000213623047,80.0,13598
2023-12-28,80.94999694824219,80.94999694824219,81.30000305175781,80.19000244140625,80.4800033569336,13252
2023-12-29,81.0,81.0,81.75,80.44000244140625,80.80999755859375,14269
2024-01-02,79.94000244140625,79.94000244140625,81.75,79.69000244140625,80.87000274658203,18900
2024-01-03,80.93000030517578,80.93000030517578,81.44999694824219,80.11000061035156,80.25,18949
2024-01-04,80.12000274658203,80.12000274658203,81.25,80.08000183105469,80.80999755859375,15899
2024-01-05,80.19000244140625,80.19000244140625,80.56999969482422,79.58999633789062,80.12000274658203,15706
2024-01-08,80.41999816894531,80.41999816894531,80.80999755859375,79.5999984741211,80.01000213623047,16715
2024-01-09,80.7300033569336,80.7300033569336,81.2300033569336,80.30000305175781,80.45999908447266,15329
2024-01-10,80.18000030517578,80.18000030517578,81.0999984741211,79.91999816894531,80.72000122070312,18115
2024-01-11,81.36000061035156,81.36000061035156,81.94999694824219,80.0199966430664,80.02999877929688,24270
2024-01-12,81.30999755859375,81.30999755859375,82.22000122070312,81.05999755859375,81.36000061035156,21837
2024-01-16,81.33000183105469,81.33000183105469,81.5199966430664,80.68000030517578,81.30999755859375,15884
2024-01-17,81.69999694824219,81.69999694824219,82.44999694824219,81.01000213623047,81.30999755859375,21917
2024-01-18,82.51000213623047,82.51000213623047,82.5999984741211,81.6500015258789,81.87000274658203,18093
2024-01-19,83.94999694824219,83.94999694824219,84.72000122070312,82.30999755859375,82.5,45229
2024-01-22,84.83000183105469,84.83000183105469,84.98999786376953,83.54000091552734,83.88999938964844,33550
2024-01-23,84.5999984741211,84.5999984741211,84.83000183105469,84.02999877929688,84.81999969482422,26242
2024-01-24,85.4000015258789,85.4000015258789,85.48999786376953,84.29000091552734,84.5,24638
2024-01-25,85.76000213623047,85.76000213623047,85.83000183105469,85.08000183105469,85.30000305175781,22811
2024-01-26,84.37000274658203,84.37000274658203,85.86000061035156,84.16000366210938,85.68000030517578,23260
2024-01-29,84.26000213623047,84.26000213623047,85.20999908447266,83.86000061035156,84.45999908447266,21851
2024-01-30,84.77999877929688,84.77999877929688,84.93000030517578,83.6500015258789,84.5,21341
2024-01-31,85.16999816894531,85.16999816894531,85.37000274658203,84.5,84.68000030517578,20541
2024-02-01,86.48999786376953,86.48999786376953,86.9000015258789,84.80000305175781,85.0999984741211,35547
2024-02-02,87.11000061035156,87.11000061035156,87.31999969482422,85.80000305175781,86.41999816894531,28330
2024-02-05,87.04000091552734,87.04000091552734,87.44999694824219,86.51000213623047,86.93000030517578,27689
2024-02-06,87.54000091552734,87.54000091552734,87.83000183105469,86.94999694824219,87.0,18566
2024-02-07,88.47000122070312,88.47000122070312,88.68000030517578,87.20999908447266,87.58999633789062,29945
2024-02-08,89.0999984741211,89.0999984741211,89.27999877929688,88.13999938964844,88.47000122070312,29499
2024-02-09,91.77999877929688,91.77999877929688,92.0,88.55999755859375,89.43000030517578,39786
2024-02-12,90.52999877929688,90.52999877929688,91.6500015258789,89.4000015258789,91.5199966430664,28352
2024-02-13,91.5199966430664,91.5199966430664,92.5,90.0999984741211,90.25,17961
2024-02-14,93.4800033569336,93.4800033569336,94.48999786376953,90.91000366210938,91.5199966430664,15177
2024-02-15,94.62999725341797,94.62999725341797,95.19999694824219,93.0999984741211,93.4800033569336,9358
2024-02-16,93.87000274658203,93.87000274658203,95.93000030517578,92.95999908447266,94.62999725341797,5945
2024-02-20,91.19000244140625,91.19000244140625,93.72000122070312,90.5,93.55000305175781,10965
2024-02-21,92.5999984741211,92.5999984741211,93.93000030517578,90.88999938964844,91.0999984741211,4175
2024-02-22,94.19999694824219,94.19999694824219,94.55000305175781,92.12999725341797,92.5999984741211,2582
2024-02-23,94.93000030517578,94.93000030517578,95.41999816894531,93.51000213623047,93.87999725341797,222
2024-02-26,96.58000183105469,96.58000183105469,96.12999725341797,94.77999877929688,94.77999877929688,8
2024-02-27,100.75,100.75,99.0,96.70999908447266,96.75,33
2024-02-28,103.06999969482422,103.06999969482422,107.25,103.79000091552734,103.79000091552734,10
2024-02-29,101.55999755859375,101.55999755859375,101.55999755859375,101.55999755859375,101.55999755859375,0
2024-03-01,97.55999755859375,97.55999755859375,97.55999755859375,97.55999755859375,97.55999755859375,0
2024-03-04,98.44000244140625,98.44000244140625,99.0,99.0,99.0,3
2024-03-05,98.0999984741211,98.0999984741211,98.0999984741211,98.0999984741211,98.0999984741211,0
2024-03-06,99.13999938964844,99.13999938964844,99.13999938964844,99.13999938964844,99.13999938964844,22019
2024-03-07,99.27999877929688,99.27999877929688,99.27999877929688,94.86000061035156,94.86000061035156,27154
2024-03-08,95.27999877929688,95.27999877929688,101.5,95.27999877929688,99.19999694824219,30104
2024-03-11,95.05999755859375,95.05999755859375,97.52999877929688,94.55000305175781,94.86000061035156,23698
2024-03-12,95.2300033569336,95.2300033569336,95.7699966430664,94.05000305175781,95.05999755859375,20011
2024-03-13,94.9000015258789,94.9000015258789,96.2300033569336,94.5199966430664,95.2300033569336,13685
2024-03-14,93.4800033569336,93.4800033569336,95.54000091552734,93.19999694824219,95.05000305175781,22296
2024-03-15,93.94000244140625,93.94000244140625,94.55000305175781,93.26000213623047,93.62999725341797,14917
2024-03-18,94.56999969482422,94.56999969482422,96.19999694824219,93.80000305175781,93.87999725341797,16245
2024-03-19,93.33999633789062,93.33999633789062,94.6500015258789,92.19000244140625,94.56999969482422,24585
2024-03-20,92.18000030517578,92.18000030517578,93.47000122070312,91.80999755859375,93.41999816894531,16312
2024-03-21,92.20999908447266,92.20999908447266,93.5,91.83999633789062,92.5,16106
2024-03-22,91.52999877929688,91.52999877929688,92.8499984741211,91.41999816894531,92.22000122070312,15275
2024-03-25,92.0199966430664,92.0199966430664,92.30999755859375,90.9800033569336,91.69000244140625,16372
2024-03-26,93.41000366210938,93.41000366210938,94.2699966430664,92.02999877929688,92.02999877929688,18482
2024-03-27,90.7699966430664,90.7699966430664,93.41000366210938,90.55999755859375,93.41000366210938,21775
2024-03-28,91.37999725341797,91.37999725341797,91.97000122070312,90.51000213623047,90.9800033569336,20169
2024-04-01,92.76000213623047,92.76000213623047,92.87999725341797,91.54000091552734,91.56999969482422,12909
2024-04-02,90.80999755859375,90.80999755859375,92.9000015258789,90.69999694824219,92.76000213623047,22771
2024-04-03,88.9800033569336,88.9800033569336,91.1500015258789,88.86000061035156,90.80999755859375,29024
2024-04-04,87.13999938964844,87.13999938964844,89.25,87.0999984741211,88.9000015258789,30417
2024-04-05,86.25,86.25,87.5999984741211,86.16999816894531,87.19999694824219,34886
2024-04-08,86.6500015258789,86.6500015258789,88.23999786376953,86.12000274658203,86.33000183105469,31716
2024-04-09,86.04000091552734,86.04000091552734,87.2300033569336,85.95999908447266,86.79000091552734,32185
2024-04-10,85.30999755859375,85.30999755859375,86.69000244140625,85.25,86.11000061035156,36691
2024-04-11,83.37000274658203,83.37000274658203,85.4800033569336,83.1500015258789,85.33999633789062,28458
2024-04-12,82.62000274658203,82.62000274658203,83.97000122070312,81.69999694824219,83.36000061035156,21652
2024-04-15,82.93000030517578,82.93000030517578,84.2699966430664,82.5999984741211,82.5999984741211,15084
2024-04-16,81.29000091552734,81.29000091552734,83.4000015258789,79.5,83.06999969482422,15199
2024-04-17,79.55999755859375,79.55999755859375,81.94000244140625,79.02999877929688,81.2699966430664,7256
2024-04-18,78.0999984741211,78.0999984741211,79.93000030517578,77.41000366210938,79.6500015258789,8597
2024-04-19,78.69000244140625,78.69000244140625,79.7699966430664,77.86000061035156,78.2699966430664,4183
2024-04-22,80.04000091552734,80.04000091552734,80.36000061035156,78.77999877929688,78.80000305175781,2821
2024-04-23,80.22000122070312,80.22000122070312,80.80999755859375,78.12999725341797,80.0,1221
2024-04-24,79.51000213623047,79.51000213623047,79.51000213623047,79.51000213623047,79.51000213623047,0
2024-04-25,79.58000183105469,79.58000183105469,79.58000183105469,79.58000183105469,79.58000183105469,0
2024-04-26,79.4000015258789,79.4000015258789,80.06999969482422,80.06999969482422,80.06999969482422,1
2024-04-29,80.0199966430664,80.0199966430664,80.18000030517578,80.18000030517578,80.18000030517578,2
2024-04-30,77.91999816894531,77.91999816894531,79.30000305175781,79.30000305175781,79.30000305175781,9
2024-05-01,75.80999755859375,75.80999755859375,75.80999755859375,75.80999755859375,75.80999755859375,0
2024-05-02,74.91999816894531,74.91999816894531,74.91999816894531,74.91999816894531,74.91999816894531,0
2024-05-03,77.36000061035156,77.36000061035156,77.36000061035156,77.36000061035156,77.36000061035156,0
2024-05-06,76.55999755859375,76.55999755859375,76.55999755859375,76.55999755859375,76.55999755859375,1
2024-05-07,77.0,77.0,77.0,77.0,77.0,0
2024-05-08,80.05999755859375,80.05999755859375,80.05999755859375,80.05999755859375,80.05999755859375,28975
2024-05-09,78.5999984741211,78.5999984741211,80.2300033569336,77.77999877929688,80.2300033569336,25699
2024-05-10,77.30999755859375,77.30999755859375,78.58000183105469,76.6500015258789,78.37999725341797,16775
2024-05-13,77.62999725341797,77.62999725341797,78.43000030517578,77.11000061035156,77.44999694824219,14068
2024-05-14,74.62999725341797,74.62999725341797,77.91000366210938,74.62999725341797,77.73999786376953,28504
2024-05-15,75.41000366210938,75.41000366210938,75.91000366210938,73.68000030517578,74.5999984741211,25618
2024-05-16,76.23999786376953,76.23999786376953,77.23999786376953,75.22000122070312,75.63999938964844,18848
2024-05-17,75.88999938964844,75.88999938964844,76.83000183105469,75.55000305175781,75.91999816894531,9604
2024-05-20,76.02999877929688,76.02999877929688,76.9800033569336,75.5,75.91000366210938,13523
2024-05-21,76.37999725341797,76.37999725341797,76.70999908447266,74.9800033569336,76.02999877929688,15887
2024-05-22,79.37999725341797,79.37999725341797,79.37999725341797,76.2300033569336,76.2300033569336,20584
2024-05-23,81.72000122070312,81.72000122070312,82.5999984741211,78.36000061035156,79.37999725341797,38868
2024-05-24,80.5199966430664,80.5199966430664,82.16999816894531,79.52999877929688,81.4000015258789,22721
2024-05-28,82.43000030517578,82.43000030517578,83.19000244140625,80.30000305175781,80.66000366210938,24063
2024-05-29,81.0999984741211,81.0999984741211,82.5,80.25,82.33000183105469,16692
2024-05-30,77.76000213623047,77.76000213623047,82.16999816894531,77.20999908447266,81.08999633789062,26689
2024-05-31,76.1500015258789,76.1500015258789,78.83000183105469,76.06999969482422,78.4800033569336,24767
2024-06-03,73.1500015258789,73.1500015258789,76.52999877929688,73.1500015258789,76.1500015258789,33071
2024-06-04,73.4800033569336,73.4800033569336,74.04000091552734,72.26000213623047,73.1500015258789,27890
2024-06-05,74.44000244140625,74.44000244140625,75.36000061035156,73.4800033569336,73.5999984741211,19144
2024-06-06,75.44000244140625,75.44000244140625,75.91000366210938,73.69999694824219,74.33000183105469,21192
2024-06-07,73.83999633789062,73.83999633789062,76.0,73.54000091552734,75.61000061035156,23032
2024-06-10,71.80999755859375,71.80999755859375,74.27999877929688,71.27999877929688,73.83999633789062,24595
2024-06-11,72.7300033569336,72.7300033569336,73.54000091552734,71.51000213623047,72.11000061035156,19346
2024-06-12,71.73999786376953,71.73999786376953,73.23999786376953,71.5,73.0,18968
2024-06-13,71.3499984741211,71.3499984741211,72.19999694824219,71.30000305175781,71.7300033569336,12084
2024-06-14,70.97000122070312,70.97000122070312,71.81999969482422,70.83999633789062,71.58999633789062,11388
2024-06-17,69.94000244140625,69.94000244140625,71.22000122070312,68.29000091552734,70.8499984741211,12440
2024-06-18,71.02999877929688,71.02999877929688,71.94999694824219,68.9000015258789,70.01000213623047,9937
2024-06-20,70.8499984741211,70.8499984741211,71.9800033569336,70.69000244140625,71.01000213623047,5208
2024-06-21,68.19000244140625,68.19000244140625,71.19999694824219,67.8499984741211,71.05999755859375,4805
2024-06-24,71.29000091552734,71.29000091552734,71.52999877929688,67.9000015258789,67.91999816894531,57
2024-06-25,72.5999984741211,72.5999984741211,73.69000244140625,72.0,72.0,6
2024-06-26,72.69999694824219,72.69999694824219,73.29000091552734,70.08999633789062,73.25,7
2024-06-27,72.0199966430664,72.0199966430664,72.0199966430664,72.0199966430664,72.0199966430664,0
2024-06-28,69.80999755859375,69.80999755859375,69.80999755859375,69.80999755859375,69.80999755859375,24
2024-07-01,70.06999969482422,70.06999969482422,71.9000015258789,71.9000015258789,71.9000015258789,1
2024-07-02,69.33000183105469,69.33000183105469,69.33000183105469,69.33000183105469,69.33000183105469,0
2024-07-03,68.68000030517578,68.68000030517578,68.68000030517578,68.68000030517578,68.68000030517578,0
2024-07-05,67.30999755859375,67.30999755859375,67.30999755859375,67.30999755859375,67.30999755859375,0
2024-07-08,67.31999969482422,67.31999969482422,67.31999969482422,67.31999969482422,67.31999969482422,0
2024-07-09,66.95999908447266,66.95999908447266,66.95999908447266,66.95999908447266,66.95999908447266,32
2024-07-10,69.33000183105469,69.33000183105469,70.25,69.0999984741211,69.2699966430664,77
2024-07-11,69.05999755859375,69.05999755859375,69.93000030517578,68.93000030517578,69.83999633789062,46
2024-07-12,68.91999816894531,68.91999816894531,69.0999984741211,68.30000305175781,69.0999984741211,34
2024-07-15,70.86000061035156,70.86000061035156,71.55999755859375,68.9000015258789,69.33000183105469,64
2024-07-16,70.37000274658203,70.37000274658203,70.94999694824219,69.80999755859375,70.6500015258789,42
2024-07-17,71.12000274658203,71.12000274658203,72.04000091552734,71.0,71.0,28
2024-07-18,71.37000274658203,71.37000274658203,71.5999984741211,71.01000213623047,71.01000213623047,19
2024-07-19,69.9800033569336,69.9800033569336,71.04000091552734,69.93000030517578,70.30999755859375,7
2024-07-22,70.12999725341797,70.12999725341797,70.87000274658203,69.8499984741211,70.12999725341797,28
2024-07-23,68.02999877929688,68.02999877929688,70.63999938964844,67.58999633789062,70.63999938964844,94
2024-07-24,67.01000213623047,67.01000213623047,68.01000213623047,65.9000015258789,68.01000213623047,84
2024-07-25,67.20999908447266,67.20999908447266,67.25,66.23999786376953,66.4000015258789,27
2024-07-26,66.06999969482422,66.06999969482422,66.4000015258789,65.68000030517578,66.4000015258789,9
2024-07-29,67.51000213623047,67.51000213623047,67.73999786376953,66.7699966430664,66.7699966430664,23
2024-07-30,68.1500015258789,68.1500015258789,68.5,67.5199966430664,67.5199966430664,23
2024-07-31,67.9800033569336,67.9800033569336,68.36000061035156,67.16000366210938,68.3499984741211,39
2024-08-01,66.87999725341797,66.87999725341797,68.69999694824219,66.69999694824219,67.5999984741211,13
2024-08-02,67.18000030517578,67.18000030517578,67.93000030517578,66.5199966430664,66.5199966430664,17
2024-08-05,66.55000305175781,66.55000305175781,67.73999786376953,65.68000030517578,67.08999633789062,16
2024-08-06,66.19999694824219,66.19999694824219,66.69000244140625,66.22000122070312,66.69000244140625,7
2024-08-07,66.47000122070312,66.47000122070312,67.0,65.91999816894531,66.0,30
2024-08-08,65.79000091552734,65.79000091552734,66.0999984741211,65.30000305175781,66.06999969482422,17
2024-08-09,67.08999633789062,67.08999633789062,67.4000015258789,66.20999908447266,66.20999908447266,33
2024-08-12,68.29000091552734,68.29000091552734,69.94999694824219,67.55000305175781,67.55000305175781,57
2024-08-13,67.0999984741211,67.0999984741211,67.94999694824219,67.33999633789062,67.80000305175781,23
2024-08-14,66.18000030517578,66.18000030517578,67.55000305175781,66.12000274658203,66.97000122070312,31
2024-08-15,66.33999633789062,66.33999633789062,66.75,66.44999694824219,66.5999984741211,9
2024-08-16,66.45999908447266,66.45999908447266,66.36000061035156,65.77999877929688,66.3499984741211,17
2024-08-19,67.9800033569336,67.9800033569336,68.5,66.77999877929688,66.77999877929688,23
2024-08-20,68.80000305175781,68.80000305175781,69.19000244140625,68.41999816894531,68.55000305175781,18
2024-08-21,69.70999908447266,69.70999908447266,69.75,68.81999969482422,68.81999969482422,51
2024-08-22,69.58999633789062,69.58999633789062,70.87000274658203,68.51000213623047,69.79000091552734,41
2024-08-23,71.29000091552734,71.29000091552734,71.0999984741211,70.41999816894531,70.41999816894531,9
2024-08-26,70.58000183105469,70.58000183105469,71.98999786376953,71.26000213623047,71.97000122070312,12
2024-08-27,70.0199966430664,70.0199966430664,70.91000366210938,69.31999969482422,70.2699966430664,28
2024-08-28,68.73999786376953,68.73999786376953,69.55000305175781,68.5999984741211,69.55000305175781,9
2024-08-29,70.12999725341797,70.12999725341797,70.19999694824219,69.08999633789062,69.5,9
2024-08-30,69.79000091552734,69.79000091552734,69.93000030517578,69.55000305175781,69.93000030517578,10
2024-09-03,70.76000213623047,70.76000213623047,71.70999908447266,69.1500015258789,69.1500015258789,27
2024-09-04,69.88999938964844,69.88999938964844,70.18000030517578,69.37000274658203,69.55000305175781,4
2024-09-05,69.48999786376953,69.48999786376953,70.05000305175781,69.33000183105469,69.9000015258789,5
2024-09-06,67.12000274658203,67.12000274658203,69.0,66.93000030517578,69.0,16
2024-09-09,67.54000091552734,67.54000091552734,68.41000366210938,67.25,67.62000274658203,16
2024-09-10,68.08000183105469,68.08000183105469,68.52999877929688,67.77999877929688,68.47000122070312,5
2024-09-11,69.30999755859375,69.30999755859375,70.6500015258789,68.4000015258789,68.4000015258789,50
2024-09-12,70.05000305175781,70.05000305175781,70.05000305175781,70.05000305175781,70.05000305175781,0
2024-09-13,69.4800033569336,69.4800033569336,69.4800033569336,69.4800033569336,69.4800033569336,2
2024-09-16,71.75,71.75,72.47000122070312,70.0999984741211,70.0999984741211,33
2024-09-17,70.80999755859375,70.80999755859375,71.16000366210938,70.41999816894531,71.16000366210938,33
2024-09-18,69.68000030517578,69.68000030517578,71.0,69.68000030517578,71.0,12
2024-09-19,71.58000183105469,71.58000183105469,70.0199966430664,69.61000061035156,69.61000061035156,12
2024-09-20,72.20999908447266,72.20999908447266,74.58000183105469,71.86000061035156,71.91999816894531,42
2024-09-23,71.69999694824219,71.69999694824219,74.05000305175781,71.62999725341797,74.04000091552734,12
2024-09-24,73.0999984741211,73.0999984741211,73.0999984741211,73.0999984741211,73.0999984741211,0
2024-09-25,74.0199966430664,74.0199966430664,74.4000015258789,74.19999694824219,74.23999786376953,6
2024-09-26,73.86000061035156,73.86000061035156,73.86000061035156,73.86000061035156,73.86000061035156,5
2024-09-27,73.54000091552734,73.54000091552734,73.54000091552734,73.54000091552734,73.54000091552734,0
2024-09-30,73.55999755859375,73.55999755859375,73.55999755859375,73.55999755859375,73.55999755859375,0
2024-10-01,73.0,73.0,73.0,73.0,73.0,0
2024-10-02,73.16000366210938,73.16000366210938,73.16000366210938,73.16000366210938,73.16000366210938,0
2024-10-03,72.48999786376953,72.48999786376953,72.48999786376953,72.48999786376953,72.48999786376953,0
2024-10-04,73.02999877929688,73.02999877929688,73.02999877929688,73.02999877929688,73.02999877929688,10
2024-10-07,73.29000091552734,73.29000091552734,73.29000091552734,73.29000091552734,73.29000091552734,0
2024-10-08,72.02999877929688,72.02999877929688,72.02999877929688,72.02999877929688,72.02999877929688,0
2024-10-09,72.01000213623047,72.01000213623047,72.01000213623047,72.01000213623047,72.01000213623047,17267
2024-10-10,72.66000366210938,72.66000366210938,72.72000122070312,71.75,72.19999694824219,16847
2024-10-11,72.20999908447266,72.20999908447266,73.5,71.76000213623047,72.62000274658203,21777
2024-10-14,71.02999877929688,71.02999877929688,72.19999694824219,70.5999984741211,72.19999694824219,23567
2024-10-15,70.62000274658203,70.62000274658203,71.37999725341797,70.55000305175781,71.05999755859375,15029
2024-10-16,71.26000213623047,71.26000213623047,71.98999786376953,70.62000274658203,70.62000274658203,17861
2024-10-17,70.76000213623047,70.76000213623047,71.5,70.16000366210938,71.27999877929688,23989
2024-10-18,70.98999786376953,70.98999786376953,71.7300033569336,70.80000305175781,70.81999969482422,16221
2024-10-21,72.19999694824219,72.19999694824219,72.5999984741211,71.0,71.05000305175781,24054
2024-10-22,72.08000183105469,72.08000183105469,72.41999816894531,71.72000122070312,72.3499984741211,18925
2024-10-23,72.51000213623047,72.51000213623047,72.75,71.86000061035156,72.08000183105469,16046
2024-10-24,71.52999877929688,71.52999877929688,72.69000244140625,71.25,72.45999908447266,16299
2024-10-25,70.66000366210938,70.66000366210938,71.6500015258789,70.61000061035156,71.45999908447266,20878
2024-10-28,70.36000061035156,70.36000061035156,71.04000091552734,69.93000030517578,70.69000244140625,21182
2024-10-29,70.55999755859375,70.55999755859375,71.11000061035156,70.0,70.36000061035156,17990
2024-10-30,69.91999816894531,69.91999816894531,70.73999786376953,69.77999877929688,70.51000213623047,17633
2024-10-31,69.56999969482422,69.56999969482422,70.12000274658203,69.26000213623047,70.12000274658203,24518
2024-11-01,70.16999816894531,70.16999816894531,71.4000015258789,69.4000015258789,69.61000061035156,33376
2024-11-04,69.93000030517578,69.93000030517578,70.98999786376953,69.70999908447266,70.18000030517578,27017
2024-11-05,69.94999694824219,69.94999694824219,70.18000030517578,69.41999816894531,69.93000030517578,20299
2024-11-06,69.69000244140625,69.69000244140625,70.0,68.94999694824219,69.94999694824219,32812
2024-11-07,71.05000305175781,71.05000305175781,71.18000030517578,69.75,69.75,38882
2024-11-08,70.9800033569336,70.9800033569336,71.36000061035156,70.01000213623047,71.02999877929688,41797
2024-11-11,69.69000244140625,69.69000244140625,71.23999786376953,69.61000061035156,70.97000122070312,36125
2024-11-12,68.7699966430664,68.7699966430664,70.0199966430664,68.72000122070312,69.87999725341797,29252
2024-11-13,68.9000015258789,68.9000015258789,69.04000091552734,67.95999908447266,68.75,24301
2024-11-14,68.31999969482422,68.31999969482422,69.73999786376953,68.2699966430664,68.80000305175781,15821
2024-11-15,66.80000305175781,66.80000305175781,68.37000274658203,66.6500015258789,68.3499984741211,13473
2024-11-18,66.62000274658203,66.62000274658203,67.0999984741211,66.41999816894531,66.83000183105469,12221
2024-11-19,66.88999938964844,66.88999938964844,67.08000183105469,66.0,66.61000061035156,12141
2024-11-20,68.45999908447266,68.45999908447266,68.97000122070312,66.75,66.79000091552734,11708
2024-11-21,69.19000244140625,69.19000244140625,71.45999908447266,68.05000305175781,68.45999908447266,4082
2024-11-22,71.6500015258789,71.6500015258789,71.44999694824219,71.0199966430664,71.0199966430664,559
2024-11-25,73.19999694824219,73.19999694824219,73.33999633789062,71.98999786376953,71.98999786376953,51
2024-11-26,73.37000274658203,73.37000274658203,73.25,72.8499984741211,72.8499984741211,781
2024-11-27,73.56999969482422,73.56999969482422,73.69999694824219,73.47000122070312,73.47000122070312,10
2024-11-29,73.3499984741211,73.3499984741211,73.6500015258789,73.38999938964844,73.62999725341797,4
2024-12-02,72.43000030517578,72.43000030517578,72.43000030517578,72.43000030517578,72.43000030517578,0
2024-12-03,72.69000244140625,72.69000244140625,72.3499984741211,72.3499984741211,72.3499984741211,4
2024-12-04,72.5999984741211,72.5999984741211,72.81999969482422,72.80999755859375,72.80999755859375,187
2024-12-05,72.38999938964844,72.38999938964844,72.94000244140625,72.83999633789062,72.83999633789062,15
2024-12-06,71.4000015258789,71.4000015258789,71.4000015258789,71.4000015258789,71.4000015258789,22621
2024-12-09,69.94999694824219,69.94999694824219,70.75,69.75,70.01000213623047,20505
2024-12-10,69.4800033569336,69.4800033569336,70.16999816894531,69.25,69.94999694824219,22721
2024-12-11,70.1500015258789,70.1500015258789,70.38999938964844,69.05000305175781,69.4800033569336,22937
2024-12-12,70.08999633789062,70.08999633789062,70.47000122070312,69.83999633789062,69.87000274658203,15616
2024-12-13,69.2699966430664,69.2699966430664,70.06999969482422,69.19999694824219,70.0,15256
2024-12-16,69.05999755859375,69.05999755859375,69.91000366210938,69.0199966430664,69.2699966430664,13699
2024-12-17,68.69000244140625,68.69000244140625,69.19000244140625,68.55000305175781,69.05999755859375,20097
2024-12-18,68.08000183105469,68.08000183105469,68.9000015258789,68.05000305175781,68.6500015258789,21110
2024-12-19,67.91000366210938,67.91000366210938,68.33999633789062,67.55999755859375,68.11000061035156,19798
2024-12-20,68.05999755859375,68.05999755859375,68.20999908447266,67.4800033569336,67.91000366210938,18359
2024-12-23,69.41999816894531,69.41999816894531,69.86000061035156,68.1500015258789,68.1500015258789,21944
2024-12-24,68.77999877929688,68.77999877929688,69.6500015258789,68.68000030517578,69.37000274658203,0
2024-12-26,68.75,68.75,69.16999816894531,68.5,68.77999877929688,7666
2024-12-27,68.88999938964844,68.88999938964844,69.0,68.30000305175781,68.66999816894531,8142
2024-12-30,68.4800033569336,68.4800033569336,69.25,68.26000213623047,68.77999877929688,10233
2024-12-31,68.4000015258789,68.4000015258789,68.88999938964844,68.2699966430664,68.5,0
2025-01-02,68.56999969482422,68.56999969482422,69.44000244140625,68.26000213623047,68.4000015258789,16088
2025-01-03,67.66000366210938,67.66000366210938,68.72000122070312,67.62999725341797,68.5,18805
2025-01-06,68.68000030517578,68.68000030517578,68.75,67.76000213623047,67.76000213623047,19355
2025-01-07,68.51000213623047,68.51000213623047,69.1500015258789,68.41000366210938,68.5999984741211,16526
2025-01-08,68.2300033569336,68.2300033569336,68.63999938964844,68.04000091552734,68.5199966430664,15483
2025-01-09,68.5,68.5,68.75,67.86000061035156,68.22000122070312,15851
2025-01-10,67.01000213623047,67.01000213623047,68.69999694824219,66.9000015258789,68.51000213623047,30964
2025-01-13,67.63999938964844,67.63999938964844,67.80999755859375,66.76000213623047,67.08000183105469,30088
2025-01-14,67.5,67.5,67.9800033569336,67.36000061035156,67.63999938964844,18690
2025-01-15,67.7699966430664,67.7699966430664,67.83999633789062,67.27999877929688,67.48999786376953,16479
2025-01-16,66.7300033569336,66.7300033569336,67.7699966430664,66.5999984741211,67.7699966430664,21379
2025-01-17,67.5999984741211,67.5999984741211,67.62999725341797,66.63999938964844,66.80000305175781,24864
2025-01-21,67.66000366210938,67.66000366210938,68.30000305175781,67.36000061035156,67.66000366210938,22951
2025-01-22,67.13999938964844,67.13999938964844,67.95999908447266,67.11000061035156,67.62000274658203,18282
2025-01-23,67.47000122070312,67.47000122070312,67.69999694824219,66.76000213623047,67.13999938964844,17759
2025-01-24,67.61000061035156,67.61000061035156,68.44000244140625,67.45999908447266,67.47000122070312,19029
2025-01-27,67.2699966430664,67.2699966430664,68.16999816894531,67.20999908447266,67.69000244140625,19018
2025-01-28,66.9800033569336,66.9800033569336,67.5999984741211,66.91000366210938,67.30000305175781,17863
2025-01-29,66.66000366210938,66.66000366210938,67.16000366210938,66.62999725341797,67.0,23159
2025-01-30,66.2699966430664,66.2699966430664,66.68000030517578,66.01000213623047,66.66999816894531,27788
2025-01-31,65.87999725341797,65.87999725341797,66.4800033569336,65.69999694824219,66.25,27249
2025-02-03,66.04000091552734,66.04000091552734,66.20999908447266,65.01000213623047,65.56999969482422,40493
2025-02-04,66.94000244140625,66.94000244140625,67.1500015258789,66.04000091552734,66.04000091552734,36669
2025-02-05,66.04000091552734,66.04000091552734,67.30999755859375,65.94000244140625,66.9000015258789,34034
2025-02-06,66.02999877929688,66.02999877929688,66.51000213623047,65.75,66.02999877929688,27669
2025-02-07,65.62999725341797,65.62999725341797,66.5999984741211,65.55999755859375,66.02999877929688,37787
2025-02-10,66.54000091552734,66.54000091552734,67.08000183105469,65.7300033569336,65.7300033569336,37829
2025-02-11,67.4000015258789,67.4000015258789,67.62999725341797,66.56999969482422,66.56999969482422,36959
2025-02-12,67.47000122070312,67.47000122070312,67.97000122070312,67.31999969482422,67.4000015258789,25368
2025-02-13,66.83000183105469,66.83000183105469,67.52999877929688,66.75,67.44999694824219,25450
2025-02-14,67.11000061035156,67.11000061035156,67.7300033569336,66.94000244140625,67.0,15537
2025-02-18,67.51000213623047,67.51000213623047,67.94999694824219,67.22000122070312,67.4000015258789,21687
2025-02-19,66.23999786376953,66.23999786376953,67.58000183105469,66.20999908447266,67.5,17147
2025-02-20,65.97000122070312,65.97000122070312,66.41000366210938,65.80000305175781,66.20999908447266,11853
2025-02-21,66.08000183105469,66.08000183105469,66.25,65.4800033569336,65.97000122070312,5570
2025-02-24,66.51000213623047,66.51000213623047,66.80999755859375,65.87999725341797,65.87999725341797,170
2025-02-25,65.95999908447266,65.95999908447266,66.08000183105469,66.05000305175781,66.05000305175781,24
2025-02-26,65.37000274658203,65.37000274658203,65.94999694824219,65.94999694824219,65.94999694824219,7
2025-02-27,65.19999694824219,65.19999694824219,65.19999694824219,65.19999694824219,65.19999694824219,0
2025-02-28,63.880001068115234,63.880001068115234,64.58000183105469,64.37000274658203,64.37000274658203,43
2025-03-03,64.13999938964844,64.13999938964844,64.69000244140625,64.69000244140625,64.69000244140625,2
2025-03-04,62.040000915527344,62.040000915527344,63.72999954223633,63.45000076293945,63.45000076293945,41
2025-03-05,62.36000061035156,62.36000061035156,61.619998931884766,61.619998931884766,61.619998931884766,8
2025-03-06,63.900001525878906,63.900001525878906,63.900001525878906,63.900001525878906,63.900001525878906,0
2025-03-07,64.76000213623047,64.76000213623047,64.76000213623047,64.76000213623047,64.76000213623047,20350
2025-03-10,66.0,66.0,67.06999969482422,65.62000274658203,66.0,30193
2025-03-11,66.0,66.0,66.7300033569336,65.41999816894531,65.9000015258789,17577
2025-03-12,66.9800033569336,66.9800033569336,67.02999877929688,65.94999694824219,65.94999694824219,20107
2025-03-13,66.52999877929688,66.52999877929688,67.33000183105469,66.41000366210938,67.0,20580
2025-03-14,67.37000274658203,67.37000274658203,67.62999725341797,66.51000213623047,66.51000213623047,22877
2025-03-17,66.9800033569336,66.9800033569336,67.80000305175781,66.80000305175781,67.48999786376953,16432
2025-03-18,66.47000122070312,66.47000122070312,67.08000183105469,66.3499984741211,66.9000015258789,16627
2025-03-19,66.3499984741211,66.3499984741211,66.61000061035156,65.95999908447266,66.44999694824219,15842
2025-03-20,66.08000183105469,66.08000183105469,66.83999633789062,65.76000213623047,66.37999725341797,14617
2025-03-21,65.2699966430664,65.2699966430664,66.41999816894531,65.23999786376953,66.08000183105469,15300
2025-03-24,65.41999816894531,65.41999816894531,65.68000030517578,64.83000183105469,65.38999938964844,17071
2025-03-25,65.13999938964844,65.13999938964844,65.87000274658203,64.87000274658203,65.44000244140625,18370
2025-03-26,65.68000030517578,65.68000030517578,65.98999786376953,65.0199966430664,65.19000244140625,18432
2025-03-27,67.06999969482422,67.06999969482422,67.08999633789062,65.45999908447266,65.68000030517578,27726
2025-03-28,66.9000015258789,66.9000015258789,67.0999984741211,66.5,67.0,23449
2025-03-31,66.83000183105469,66.83000183105469,66.97000122070312,65.98999786376953,66.80000305175781,27548
2025-04-01,68.25,68.25,68.31999969482422,66.4000015258789,66.83000183105469,38086
2025-04-02,67.80000305175781,67.80000305175781,68.58000183105469,67.66000366210938,68.01000213623047,36894
2025-04-03,64.80000305175781,64.80000305175781,66.19000244140625,64.80000305175781,66.05999755859375,36465
2025-04-04,63.36000061035156,63.36000061035156,64.66000366210938,60.79999923706055,64.5999984741211,72060
2025-04-07,65.98999786376953,65.98999786376953,66.1500015258789,61.810001373291016,62.220001220703125,67149
2025-04-08,65.55000305175781,65.55000305175781,66.26000213623047,64.73999786376953,65.94999694824219,47281
2025-04-09,66.62999725341797,66.62999725341797,67.0,64.25,64.70999908447266,56255
2025-04-10,66.47000122070312,66.47000122070312,67.62000274658203,66.18000030517578,66.5999984741211,41847
2025-04-11,65.88999938964844,65.88999938964844,67.13999938964844,65.55999755859375,66.4000015258789,33635
2025-04-14,64.08999633789062,64.08999633789062,66.0999984741211,63.75,66.0,13358
2025-04-15,65.08000183105469,65.08000183105469,65.13999938964844,63.83000183105469,64.25,11328
2025-04-16,65.79000091552734,65.79000091552734,65.98999786376953,64.6500015258789,65.08999633789062,7584
2025-04-17,66.31999969482422,66.31999969482422,66.44000244140625,65.63999938964844,65.72000122070312,0
2025-04-21,65.7699966430664,65.7699966430664,66.80000305175781,65.3499984741211,66.25,6171
2025-04-22,67.04000091552734,67.04000091552734,67.16999816894531,65.43000030517578,65.81999969482422,7488
2025-04-23,68.75,68.75,69.87999725341797,66.94999694824219,67.4000015258789,2580
2025-04-24,67.30000305175781,67.30000305175781,68.86000061035156,66.44000244140625,68.86000061035156,43
2025-04-25,66.8499984741211,66.8499984741211,67.1500015258789,67.1500015258789,67.1500015258789,1
2025-04-28,66.37999725341797,66.37999725341797,66.37999725341797,66.37999725341797,66.37999725341797,0
2025-04-29,66.3499984741211,66.3499984741211,67.12999725341797,66.25,67.12999725341797,7
2025-04-30,65.7699966430664,65.7699966430664,65.80000305175781,65.5,65.80000305175781,9
2025-05-01,65.61000061035156,65.61000061035156,65.61000061035156,65.61000061035156,65.61000061035156,0
2025-05-02,70.18000030517578,70.18000030517578,70.18000030517578,70.18000030517578,70.18000030517578,0
2025-05-05,70.3499984741211,70.3499984741211,70.3499984741211,70.3499984741211,70.3499984741211,4
2025-05-06,71.94000244140625,71.94000244140625,73.5,70.8499984741211,70.8499984741211,9
2025-05-07,70.47000122070312,70.47000122070312,70.47000122070312,70.47000122070312,70.47000122070312,24941
2025-05-08,66.69000244140625,66.69000244140625,67.70999908447266,66.22000122070312,67.37999725341797,21525
2025-05-09,66.61000061035156,66.61000061035156,67.22000122070312,66.4000015258789,66.69000244140625,16362
2025-05-12,66.62999725341797,66.62999725341797,68.88999938964844,66.56999969482422,67.61000061035156,31551
2025-05-13,66.27999877929688,66.27999877929688,67.2300033569336,66.25,66.69999694824219,19981
2025-05-14,65.4800033569336,65.4800033569336,66.70999908447266,65.43000030517578,66.41999816894531,25325
2025-05-15,65.43000030517578,65.43000030517578,65.73999786376953,64.86000061035156,65.52999877929688,24616
2025-05-16,64.88999938964844,64.88999938964844,65.88999938964844,64.75,65.44999694824219,19019
2025-05-19,65.63999938964844,65.63999938964844,66.05000305175781,64.87999725341797,65.0999984741211,21604
2025-05-20,66.12000274658203,66.12000274658203,66.33999633789062,65.22000122070312,65.63999938964844,17916
2025-05-21,66.06999969482422,66.06999969482422,66.38999938964844,65.61000061035156,66.0999984741211,15515
2025-05-22,65.62999725341797,65.62999725341797,66.13999938964844,65.2699966430664,65.95999908447266,15730
2025-05-23,66.11000061035156,66.11000061035156,66.52999877929688,65.30999755859375,65.73999786376953,0
2025-05-27,65.56999969482422,65.56999969482422,66.79000091552734,65.51000213623047,66.0999984741211,21178
2025-05-28,65.33000183105469,65.33000183105469,65.76000213623047,64.91000366210938,65.62000274658203,22877
2025-05-29,64.83999633789062,64.83999633789062,65.80999755859375,64.5999984741211,65.44999694824219,18947
2025-05-30,65.05999755859375,65.05999755859375,65.33000183105469,64.51000213623047,65.02999877929688,20320
2025-06-02,66.12999725341797,66.12999725341797,66.69999694824219,65.12999725341797,65.16000366210938,32827
2025-06-03,66.05000305175781,66.05000305175781,66.36000061035156,65.33000183105469,66.12999725341797,31313
2025-06-04,64.98999786376953,64.98999786376953,66.12999725341797,64.93000030517578,65.98999786376953,21960
2025-06-05,65.36000061035156,65.36000061035156,65.73999786376953,64.70999908447266,65.05000305175781,26931
2025-06-06,65.62000274658203,65.62000274658203,65.97000122070312,65.18000030517578,65.33999633789062,24020
2025-06-09,65.98999786376953,65.98999786376953,66.05000305175781,65.43000030517578,65.55999755859375,32633
2025-06-10,65.41999816894531,65.41999816894531,66.29000091552734,65.33000183105469,66.0,43572
2025-06-11,65.47000122070312,65.47000122070312,65.79000091552734,65.05000305175781,65.30999755859375,26332
2025-06-12,65.13999938964844,65.13999938964844,65.47000122070312,64.69000244140625,65.41000366210938,26281
2025-06-13,65.36000061035156,65.36000061035156,65.5999984741211,64.79000091552734,65.0999984741211,21815
2025-06-16,65.44000244140625,65.44000244140625,65.69999694824219,65.13999938964844,65.36000061035156,14020
2025-06-17,65.05000305175781,65.05000305175781,65.48999786376953,64.94000244140625,65.41999816894531,10277
2025-06-18,64.83999633789062,64.83999633789062,65.27999877929688,64.44999694824219,65.0,0
2025-06-20,64.04000091552734,64.04000091552734,65.0,64.0,64.75,11676
2025-06-23,63.959999084472656,63.959999084472656,64.83000183105469,63.63999938964844,64.05000305175781,4219
2025-06-24,66.01000213623047,66.01000213623047,67.02999877929688,64.66999816894531,64.69999694824219,77
2025-06-25,66.44000244140625,66.44000244140625,67.0199966430664,66.55999755859375,66.55999755859375,5
2025-06-26,67.06999969482422,67.06999969482422,63.59000015258789,63.59000015258789,63.59000015258789,2
2025-06-27,67.5199966430664,67.5199966430664,67.62999725341797,67.62999725341797,67.62999725341797,1
2025-06-30,66.27999877929688,66.27999877929688,66.27999877929688,66.27999877929688,66.27999877929688,0
2025-07-01,66.27999877929688,66.27999877929688,68.0199966430664,68.0199966430664,68.0199966430664,5
2025-07-02,66.7699966430664,66.7699966430664,66.7699966430664,66.7699966430664,66.7699966430664,0
2025-07-03,65.66000366210938,65.66000366210938,65.66000366210938,65.66000366210938,65.66000366210938,0
2025-07-04,65.66000366210938,65.66000366210938,65.66000366210938,65.66000366210938,65.66000366210938,0
2025-07-07,65.38999938964844,65.38999938964844,65.38999938964844,65.38999938964844,65.38999938964844,0
2025-07-08,64.68000030517578,64.68000030517578,64.68000030517578,64.68000030517578,64.68000030517578,0
2025-07-09,64.95999908447266,64.95999908447266,64.95999908447266,64.95999908447266,64.95999908447266,33
2025-07-10,66.25,66.25,66.5999984741211,66.11000061035156,66.5,85
2025-07-11,66.19999694824219,66.19999694824219,66.56999969482422,66.05000305175781,66.56999969482422,8
2025-07-14,66.41000366210938,66.41000366210938,66.58999633789062,66.0,66.0,32
2025-07-15,67.20999908447266,67.20999908447266,67.55000305175781,66.45999908447266,66.4800033569336,103
2025-07-16,66.94999694824219,66.94999694824219,67.69999694824219,66.75,67.69999694824219,64
2025-07-17,67.25,67.25,67.37000274658203,67.12999725341797,67.33000183105469,26
2025-07-18,67.12000274658203,67.12000274658203,67.44999694824219,66.83000183105469,67.37999725341797,29
2025-07-21,66.54000091552734,66.54000091552734,67.0199966430664,66.48999786376953,67.0199966430664,30
2025-07-22,66.58999633789062,66.58999633789062,66.69999694824219,66.25,66.54000091552734,36
2025-07-23,66.62000274658203,66.62000274658203,67.0,66.5999984741211,66.5999984741211,15
2025-07-24,67.33999633789062,67.33999633789062,67.5,66.80000305175781,66.80000305175781,36
2025-07-25,67.01000213623047,67.01000213623047,67.69999694824219,67.11000061035156,67.69999694824219,37
2025-07-28,67.4000015258789,67.4000015258789,67.4000015258789,67.18000030517578,67.25,13
2025-07-29,66.30000305175781,66.30000305175781,67.41999816894531,66.12999725341797,67.2300033569336,55
2025-07-30,65.9000015258789,65.9000015258789,66.2699966430664,65.70999908447266,66.11000061035156,74
2025-07-31,65.61000061035156,65.61000061035156,66.30000305175781,65.5,65.5,65
2025-08-01,64.41999816894531,64.41999816894531,65.4800033569336,64.38999938964844,65.33999633789062,151
2025-08-04,64.55999755859375,64.55999755859375,65.18000030517578,64.4000015258789,64.43000030517578,421
2025-08-05,65.58999633789062,65.58999633789062,65.76000213623047,64.30000305175781,64.30000305175781,112
2025-08-06,65.69999694824219,65.69999694824219,66.25,65.04000091552734,66.0,162
2025-08-07,64.95999908447266,64.95999908447266,66.25,64.87999725341797,66.11000061035156,66
2025-08-08,65.31999969482422,65.31999969482422,65.41000366210938,64.69999694824219,65.19000244140625,19
2025-08-11,65.29000091552734,65.29000091552734,65.88999938964844,65.25,65.4000015258789,13
2025-08-12,67.06999969482422,67.06999969482422,67.33000183105469,65.5,65.5,93
2025-08-13,66.41000366210938,66.41000366210938,66.9000015258789,66.05999755859375,66.87999725341797,142
2025-08-14,66.16999816894531,66.16999816894531,66.45999908447266,66.19000244140625,66.23999786376953,23
2025-08-15,66.0999984741211,66.0999984741211,66.05999755859375,65.6500015258789,65.95999908447266,13
2025-08-18,66.41999816894531,66.41999816894531,66.66999816894531,65.8499984741211,65.93000030517578,65
2025-08-19,66.25,66.25,66.44000244140625,66.08999633789062,66.44000244140625,2
2025-08-20,66.63999938964844,66.63999938964844,66.91999816894531,66.12999725341797,66.3499984741211,74
2025-08-21,65.88999938964844,65.88999938964844,66.29000091552734,65.58000183105469,66.29000091552734,110
2025-08-22,66.43000030517578,66.43000030517578,66.33000183105469,65.80000305175781,65.83999633789062,6
2025-08-25,65.98999786376953,65.98999786376953,66.73999786376953,65.98999786376953,66.73999786376953,82
2025-08-26,65.47000122070312,65.47000122070312,65.5,65.30999755859375,65.5,70
2025-08-27,65.41000366210938,65.41000366210938,65.41000366210938,64.7699966430664,65.29000091552734,211
2025-08-28,66.04000091552734,66.04000091552734,66.08999633789062,65.38999938964844,65.4000015258789,58
2025-08-29,65.20999908447266,65.20999908447266,65.94999694824219,64.94999694824219,65.68000030517578,0
2025-09-02,64.56999969482422,64.56999969482422,65.22000122070312,64.45999908447266,65.0199966430664,10
2025-09-03,64.7300033569336,64.7300033569336,65.33000183105469,64.66999816894531,64.83000183105469,106
2025-09-04,64.69000244140625,64.69000244140625,64.88999938964844,64.7300033569336,64.7300033569336,11
2025-09-05,64.38999938964844,64.38999938964844,64.69000244140625,64.69000244140625,64.69000244140625,14
2025-09-08,64.56999969482422,64.56999969482422,64.75,64.75,64.75,15
2025-09-09,64.6500015258789,64.6500015258789,64.81999969482422,64.66000366210938,64.79000091552734,18
2025-09-10,65.55999755859375,65.55999755859375,65.55999755859375,64.63999938964844,64.7300033569336,224
2025-09-11,65.37000274658203,65.37000274658203,65.36000061035156,65.20999908447266,65.36000061035156,8
2025-09-12,65.19000244140625,65.19000244140625,65.44000244140625,64.91000366210938,65.29000091552734,29
2025-09-15,65.41999816894531,65.41999816894531,65.5,65.0199966430664,65.05000305175781,13
2025-09-16,66.38999938964844,66.38999938964844,66.41999816894531,65.5,65.55999755859375,23
2025-09-17,65.86000061035156,65.86000061035156,66.5,65.83000183105469,66.05000305175781,68
2025-09-18,65.19000244140625,65.19000244140625,65.58000183105469,64.5199966430664,65.58000183105469,57
2025-09-19,64.94000244140625,64.94000244140625,65.51000213623047,64.41000366210938,65.19000244140625,97
2025-09-22,64.31999969482422,64.31999969482422,64.95999908447266,64.16000366210938,64.44000244140625,40
2025-09-23,64.52999877929688,64.52999877929688,64.23999786376953,63.86000061035156,63.86000061035156,17
2025-09-24,64.04000091552734,64.04000091552734,64.2300033569336,64.2300033569336,64.2300033569336,2
2025-09-25,63.83000183105469,63.83000183105469,63.619998931884766,63.619998931884766,63.619998931884766,1
2025-09-26,63.95000076293945,63.95000076293945,63.95000076293945,63.95000076293945,63.95000076293945,0
2025-09-29,63.04999923706055,63.04999923706055,63.04999923706055,63.04999923706055,63.04999923706055,0
2025-09-30,63.31999969482422,63.31999969482422,63.04999923706055,63.04999923706055,63.04999923706055,0
2025-10-01,63.150001525878906,63.150001525878906,63.31999969482422,63.31999969482422,63.31999969482422,0
2025-10-02,62.650001525878906,62.650001525878906,63.150001525878906,63.150001525878906,63.150001525878906,0
2025-10-03,62.86000061035156,62.86000061035156,62.86000061035156,62.86000061035156,62.86000061035156,0
2025-10-06,62.70000076293945,62.70000076293945,62.70000076293945,62.70000076293945,62.70000076293945,0
2025-10-07,62.02000045776367,62.02000045776367,62.02000045776367,62.02000045776367,62.02000045776367,0
2025-10-08,62.470001220703125,62.470001220703125,62.470001220703125,62.470001220703125,62.470001220703125,0
2025-10-09,62.029998779296875,62.029998779296875,62.029998779296875,62.029998779296875,62.029998779296875,25329
2025-10-10,63.84000015258789,63.84000015258789,64.79000091552734,63.2599983215332,64.45999908447266,35795
2025-10-13,63.59000015258789,63.59000015258789,64.41999816894531,63.5,64.0,21665
2025-10-14,63.5099983215332,63.5099983215332,63.70000076293945,62.709999084472656,63.58000183105469,27455
2025-10-15,63.7599983215332,63.7599983215332,64.18000030517578,63.25,63.45000076293945,23552
2025-10-16,63.72999954223633,63.72999954223633,63.95000076293945,63.29999923706055,63.83000183105469,17388
2025-10-17,64.27999877929688,64.27999877929688,64.5,63.459999084472656,63.720001220703125,19562
2025-10-20,64.16000366210938,64.16000366210938,64.77999877929688,64.05000305175781,64.16999816894531,19954
2025-10-21,64.41999816894531,64.41999816894531,64.73999786376953,63.81999969482422,64.16999816894531,18826
2025-10-22,63.7400016784668,63.7400016784668,64.5,63.650001525878906,64.30999755859375,19400
2025-10-23,64.06999969482422,64.06999969482422,64.19999694824219,63.66999816894531,63.66999816894531,15308
2025-10-24,64.19999694824219,64.19999694824219,64.37000274658203,63.810001373291016,64.11000061035156,16606
2025-10-27,64.55999755859375,64.55999755859375,65.3499984741211,64.33999633789062,64.5,25343
2025-10-28,65.05000305175781,65.05000305175781,65.12000274658203,64.37999725341797,64.55999755859375,21596
2025-10-29,66.01000213623047,66.01000213623047,66.0999984741211,64.9000015258789,65.0,39627
2025-10-30,65.12000274658203,65.12000274658203,66.04000091552734,64.54000091552734,65.94999694824219,32682
2025-10-31,65.54000091552734,65.54000091552734,65.5999984741211,64.69999694824219,65.08000183105469,34157
2025-11-03,65.68000030517578,65.68000030517578,66.04000091552734,65.0199966430664,65.8499984741211,36803
2025-11-04,65.19999694824219,65.19999694824219,65.75,65.0999984741211,65.68000030517578,25015
2025-11-05,65.2300033569336,65.2300033569336,65.44000244140625,64.80999755859375,65.37999725341797,29779
2025-11-06,64.54000091552734,64.54000091552734,65.30000305175781,64.45999908447266,65.1500015258789,35470
2025-11-07,63.619998931884766,63.619998931884766,64.73999786376953,63.52000045776367,64.48999786376953,44298
2025-11-10,64.30999755859375,64.30999755859375,64.41000366210938,63.720001220703125,63.7599983215332,44387
2025-11-11,63.880001068115234,63.880001068115234,64.58999633789062,63.83000183105469,64.30999755859375,40198
2025-11-12,63.29999923706055,63.29999923706055,63.9900016784668,62.86000061035156,63.880001068115234,34852
2025-11-13,62.900001525878906,62.900001525878906,63.4900016784668,62.880001068115234,63.29999923706055,23596
2025-11-14,62.4900016784668,62.4900016784668,63.5,62.130001068115234,62.90999984741211,24057
2025-11-17,62.36000061035156,62.36000061035156,62.81999969482422,62.130001068115234,62.5,12946
2025-11-18,62.56999969482422,62.56999969482422,63.0,61.97999954223633,62.36000061035156,15662
2025-11-19,62.29999923706055,62.29999923706055,63.119998931884766,62.27000045776367,62.5,9108
2025-11-20,61.68000030517578,61.68000030517578,63.0,61.2400016784668,62.43000030517578,3582
2025-11-21,61.349998474121094,61.349998474121094,62.66999816894531,60.790000915527344,62.66999816894531,138
2025-11-24,61.439998626708984,61.439998626708984,62.97999954223633,61.27000045776367,61.369998931884766,57
2025-11-25,62.43000030517578,62.43000030517578,62.970001220703125,62.970001220703125,62.970001220703125,23
2025-11-26,62.77000045776367,62.77000045776367,62.77000045776367,62.77000045776367,62.77000045776367,0
2025-11-28,62.90999984741211,62.90999984741211,62.90999984741211,62.90999984741211,62.90999984741211,0
2025-12-01,62.83000183105469,62.83000183105469,62.83000183105469,62.83000183105469,62.83000183105469,0
2025-12-02,62.77000045776367,62.77000045776367,62.77000045776367,62.77000045776367,62.77000045776367,0
2025-12-03,62.65999984741211,62.65999984741211,62.65999984741211,62.65999984741211,62.65999984741211,0
2025-12-04,62.279998779296875,62.279998779296875,62.279998779296875,62.279998779296875,62.279998779296875,0
2025-12-05,62.130001068115234,62.130001068115234,62.130001068115234,62.130001068115234,62.130001068115234,0
2025-12-08,61.880001068115234,61.880001068115234,61.880001068115234,61.880001068115234,61.880001068115234,19971
2025-12-09,63.86000061035156,63.86000061035156,64.05999755859375,63.54999923706055,63.75,17484
2025-12-10,64.12000274658203,64.12000274658203,64.2300033569336,63.810001373291016,63.810001373291016,14986
2025-12-11,63.970001220703125,63.970001220703125,64.3499984741211,63.88999938964844,64.0999984741211,15499
2025-12-12,63.83000183105469,63.83000183105469,64.20999908447266,63.709999084472656,63.86000061035156,18559
2025-12-15,63.939998626708984,63.939998626708984,64.38999938964844,63.83000183105469,63.83000183105469,17137
2025-12-16,63.099998474121094,63.099998474121094,64.08000183105469,62.970001220703125,63.88999938964844,31690
2025-12-17,63.43000030517578,63.43000030517578,63.70000076293945,63.150001525878906,63.150001525878906,20674
2025-12-18,63.5099983215332,63.5099983215332,63.779998779296875,63.2599983215332,63.43000030517578,12482
2025-12-19,63.75,63.75,63.88999938964844,63.45000076293945,63.5099983215332,14965
2025-12-22,63.61000061035156,63.61000061035156,64.0,63.47999954223633,63.75,17890
2025-12-23,64.01000213623047,64.01000213623047,64.30000305175781,63.61000061035156,63.61000061035156,22308
2025-12-24,64.23999786376953,64.23999786376953,64.30000305175781,63.959999084472656,64.01000213623047,0
2025-12-26,64.48999786376953,64.48999786376953,64.80999755859375,64.36000061035156,64.4000015258789,16386
2025-12-29,64.3499984741211,64.3499984741211,64.79000091552734,64.29000091552734,64.45999908447266,17930
2025-12-30,64.31999969482422,64.31999969482422,64.80000305175781,64.19999694824219,64.3499984741211,18588
2025-12-31,64.2699966430664,64.2699966430664,64.52999877929688,63.97999954223633,64.31999969482422,0
2026-01-02,64.01000213623047,64.01000213623047,64.44000244140625,63.68000030517578,64.27999877929688,23254
2026-01-05,64.6500015258789,64.6500015258789,64.87000274658203,64.23999786376953,64.30000305175781,27914
2026-01-06,65.05999755859375,65.05999755859375,65.76000213623047,64.6500015258789,64.6500015258789,44463
2026-01-07,64.8499984741211,64.8499984741211,65.62000274658203,64.80000305175781,65.12000274658203,29724
2026-01-08,64.45999908447266,64.45999908447266,64.91000366210938,64.37999725341797,64.81999969482422,27310
2026-01-09,64.41000366210938,64.41000366210938,64.66000366210938,64.26000213623047,64.41000366210938,23261
2026-01-12,64.91000366210938,64.91000366210938,65.25,64.47000122070312,64.47000122070312,32122
2026-01-13,64.87999725341797,64.87999725341797,65.25,64.8499984741211,64.93000030517578,29112
2026-01-14,64.98999786376953,64.98999786376953,65.19999694824219,64.7699966430664,64.9000015258789,20372
2026-01-15,64.70999908447266,64.70999908447266,65.08999633789062,64.5999984741211,64.9800033569336,20558
2026-01-16,64.66000366210938,64.66000366210938,64.83999633789062,64.51000213623047,64.6500015258789,16603
2026-01-20,64.33999633789062,64.33999633789062,64.97000122070312,64.33000183105469,64.72000122070312,26214
2026-01-21,64.30000305175781,64.30000305175781,64.55999755859375,64.2699966430664,64.3499984741211,19469
2026-01-22,63.880001068115234,63.880001068115234,64.66999816894531,63.810001373291016,64.30000305175781,27770
2026-01-23,63.810001373291016,63.810001373291016,64.1500015258789,63.56999969482422,63.900001525878906,29149
2026-01-26,62.970001220703125,62.970001220703125,64.05999755859375,62.54999923706055,63.84000015258789,49977
2026-01-27,63.83000183105469,63.83000183105469,63.86000061035156,62.7400016784668,62.83000183105469,36660
2026-01-28,63.72999954223633,63.72999954223633,64.4000015258789,63.630001068115234,63.77000045776367,30940
2026-01-29,63.47999954223633,63.47999954223633,64.08999633789062,63.040000915527344,63.72999954223633,24443
2026-01-30,63.16999816894531,63.16999816894531,63.54999923706055,62.91999816894531,63.45000076293945,34824
2026-02-02,62.66999816894531,62.66999816894531,63.209999084472656,62.20000076293945,62.970001220703125,41718
2026-02-03,62.310001373291016,62.310001373291016,62.9900016784668,62.15999984741211,62.849998474121094,38918
2026-02-04,62.2400016784668,62.2400016784668,62.720001220703125,62.150001525878906,62.310001373291016,38393
2026-02-05,61.7599983215332,61.7599983215332,62.5,61.560001373291016,62.220001220703125,33926
2026-02-06,61.060001373291016,61.060001373291016,62.060001373291016,60.900001525878906,61.70000076293945,49509
2026-02-09,61.61000061035156,61.61000061035156,61.779998779296875,60.9900016784668,61.099998474121094,51243
2026-02-10,61.59000015258789,61.59000015258789,62.279998779296875,61.5,61.56999969482422,43410
2026-02-11,61.9900016784668,61.9900016784668,62.22999954223633,61.599998474121094,61.599998474121094,39805
2026-02-12,62.290000915527344,62.290000915527344,62.45000076293945,61.849998474121094,61.9900016784668,29165
2026-02-13,62.11000061035156,62.11000061035156,62.40999984741211,61.70000076293945,62.189998626708984,17965
2026-02-17,61.52000045776367,61.52000045776367,62.20000076293945,61.34000015258789,62.119998931884766,17314
2026-02-18,61.54999923706055,61.54999923706055,61.880001068115234,61.310001373291016,61.310001373291016,20101
2026-02-19,61.93000030517578,61.93000030517578,62.04999923706055,61.45000076293945,61.5099983215332,15167
2026-02-20,63.029998779296875,63.029998779296875,63.380001068115234,61.939998626708984,62.0,5139
2026-02-23,63.560001373291016,63.560001373291016,63.599998474121094,62.66999816894531,63.43000030517578,101
2026-02-24,63.560001373291016,63.560001373291016,64.30999755859375,63.150001525878906,64.11000061035156,21
2026-02-25,64.16999816894531,64.16999816894531,64.80000305175781,64.80000305175781,64.80000305175781,1
2026-02-26,63.36000061035156,63.36000061035156,63.36000061035156,63.36000061035156,63.36000061035156,0
2026-02-27,63.61000061035156,63.61000061035156,63.61000061035156,63.61000061035156,63.61000061035156,0
2026-03-02,62.59000015258789,62.59000015258789,62.59000015258789,62.59000015258789,62.59000015258789,0
2026-03-03,62.040000915527344,62.040000915527344,62.040000915527344,62.040000915527344,62.040000915527344,0
2026-03-04,62.15999984741211,62.15999984741211,62.15999984741211,62.15999984741211,62.15999984741211,0
2026-03-05,63.029998779296875,63.029998779296875,62.81999969482422,60.709999084472656,60.720001220703125,100
2026-03-06,63.189998626708984,63.189998626708984,63.189998626708984,63.189998626708984,63.189998626708984,0
2026-03-09,63.59000015258789,63.59000015258789,63.59000015258789,63.59000015258789,63.59000015258789,33747
2026-03-10,65.30000305175781,65.30000305175781,65.58000183105469,64.5999984741211,64.5999984741211,33956
2026-03-11,65.16999816894531,65.16999816894531,65.77999877929688,65.0999984741211,65.37000274658203,22770
2026-03-12,65.13999938964844,65.13999938964844,65.72000122070312,65.05000305175781,65.19000244140625,24648
2026-03-13,65.8499984741211,65.8499984741211,66.25,65.13999938964844,65.13999938964844,33041
2026-03-16,68.19000244140625,68.19000244140625,68.75,65.9000015258789,65.9000015258789,82807
2026-03-17,68.7699966430664,68.7699966430664,69.22000122070312,67.93000030517578,68.26000213623047,63587
2026-03-18,68.69999694824219,68.69999694824219,69.05999755859375,68.26000213623047,68.69999694824219,39267
2026-03-19,67.66999816894531,67.66999816894531,68.76000213623047,67.51000213623047,68.69999694824219,41317
2026-03-20,67.30999755859375,67.30999755859375,68.20999908447266,67.0999984741211,67.69000244140625,26659
2026-03-23,67.18000030517578,67.18000030517578,67.97000122070312,66.93000030517578,67.5999984741211,33679
2026-03-24,67.62000274658203,67.62000274658203,67.63999938964844,66.6500015258789,67.30000305175781,26086
2026-03-25,68.18000030517578,68.18000030517578,68.37000274658203,67.3499984741211,67.3499984741211,27786
2026-03-26,69.41000366210938,69.41000366210938,69.69999694824219,67.8499984741211,68.18000030517578,44080
2026-03-27,69.45999908447266,69.45999908447266,70.30999755859375,68.87999725341797,69.5,43092
2026-03-30,70.19000244140625,70.19000244140625,70.75,69.4000015258789,69.4800033569336,33702
2026-03-31,70.0,70.0,71.37999725341797,69.86000061035156,70.08999633789062,49593
2026-04-01,70.76000213623047,70.76000213623047,70.87999725341797,68.5999984741211,70.0,49627
2026-04-02,70.91999816894531,70.91999816894531,71.29000091552734,69.97000122070312,70.76000213623047,40131
2026-04-06,71.66999816894531,71.66999816894531,71.93000030517578,70.77999877929688,70.91999816894531,28609
2026-04-07,71.30999755859375,71.30999755859375,72.1500015258789,70.9800033569336,71.5999984741211,36338
2026-04-08,71.66999816894531,71.66999816894531,71.97000122070312,70.30000305175781,70.51000213623047,63242
2026-04-09,73.26000213623047,73.26000213623047,73.33999633789062,70.8499984741211,71.47000122070312,48215
2026-04-10,73.22000122070312,73.22000122070312,73.63999938964844,72.70999908447266,73.26000213623047,45611
2026-04-13,74.52999877929688,74.52999877929688,74.73999786376953,72.6500015258789,73.33000183105469,38295
2026-04-14,74.33999633789062,74.33999633789062,75.05999755859375,74.0199966430664,74.52999877929688,23533
2026-04-15,75.11000061035156,75.11000061035156,75.45999908447266,74.29000091552734,74.30000305175781,14460
2026-04-16,75.69999694824219,75.69999694824219,76.1500015258789,75.08000183105469,75.1500015258789,12563
2026-04-17,77.4000015258789,77.4000015258789,77.5,74.33000183105469,75.73999786376953,11656
2026-04-20,77.5999984741211,77.5999984741211,77.9800033569336,76.43000030517578,77.4000015258789,5060
2026-04-21,78.26000213623047,78.26000213623047,78.51000213623047,77.08999633789062,77.29000091552734,7063
2026-04-22,76.33000183105469,76.33000183105469,79.08999633789062,75.9800033569336,78.1500015258789,3648
2026-04-23,76.80000305175781,76.80000305175781,77.25,75.4000015258789,76.33000183105469,1651
2026-04-24,77.0,77.0,76.95999908447266,76.62999725341797,76.80000305175781,72
2026-04-27,77.33000183105469,77.33000183105469,77.55999755859375,77.55999755859375,77.55999755859375,11
2026-04-28,77.33999633789062,77.33999633789062,77.33999633789062,77.33999633789062,77.33999633789062,0
2026-04-29,76.86000061035156,76.86000061035156,78.66000366210938,78.6500015258789,78.6500015258789,3
2026-04-30,79.86000061035156,79.86000061035156,82.37999725341797,79.5,79.5,3
2026-05-01,81.8499984741211,81.8499984741211,81.8499984741211,81.8499984741211,81.8499984741211,0
2026-05-04,80.58000183105469,80.58000183105469,80.58000183105469,80.58000183105469,80.58000183105469,0
2026-05-05,82.45999908447266,82.45999908447266,83.2300033569336,83.2300033569336,83.2300033569336,1
2026-05-06,81.70999908447266,81.70999908447266,81.70999908447266,81.70999908447266,81.70999908447266,39352
2026-05-07,83.0,83.0,84.18000030517578,81.9000015258789,83.98999786376953,28736
2026-05-08,84.7300033569336,84.7300033569336,84.81999969482422,82.36000061035156,82.75,30136
2026-05-11,87.7699966430664,87.7699966430664,88.25,84.25,84.75,41382
2026-05-12,86.31999969482422,86.31999969482422,88.55000305175781,86.02999877929688,87.9000015258789,51364
2026-05-13,86.80999755859375,86.80999755859375,88.87999725341797,86.1500015258789,86.1500015258789,36527
2026-05-14,83.94000244140625,83.94000244140625,87.36000061035156,82.86000061035156,87.0199966430664,46598
2026-05-15,80.61000061035156,80.61000061035156,84.23999786376953,79.94000244140625,83.9000015258789,61042
2026-05-18,83.69999694824219,83.69999694824219,84.0999984741211,81.04000091552734,81.22000122070312,33703
2026-05-19,82.33000183105469,82.33000183105469,83.9000015258789,81.70999908447266,83.8499984741211,23993
2026-05-20,81.5999984741211,81.5999984741211,82.36000061035156,80.75,82.26000213623047,25027
2026-05-21,77.9800033569336,77.9800033569336,81.54000091552734,77.69999694824219,81.5,40904
2026-05-22,77.41999816894531,77.41999816894531,78.87999725341797,76.83999633789062,78.11000061035156,37017
2026-05-26,77.37000274658203,77.37000274658203,79.08999633789062,76.80000305175781,77.0,28671
2026-05-27,76.16000366210938,76.16000366210938,77.77999877929688,75.72000122070312,77.5,34844
2026-05-28,76.7699966430664,76.7699966430664,77.1500015258789,75.41999816894531,76.0999984741211,31349
2026-05-29,76.1500015258789,76.1500015258789,77.16999816894531,75.87000274658203,76.7699966430664,33959
2026-06-01,76.63999938964844,76.63999938964844,78.1500015258789,76.36000061035156,77.45999908447266,30395
2026-06-02,77.04000091552734,77.04000091552734,78.36000061035156,76.18000030517578,76.66000366210938,28986
2026-06-03,76.7300033569336,76.7300033569336,77.45999908447266,75.9800033569336,77.19000244140625,21793
2026-06-04,74.88999938964844,74.88999938964844,77.1500015258789,74.27999877929688,76.5999984741211,27977
2026-06-05,73.75,73.75,75.31999969482422,73.27999877929688,74.73999786376953,33476
2026-06-08,73.38999938964844,73.38999938964844,74.47000122070312,72.91999816894531,73.75,35578
2026-06-09,71.26000213623047,71.26000213623047,73.86000061035156,71.08000183105469,73.25,40278
2026-06-10,71.0999984741211,71.0999984741211,72.08999633789062,71.01000213623047,71.30000305175781,31893
2026-06-11,72.48999786376953,72.48999786376953,72.75,70.91999816894531,71.0999984741211,36293
2026-06-12,72.94000244140625,72.94000244140625,73.1500015258789,72.30000305175781,72.51000213623047,26503
2026-06-15,73.43000030517578,73.43000030517578,73.5999984741211,72.66999816894531,73.0199966430664,7998
2026-06-16,75.01000213623047,75.01000213623047,75.4000015258789,73.0,73.3499984741211,7673
2026-06-17,76.9000015258789,76.9000015258789,77.95999908447266,75.05000305175781,75.12999725341797,6307
2026-06-18,76.05000305175781,76.05000305175781,76.9000015258789,75.12999725341797,76.5999984741211,5067
2026-06-22,75.20999908447266,75.20999908447266,76.3499984741211,74.5,76.05000305175781,3305
2026-06-23,73.95999908447266,73.95999908447266,75.5,72.30000305175781,75.20999908447266,3071
2026-06-24,72.08999633789062,72.08999633789062,74.61000061035156,72.5,74.61000061035156,3
2026-06-25,73.4000015258789,73.4000015258789,73.4000015258789,73.4000015258789,73.4000015258789,19
2026-06-26,71.66000366210938,71.66000366210938,72.91999816894531,70.66000366210938,72.91000366210938,6
2026-06-29,72.0,72.0,72.0,72.0,72.0,0
2026-06-30,72.22000122070312,72.22000122070312,72.22000122070312,72.22000122070312,72.22000122070312,0
2026-07-01,73.27999877929688,73.27999877929688,73.27999877929688,73.27999877929688,73.27999877929688,0
2026-07-02,72.56999969482422,72.56999969482422,72.56999969482422,72.56999969482422,72.56999969482422,0
2026-07-06,73.94999694824219,73.94999694824219,73.94999694824219,73.94999694824219,73.94999694824219,0
2026-07-07,76.94000244140625,76.94000244140625,76.94000244140625,76.94000244140625,76.94000244140625,0
2026-07-08,76.20999908447266,76.20999908447266,76.20999908447266,76.20999908447266,76.20999908447266,0
2026-07-09,76.16000366210938,76.16000366210938,76.16000366210938,76.16000366210938,76.16000366210938,10
2026-07-10,79.91999816894531,79.91999816894531,79.66999816894531,78.68000030517578,79.23999786376953,15
2026-07-13,79.83000183105469,79.83000183105469,81.08000183105469,79.62000274658203,79.98999786376953,28
2026-07-14,79.5999984741211,79.5999984741211,80.97000122070312,78.9800033569336,80.27999877929688,90
2026-07-15,80.55999755859375,80.55999755859375,81.25,79.23999786376953,79.23999786376953,27
2026-07-16,77.69000244140625,77.69000244140625,79.0,76.5999984741211,79.0,69
2026-07-17,77.06999969482422,77.06999969482422,77.58000183105469,76.63999938964844,76.81999969482422,24
2026-07-20,77.37000274658203,77.37000274658203,78.37999725341797,77.36000061035156,77.44999694824219,22
2026-07-21,78.95999908447266,78.95999908447266,78.83999633789062,78.16000366210938,78.41000366210938,8
2026-07-22,79.87000274658203,79.87000274658203,79.95999908447266,78.76000213623047,78.77999877929688,23
2026-07-23,79.83999633789062,79.83999633789062,80.54000091552734,79.5999984741211,79.5999984741211,22
2026-07-24,78.55000305175781,78.55000305175781,80.12999725341797,78.43000030517578,80.12999725341797,16
2026-07-27,79.33999633789062,79.33999633789062,79.5199966430664,78.20999908447266,78.62999725341797,26
2026-07-28,79.20999908447266,79.20999908447266,79.47000122070312,78.6500015258789,78.9800033569336,32
2026-07-29,78.0199966430664,78.0199966430664,79.44000244140625,77.86000061035156,79.44000244140625,26
2026-07-30,79.41000366210938,79.41000366210938,80.01000213623047,79.25,79.33999633789062,21
2026-07-31,80.5,80.5,80.48999786376953,79.5999984741211,79.75,24
2026-08-03,81.3499984741211,81.3499984741211,81.37999725341797,79.68000030517578,79.9000015258789,26
2026-08-04,81.12999725341797,81.12999725341797,81.25,80.05999755859375,80.77999877929688,16
2026-08-05,81.83999633789062,81.83999633789062,82.2300033569336,81.2699966430664,81.48999786376953,12
2026-08-06,81.95999908447266,81.95999908447266,81.9800033569336,81.79000091552734,81.79000091552734,3
2026-08-07,83.22000122070312,83.22000122070312,83.7300033569336,81.37999725341797,82.22000122070312,73
2026-08-10,82.72000122070312,82.72000122070312,83.36000061035156,82.55999755859375,83.23999786376953,12
2026-08-11,83.08999633789062,83.08999633789062,82.94999694824219,82.52999877929688,82.87999725341797,9
2026-08-12,83.20999908447266,83.20999908447266,83.83000183105469,82.41000366210938,83.33999633789062,12
2026-08-13,82.36000061035156,82.36000061035156,82.9000015258789,81.48999786376953,82.9000015258789,15
2026-08-14,83.5999984741211,83.5999984741211,83.66000366210938,82.30000305175781,82.30000305175781,31
2026-08-17,84.06999969482422,84.06999969482422,84.31999969482422,83.22000122070312,83.7300033569336,32
2026-08-18,84.12000274658203,84.12000274658203,84.94999694824219,83.91999816894531,84.51000213623047,37
2026-08-19,87.0,87.0,86.62000274658203,84.91999816894531,84.91999816894531,10
2026-08-20,87.0199966430664,87.0199966430664,87.3499984741211,86.37999725341797,86.37999725341797,5
2026-08-21,87.06999969482422,87.06999969482422,87.62000274658203,87.12000274658203,87.30000305175781,17
2026-08-24,87.4800033569336,87.4800033569336,87.9000015258789,86.29000091552734,87.05999755859375,30
2026-08-25,87.08000183105469,87.08000183105469,87.16000366210938,86.05000305175781,86.45999908447266,22
2026-08-26,87.7699966430664,87.7699966430664,87.91000366210938,87.11000061035156,87.22000122070312,15
2026-08-27,91.05999755859375,91.05999755859375,91.0,87.55000305175781,88.0999984741211,54
2026-08-28,89.91999816894531,89.91999816894531,91.37999725341797,89.80999755859375,91.30999755859375,47
2026-08-31,91.69999694824219,91.69999694824219,92.1500015258789,89.66999816894531,89.68000030517578,59
2026-09-01,90.01000213623047,90.01000213623047,91.44000244140625,89.76000213623047,91.33999633789062,26
2026-09-02,86.37999725341797,86.37999725341797,87.7300033569336,86.25,87.30000305175781,137
2026-09-03,83.36000061035156,83.36000061035156,85.52999877929688,82.62000274658203,85.52999877929688,63
2026-09-04,82.41999816894531,82.41999816894531,84.0,82.33000183105469,83.30999755859375,6
2026-09-08,82.63999938964844,82.63999938964844,84.0199966430664,82.30999755859375,84.0199966430664,36
2026-09-09,83.7300033569336,83.7300033569336,83.94000244140625,83.62000274658203,83.63999938964844,5
2026-09-10,84.63999938964844,84.63999938964844,85.30999755859375,84.20999908447266,84.63999938964844,8
2026-09-11,82.37999725341797,82.37999725341797,83.75,82.18000030517578,83.44999694824219,7
2026-09-14,80.63999938964844,80.63999938964844,82.77999877929688,80.5,82.69000244140625,24
2026-09-15,81.0999984741211,81.0999984741211,81.04000091552734,80.20999908447266,80.80999755859375,65
2026-09-16,80.44000244140625,80.44000244140625,81.13999938964844,80.41999816894531,81.0,8
2026-09-17,78.41000366210938,78.41000366210938,78.2300033569336,78.2300033569336,78.2300033569336,7
2026-09-18,77.37999725341797,77.37999725341797,78.27999877929688,77.06999969482422,78.27999877929688,12
2026-09-21,79.8499984741211,79.8499984741211,80.51000213623047,77.55999755859375,77.55999755859375,48
2026-09-22,79.69000244140625,79.69000244140625,79.62000274658203,79.0199966430664,79.16000366210938,14
2026-09-23,78.91000366210938,78.91000366210938,80.31999969482422,78.81999969482422,79.19999694824219,27
2026-09-24,79.51000213623047,79.51000213623047,79.51000213623047,79.51000213623047,79.51000213623047,27
